insert into contato(ramal)values('');insert into telefone(tipo, ddd, telefone, id_contato)values('RESIDENCIAL', '11', '55436585', currval('contato_id_seq'));insert into telefone(tipo, ddd, telefone, id_contato)values('COMERCIAL', '','0', currval('contato_id_seq'));insert into endereco (data_inicial_vigencia, endereco, cep)values('2000-01-01','R.CEL CONRADO SIQUEIRA CAMPOS 47 APT 32','4704140');insert into contribuinte(id,  data_cadastro, nome_empresa, id_endereco, id_contato, valor_contribuicao)values(795,'17/06/1999','ESTEPAN GDIKIAN',currval('endereco_id_seq'), currval('contato_id_seq'),180.00);insert into historico_status_contribuinte(data_inicial_vigencia, status)values('2001-01-01','ATIVADO');insert into contribuinte_historico_status_contribuinte(id_contribuinte, id_historico_status_contribuinte)values(795,currval('historico_status_contribuinte_id_seq'));
insert into contato(ramal)values('');insert into telefone(tipo, ddd, telefone, id_contato)values('RESIDENCIAL', '11', '8263744', currval('contato_id_seq'));insert into telefone(tipo, ddd, telefone, id_contato)values('COMERCIAL', '','0', currval('contato_id_seq'));insert into endereco (data_inicial_vigencia, endereco, cep)values('2000-01-01','R NEBRASCA, 39','6850000');insert into contribuinte(id,  data_cadastro, nome_empresa, id_endereco, id_contato, valor_contribuicao)values(796,'17/06/1999','LUCIA HELENA LIMA MOTA',currval('endereco_id_seq'), currval('contato_id_seq'),0.00);insert into historico_status_contribuinte(data_inicial_vigencia, status)values('2001-01-01','ATIVADO');insert into contribuinte_historico_status_contribuinte(id_contribuinte, id_historico_status_contribuinte)values(796,currval('historico_status_contribuinte_id_seq'));
insert into contato(ramal)values('');insert into telefone(tipo, ddd, telefone, id_contato)values('RESIDENCIAL', '', '0', currval('contato_id_seq'));insert into telefone(tipo, ddd, telefone, id_contato)values('COMERCIAL', '','0', currval('contato_id_seq'));insert into endereco (data_inicial_vigencia, endereco, cep)values('2000-01-01','ESTRADA DAS CACHOEIRAS, 250 AP. JB. 42','5356000');insert into contribuinte(id,  data_cadastro, nome_empresa, id_endereco, id_contato, valor_contribuicao)values(797,'18/06/1999','TAISA FERNANDA ROSAS',currval('endereco_id_seq'), currval('contato_id_seq'),0.00);insert into historico_status_contribuinte(data_inicial_vigencia, status)values('2001-01-01','ATIVADO');insert into contribuinte_historico_status_contribuinte(id_contribuinte, id_historico_status_contribuinte)values(797,currval('historico_status_contribuinte_id_seq'));
insert into contato(ramal)values('');insert into telefone(tipo, ddd, telefone, id_contato)values('RESIDENCIAL', '11', '38722098', currval('contato_id_seq'));insert into telefone(tipo, ddd, telefone, id_contato)values('COMERCIAL', '','0', currval('contato_id_seq'));insert into endereco (data_inicial_vigencia, endereco, cep)values('2000-01-01','RUA COTOXO, 265 AP. 32 - POMPEIA','5021000');insert into contribuinte(id,  data_cadastro, nome_empresa, id_endereco, id_contato, valor_contribuicao)values(798,'18/06/1999','MARCIA MARTINI BUENO',currval('endereco_id_seq'), currval('contato_id_seq'),30.00);insert into historico_status_contribuinte(data_inicial_vigencia, status)values('2001-01-01','ATIVADO');insert into contribuinte_historico_status_contribuinte(id_contribuinte, id_historico_status_contribuinte)values(798,currval('historico_status_contribuinte_id_seq'));
insert into contato(ramal)values('');insert into telefone(tipo, ddd, telefone, id_contato)values('RESIDENCIAL', '11', '69522095', currval('contato_id_seq'));insert into telefone(tipo, ddd, telefone, id_contato)values('COMERCIAL', '','0', currval('contato_id_seq'));insert into endereco (data_inicial_vigencia, endereco, cep)values('2000-01-01','R ALFREDO INACIO TRINDADE,55 BL1 AP. 51','2344100');insert into contribuinte(id,  data_cadastro, nome_empresa, id_endereco, id_contato, valor_contribuicao)values(799,'18/06/1999','MARILENA VEIGA',currval('endereco_id_seq'), currval('contato_id_seq'),15.00);insert into historico_status_contribuinte(data_inicial_vigencia, status)values('2001-01-01','ATIVADO');insert into contribuinte_historico_status_contribuinte(id_contribuinte, id_historico_status_contribuinte)values(799,currval('historico_status_contribuinte_id_seq'));
insert into contato(ramal)values('');insert into telefone(tipo, ddd, telefone, id_contato)values('RESIDENCIAL', '11', '31060125', currval('contato_id_seq'));insert into telefone(tipo, ddd, telefone, id_contato)values('COMERCIAL', '','0', currval('contato_id_seq'));insert into endereco (data_inicial_vigencia, endereco, cep)values('2000-01-01','AV. RANGEL PESTANA, 243 8 AND. 85/86','1017000');insert into contribuinte(id,  data_cadastro, nome_empresa, id_endereco, id_contato, valor_contribuicao)values(800,'18/06/1999','BRAULIO ANTONIO LEITE',currval('endereco_id_seq'), currval('contato_id_seq'),0.00);insert into historico_status_contribuinte(data_inicial_vigencia, status)values('2001-01-01','ATIVADO');insert into contribuinte_historico_status_contribuinte(id_contribuinte, id_historico_status_contribuinte)values(800,currval('historico_status_contribuinte_id_seq'));
insert into contato(ramal)values('');insert into telefone(tipo, ddd, telefone, id_contato)values('RESIDENCIAL', '11', '69515217', currval('contato_id_seq'));insert into telefone(tipo, ddd, telefone, id_contato)values('COMERCIAL', '','0', currval('contato_id_seq'));insert into endereco (data_inicial_vigencia, endereco, cep)values('2000-01-01','R. LONTRA, 181 AP. 53','2083030');insert into contribuinte(id,  data_cadastro, nome_empresa, id_endereco, id_contato, valor_contribuicao)values(801,'18/06/1999','FERNANDO ANTONIO CABANAS',currval('endereco_id_seq'), currval('contato_id_seq'),100.00);insert into historico_status_contribuinte(data_inicial_vigencia, status)values('2001-01-01','ATIVADO');insert into contribuinte_historico_status_contribuinte(id_contribuinte, id_historico_status_contribuinte)values(801,currval('historico_status_contribuinte_id_seq'));
insert into contato(ramal)values('');insert into telefone(tipo, ddd, telefone, id_contato)values('RESIDENCIAL', '11', '69766984', currval('contato_id_seq'));insert into telefone(tipo, ddd, telefone, id_contato)values('COMERCIAL', '','0', currval('contato_id_seq'));insert into endereco (data_inicial_vigencia, endereco, cep)values('2000-01-01','R. JOAO MAESTRO GOMES DE ARAUJO, 50 CJ44','2332020');insert into contribuinte(id,  data_cadastro, nome_empresa, id_endereco, id_contato, valor_contribuicao)values(802,'18/06/1999','SOFIA M. CARDOSO DE ALMEIDA CATTACCINI',currval('endereco_id_seq'), currval('contato_id_seq'),50.00);insert into historico_status_contribuinte(data_inicial_vigencia, status)values('2001-01-01','ATIVADO');insert into contribuinte_historico_status_contribuinte(id_contribuinte, id_historico_status_contribuinte)values(802,currval('historico_status_contribuinte_id_seq'));
insert into contato(ramal)values('');insert into telefone(tipo, ddd, telefone, id_contato)values('RESIDENCIAL', '11', '2523726', currval('contato_id_seq'));insert into telefone(tipo, ddd, telefone, id_contato)values('COMERCIAL', '','0', currval('contato_id_seq'));insert into endereco (data_inicial_vigencia, endereco, cep)values('2000-01-01','AL. TACAUNAS, 540 CASA 4','4068021');insert into contribuinte(id,  data_cadastro, nome_empresa, id_endereco, id_contato, valor_contribuicao)values(803,'18/06/1999','VERA LUCIA PEREIRA PESSOA',currval('endereco_id_seq'), currval('contato_id_seq'),30.00);insert into historico_status_contribuinte(data_inicial_vigencia, status)values('2001-01-01','ATIVADO');insert into contribuinte_historico_status_contribuinte(id_contribuinte, id_historico_status_contribuinte)values(803,currval('historico_status_contribuinte_id_seq'));
insert into contato(ramal)values('');insert into telefone(tipo, ddd, telefone, id_contato)values('RESIDENCIAL', '', '0', currval('contato_id_seq'));insert into telefone(tipo, ddd, telefone, id_contato)values('COMERCIAL', '','0', currval('contato_id_seq'));insert into endereco (data_inicial_vigencia, endereco, cep)values('2000-01-01','R. PROF. ARTUR CANDAL, 42','2961120');insert into contribuinte(id,  data_cadastro, nome_empresa, id_endereco, id_contato, valor_contribuicao)values(804,'18/06/1999','LUIS CARLOS BASKAUSKAS',currval('endereco_id_seq'), currval('contato_id_seq'),20.00);insert into historico_status_contribuinte(data_inicial_vigencia, status)values('2001-01-01','ATIVADO');insert into contribuinte_historico_status_contribuinte(id_contribuinte, id_historico_status_contribuinte)values(804,currval('historico_status_contribuinte_id_seq'));
insert into contato(ramal)values('');insert into telefone(tipo, ddd, telefone, id_contato)values('RESIDENCIAL', '', '0', currval('contato_id_seq'));insert into telefone(tipo, ddd, telefone, id_contato)values('COMERCIAL', '','0', currval('contato_id_seq'));insert into endereco (data_inicial_vigencia, endereco, cep)values('2000-01-01','R. HENRIQUE CHAVES, 291, AP. 93B','5372050');insert into contribuinte(id,  data_cadastro, nome_empresa, id_endereco, id_contato, valor_contribuicao)values(805,'18/06/1999','ANGELA CRISTINA VAZ DE CARVALHO',currval('endereco_id_seq'), currval('contato_id_seq'),0.00);insert into historico_status_contribuinte(data_inicial_vigencia, status)values('2001-01-01','ATIVADO');insert into contribuinte_historico_status_contribuinte(id_contribuinte, id_historico_status_contribuinte)values(805,currval('historico_status_contribuinte_id_seq'));
insert into contato(ramal)values('');insert into telefone(tipo, ddd, telefone, id_contato)values('RESIDENCIAL', '', '0', currval('contato_id_seq'));insert into telefone(tipo, ddd, telefone, id_contato)values('COMERCIAL', '','0', currval('contato_id_seq'));insert into endereco (data_inicial_vigencia, endereco, cep)values('2000-01-01','R APINAGES, 1939 AP. 41','1258000');insert into contribuinte(id,  data_cadastro, nome_empresa, id_endereco, id_contato, valor_contribuicao)values(806,'18/06/1999','DESIRRE RAMOS MANSANO',currval('endereco_id_seq'), currval('contato_id_seq'),0.00);insert into historico_status_contribuinte(data_inicial_vigencia, status)values('2001-01-01','ATIVADO');insert into contribuinte_historico_status_contribuinte(id_contribuinte, id_historico_status_contribuinte)values(806,currval('historico_status_contribuinte_id_seq'));
insert into contato(ramal)values('');insert into telefone(tipo, ddd, telefone, id_contato)values('RESIDENCIAL', '11', '56312928', currval('contato_id_seq'));insert into telefone(tipo, ddd, telefone, id_contato)values('COMERCIAL', '','0', currval('contato_id_seq'));insert into endereco (data_inicial_vigencia, endereco, cep)values('2000-01-01','R. TAGUAPACA, 39','4691170');insert into contribuinte(id,  data_cadastro, nome_empresa, id_endereco, id_contato, valor_contribuicao)values(807,'18/06/1999','RAFAEL KASHIWAMURA SCHEFFER',currval('endereco_id_seq'), currval('contato_id_seq'),10.00);insert into historico_status_contribuinte(data_inicial_vigencia, status)values('2001-01-01','ATIVADO');insert into contribuinte_historico_status_contribuinte(id_contribuinte, id_historico_status_contribuinte)values(807,currval('historico_status_contribuinte_id_seq'));
insert into contato(ramal)values('');insert into telefone(tipo, ddd, telefone, id_contato)values('RESIDENCIAL', '11', '41581407', currval('contato_id_seq'));insert into telefone(tipo, ddd, telefone, id_contato)values('COMERCIAL', '','0', currval('contato_id_seq'));insert into endereco (data_inicial_vigencia, endereco, cep)values('2000-01-01','RUA MINERVA, 128 APTO.74 - PERDIZES','5007030');insert into contribuinte(id,  data_cadastro, nome_empresa, id_endereco, id_contato, valor_contribuicao)values(808,'18/06/1999','LAERTE PARDINE SILVA',currval('endereco_id_seq'), currval('contato_id_seq'),100.00);insert into historico_status_contribuinte(data_inicial_vigencia, status)values('2001-01-01','ATIVADO');insert into contribuinte_historico_status_contribuinte(id_contribuinte, id_historico_status_contribuinte)values(808,currval('historico_status_contribuinte_id_seq'));
insert into contato(ramal)values('');insert into telefone(tipo, ddd, telefone, id_contato)values('RESIDENCIAL', '11', '69794500', currval('contato_id_seq'));insert into telefone(tipo, ddd, telefone, id_contato)values('COMERCIAL', '','0', currval('contato_id_seq'));insert into endereco (data_inicial_vigencia, endereco, cep)values('2000-01-01','R SANTO ANSELMO, 474 - JD.SAO BENTO','2525080');insert into contribuinte(id,  data_cadastro, nome_empresa, id_endereco, id_contato, valor_contribuicao)values(809,'18/06/1999','WANDERLEY AMADEU PEDRESCHI',currval('endereco_id_seq'), currval('contato_id_seq'),50.00);insert into historico_status_contribuinte(data_inicial_vigencia, status)values('2001-01-01','ATIVADO');insert into contribuinte_historico_status_contribuinte(id_contribuinte, id_historico_status_contribuinte)values(809,currval('historico_status_contribuinte_id_seq'));
insert into contato(ramal)values('');insert into telefone(tipo, ddd, telefone, id_contato)values('RESIDENCIAL', '11', '8641883', currval('contato_id_seq'));insert into telefone(tipo, ddd, telefone, id_contato)values('COMERCIAL', '','0', currval('contato_id_seq'));insert into endereco (data_inicial_vigencia, endereco, cep)values('2000-01-01','R. TUCUNA, 10 AP. 142','5021019');insert into contribuinte(id,  data_cadastro, nome_empresa, id_endereco, id_contato, valor_contribuicao)values(810,'18/06/1999','ARMANDO RODRIGUES',currval('endereco_id_seq'), currval('contato_id_seq'),0.00);insert into historico_status_contribuinte(data_inicial_vigencia, status)values('2001-01-01','ATIVADO');insert into contribuinte_historico_status_contribuinte(id_contribuinte, id_historico_status_contribuinte)values(810,currval('historico_status_contribuinte_id_seq'));
insert into contato(ramal)values('');insert into telefone(tipo, ddd, telefone, id_contato)values('RESIDENCIAL', '11', '2313544', currval('contato_id_seq'));insert into telefone(tipo, ddd, telefone, id_contato)values('COMERCIAL', '','0', currval('contato_id_seq'));insert into endereco (data_inicial_vigencia, endereco, cep)values('2000-01-01','R.ALVARO LUIZ ROBERTO ASSUMPçAO 102- 212','4618020');insert into contribuinte(id,  data_cadastro, nome_empresa, id_endereco, id_contato, valor_contribuicao)values(811,'18/06/1999','GUILHERME DE FREITAS',currval('endereco_id_seq'), currval('contato_id_seq'),100.00);insert into historico_status_contribuinte(data_inicial_vigencia, status)values('2001-01-01','ATIVADO');insert into contribuinte_historico_status_contribuinte(id_contribuinte, id_historico_status_contribuinte)values(811,currval('historico_status_contribuinte_id_seq'));
insert into contato(ramal)values('');insert into telefone(tipo, ddd, telefone, id_contato)values('RESIDENCIAL', '11', '8536062', currval('contato_id_seq'));insert into telefone(tipo, ddd, telefone, id_contato)values('COMERCIAL', '','0', currval('contato_id_seq'));insert into endereco (data_inicial_vigencia, endereco, cep)values('2000-01-01','R. PEDROSO ALVARENGA, 286 APTO. 16','4531000');insert into contribuinte(id,  data_cadastro, nome_empresa, id_endereco, id_contato, valor_contribuicao)values(812,'18/06/1999','JOSE CARLOS NUNES DE OLIVEIRA',currval('endereco_id_seq'), currval('contato_id_seq'),300.00);insert into historico_status_contribuinte(data_inicial_vigencia, status)values('2001-01-01','ATIVADO');insert into contribuinte_historico_status_contribuinte(id_contribuinte, id_historico_status_contribuinte)values(812,currval('historico_status_contribuinte_id_seq'));
insert into contato(ramal)values('');insert into telefone(tipo, ddd, telefone, id_contato)values('RESIDENCIAL', '', '0', currval('contato_id_seq'));insert into telefone(tipo, ddd, telefone, id_contato)values('COMERCIAL', '','0', currval('contato_id_seq'));insert into endereco (data_inicial_vigencia, endereco, cep)values('2000-01-01','AV MIRUNA, 560','4084002');insert into contribuinte(id,  data_cadastro, nome_empresa, id_endereco, id_contato, valor_contribuicao)values(1,'01/12/1995','ADIB HANNA',currval('endereco_id_seq'), currval('contato_id_seq'),0.00);insert into historico_status_contribuinte(data_inicial_vigencia, status)values('2001-01-01','ATIVADO');insert into contribuinte_historico_status_contribuinte(id_contribuinte, id_historico_status_contribuinte)values(1,currval('historico_status_contribuinte_id_seq'));
insert into contato(ramal)values('');insert into telefone(tipo, ddd, telefone, id_contato)values('RESIDENCIAL', '11', '8427687', currval('contato_id_seq'));insert into telefone(tipo, ddd, telefone, id_contato)values('COMERCIAL', '11','325336', currval('contato_id_seq'));insert into endereco (data_inicial_vigencia, endereco, cep)values('2000-01-01','R. JOSE BONIFACIO, 278','1003');insert into contribuinte(id,  data_cadastro, nome_empresa, id_endereco, id_contato, valor_contribuicao)values(2,'01/12/1995','DOMINGOS DAMIA',currval('endereco_id_seq'), currval('contato_id_seq'),0.00);insert into historico_status_contribuinte(data_inicial_vigencia, status)values('2001-01-01','ATIVADO');insert into contribuinte_historico_status_contribuinte(id_contribuinte, id_historico_status_contribuinte)values(2,currval('historico_status_contribuinte_id_seq'));
insert into contato(ramal)values('');insert into telefone(tipo, ddd, telefone, id_contato)values('RESIDENCIAL', '', '0', currval('contato_id_seq'));insert into telefone(tipo, ddd, telefone, id_contato)values('COMERCIAL', '92','941645', currval('contato_id_seq'));insert into endereco (data_inicial_vigencia, endereco, cep)values('2000-01-01','R. MATO GROSSO, 246','13940000');insert into contribuinte(id,  data_cadastro, nome_empresa, id_endereco, id_contato, valor_contribuicao)values(3,'01/12/1995','IMOB. AGUAS DE LINDOIA S/C LTDA',currval('endereco_id_seq'), currval('contato_id_seq'),0.00);insert into historico_status_contribuinte(data_inicial_vigencia, status)values('2001-01-01','ATIVADO');insert into contribuinte_historico_status_contribuinte(id_contribuinte, id_historico_status_contribuinte)values(3,currval('historico_status_contribuinte_id_seq'));
insert into contato(ramal)values('');insert into telefone(tipo, ddd, telefone, id_contato)values('RESIDENCIAL', '11', '2638091', currval('contato_id_seq'));insert into telefone(tipo, ddd, telefone, id_contato)values('COMERCIAL', '','0', currval('contato_id_seq'));insert into endereco (data_inicial_vigencia, endereco, cep)values('2000-01-01','R MONTE ALEGRE, 1294 - APTO. 22','5014001');insert into contribuinte(id,  data_cadastro, nome_empresa, id_endereco, id_contato, valor_contribuicao)values(4,'01/12/1995','OTAVIO SANTIAGO MELARAGNO',currval('endereco_id_seq'), currval('contato_id_seq'),0.00);insert into historico_status_contribuinte(data_inicial_vigencia, status)values('2001-01-01','ATIVADO');insert into contribuinte_historico_status_contribuinte(id_contribuinte, id_historico_status_contribuinte)values(4,currval('historico_status_contribuinte_id_seq'));
insert into contato(ramal)values('');insert into telefone(tipo, ddd, telefone, id_contato)values('RESIDENCIAL', '', '0', currval('contato_id_seq'));insert into telefone(tipo, ddd, telefone, id_contato)values('COMERCIAL', '11','2882747', currval('contato_id_seq'));insert into endereco (data_inicial_vigencia, endereco, cep)values('2000-01-01','R. ALVORADO, 488','4550002');insert into contribuinte(id,  data_cadastro, nome_empresa, id_endereco, id_contato, valor_contribuicao)values(5,'01/12/1995','EDUARDO DE BARROS PIMENTEL',currval('endereco_id_seq'), currval('contato_id_seq'),0.00);insert into historico_status_contribuinte(data_inicial_vigencia, status)values('2001-01-01','ATIVADO');insert into contribuinte_historico_status_contribuinte(id_contribuinte, id_historico_status_contribuinte)values(5,currval('historico_status_contribuinte_id_seq'));
insert into contato(ramal)values('');insert into telefone(tipo, ddd, telefone, id_contato)values('RESIDENCIAL', '', '0', currval('contato_id_seq'));insert into telefone(tipo, ddd, telefone, id_contato)values('COMERCIAL', '11','2882747', currval('contato_id_seq'));insert into endereco (data_inicial_vigencia, endereco, cep)values('2000-01-01','AV. MARIA AMALIA LOPES DE AZEVEDO, 104','2350000');insert into contribuinte(id,  data_cadastro, nome_empresa, id_endereco, id_contato, valor_contribuicao)values(6,'01/12/1995','CARMEN MARIA NOVELLO',currval('endereco_id_seq'), currval('contato_id_seq'),0.00);insert into historico_status_contribuinte(data_inicial_vigencia, status)values('2001-01-01','ATIVADO');insert into contribuinte_historico_status_contribuinte(id_contribuinte, id_historico_status_contribuinte)values(6,currval('historico_status_contribuinte_id_seq'));
insert into contato(ramal)values('');insert into telefone(tipo, ddd, telefone, id_contato)values('RESIDENCIAL', '', '0', currval('contato_id_seq'));insert into telefone(tipo, ddd, telefone, id_contato)values('COMERCIAL', '','0', currval('contato_id_seq'));insert into endereco (data_inicial_vigencia, endereco, cep)values('2000-01-01','R. GAL. FONSECA TELES, 606','1433020');insert into contribuinte(id,  data_cadastro, nome_empresa, id_endereco, id_contato, valor_contribuicao)values(8,'01/12/1995','ALEXANDRE BUMBLIS',currval('endereco_id_seq'), currval('contato_id_seq'),0.00);insert into historico_status_contribuinte(data_inicial_vigencia, status)values('2001-01-01','ATIVADO');insert into contribuinte_historico_status_contribuinte(id_contribuinte, id_historico_status_contribuinte)values(8,currval('historico_status_contribuinte_id_seq'));
insert into contato(ramal)values('');insert into telefone(tipo, ddd, telefone, id_contato)values('RESIDENCIAL', '', '0', currval('contato_id_seq'));insert into telefone(tipo, ddd, telefone, id_contato)values('COMERCIAL', '11','2894288', currval('contato_id_seq'));insert into endereco (data_inicial_vigencia, endereco, cep)values('2000-01-01','AV. PAULISTA, 509 - 18 AND. CONJ. 1810','1311000');insert into contribuinte(id,  data_cadastro, nome_empresa, id_endereco, id_contato, valor_contribuicao)values(10,'01/12/1995','ANTONIO MARCOS MORENO',currval('endereco_id_seq'), currval('contato_id_seq'),0.00);insert into historico_status_contribuinte(data_inicial_vigencia, status)values('2001-01-01','ATIVADO');insert into contribuinte_historico_status_contribuinte(id_contribuinte, id_historico_status_contribuinte)values(10,currval('historico_status_contribuinte_id_seq'));
insert into contato(ramal)values('');insert into telefone(tipo, ddd, telefone, id_contato)values('RESIDENCIAL', '11', '37550447', currval('contato_id_seq'));insert into telefone(tipo, ddd, telefone, id_contato)values('COMERCIAL', '','0', currval('contato_id_seq'));insert into endereco (data_inicial_vigencia, endereco, cep)values('2000-01-01','PROF. ALEXANDRE CORREIA 310 APTO 81','5657230');insert into contribuinte(id,  data_cadastro, nome_empresa, id_endereco, id_contato, valor_contribuicao)values(11,'01/12/1995','ANTONIO ROBERTO DE MATOS',currval('endereco_id_seq'), currval('contato_id_seq'),0.00);insert into historico_status_contribuinte(data_inicial_vigencia, status)values('2001-01-01','ATIVADO');insert into contribuinte_historico_status_contribuinte(id_contribuinte, id_historico_status_contribuinte)values(11,currval('historico_status_contribuinte_id_seq'));
insert into contato(ramal)values('');insert into telefone(tipo, ddd, telefone, id_contato)values('RESIDENCIAL', '', '0', currval('contato_id_seq'));insert into telefone(tipo, ddd, telefone, id_contato)values('COMERCIAL', '','0', currval('contato_id_seq'));insert into endereco (data_inicial_vigencia, endereco, cep)values('2000-01-01','R. DONA EPONIMA AFONSECA, 226','4720010');insert into contribuinte(id,  data_cadastro, nome_empresa, id_endereco, id_contato, valor_contribuicao)values(12,'01/12/1995','ARAKEN A. GOMES',currval('endereco_id_seq'), currval('contato_id_seq'),50.00);insert into historico_status_contribuinte(data_inicial_vigencia, status)values('2001-01-01','ATIVADO');insert into contribuinte_historico_status_contribuinte(id_contribuinte, id_historico_status_contribuinte)values(12,currval('historico_status_contribuinte_id_seq'));
insert into contato(ramal)values('');insert into telefone(tipo, ddd, telefone, id_contato)values('RESIDENCIAL', '', '0', currval('contato_id_seq'));insert into telefone(tipo, ddd, telefone, id_contato)values('COMERCIAL', '','0', currval('contato_id_seq'));insert into endereco (data_inicial_vigencia, endereco, cep)values('2000-01-01','R. IPANEMA, 21/802','22631390');insert into contribuinte(id,  data_cadastro, nome_empresa, id_endereco, id_contato, valor_contribuicao)values(13,'01/12/1995','ARY CALDEIRA',currval('endereco_id_seq'), currval('contato_id_seq'),0.00);insert into historico_status_contribuinte(data_inicial_vigencia, status)values('2001-01-01','ATIVADO');insert into contribuinte_historico_status_contribuinte(id_contribuinte, id_historico_status_contribuinte)values(13,currval('historico_status_contribuinte_id_seq'));
insert into contato(ramal)values('');insert into telefone(tipo, ddd, telefone, id_contato)values('RESIDENCIAL', '11', '2872555', currval('contato_id_seq'));insert into telefone(tipo, ddd, telefone, id_contato)values('COMERCIAL', '','0', currval('contato_id_seq'));insert into endereco (data_inicial_vigencia, endereco, cep)values('2000-01-01','R. FAUSTO FERRAZ, 119 - APTO. 111','1333030');insert into contribuinte(id,  data_cadastro, nome_empresa, id_endereco, id_contato, valor_contribuicao)values(14,'01/12/1995','ARY COSTA VALENTE',currval('endereco_id_seq'), currval('contato_id_seq'),0.00);insert into historico_status_contribuinte(data_inicial_vigencia, status)values('2001-01-01','ATIVADO');insert into contribuinte_historico_status_contribuinte(id_contribuinte, id_historico_status_contribuinte)values(14,currval('historico_status_contribuinte_id_seq'));
insert into contato(ramal)values('');insert into telefone(tipo, ddd, telefone, id_contato)values('RESIDENCIAL', '16', '8161835', currval('contato_id_seq'));insert into telefone(tipo, ddd, telefone, id_contato)values('COMERCIAL', '','0', currval('contato_id_seq'));insert into endereco (data_inicial_vigencia, endereco, cep)values('2000-01-01','R.TENENTE AVIADOR MOTA LIMA 259','5516030');insert into contribuinte(id,  data_cadastro, nome_empresa, id_endereco, id_contato, valor_contribuicao)values(15,'01/12/1995','ALBERTO WALENDZUS',currval('endereco_id_seq'), currval('contato_id_seq'),50.00);insert into historico_status_contribuinte(data_inicial_vigencia, status)values('2001-01-01','ATIVADO');insert into contribuinte_historico_status_contribuinte(id_contribuinte, id_historico_status_contribuinte)values(15,currval('historico_status_contribuinte_id_seq'));
insert into contato(ramal)values('');insert into telefone(tipo, ddd, telefone, id_contato)values('RESIDENCIAL', '11', '0', currval('contato_id_seq'));insert into telefone(tipo, ddd, telefone, id_contato)values('COMERCIAL', '11','64616235', currval('contato_id_seq'));insert into endereco (data_inicial_vigencia, endereco, cep)values('2000-01-01','RUA FRANCISCO FAREL, 209','5436070');insert into contribuinte(id,  data_cadastro, nome_empresa, id_endereco, id_contato, valor_contribuicao)values(16,'01/12/1995','ANTONIO ALUIZIO RUSSO',currval('endereco_id_seq'), currval('contato_id_seq'),0.00);insert into historico_status_contribuinte(data_inicial_vigencia, status)values('2001-01-01','ATIVADO');insert into contribuinte_historico_status_contribuinte(id_contribuinte, id_historico_status_contribuinte)values(16,currval('historico_status_contribuinte_id_seq'));
insert into contato(ramal)values('');insert into telefone(tipo, ddd, telefone, id_contato)values('RESIDENCIAL', '', '38362370', currval('contato_id_seq'));insert into telefone(tipo, ddd, telefone, id_contato)values('COMERCIAL', '11','64616245', currval('contato_id_seq'));insert into endereco (data_inicial_vigencia, endereco, cep)values('2000-01-01','R DR.ODON CARLOS FIQUEIREDO FERRAZ,222','5121000');insert into contribuinte(id,  data_cadastro, nome_empresa, id_endereco, id_contato, valor_contribuicao)values(17,'01/12/1995','ANTONIO FERNANDES FILHO',currval('endereco_id_seq'), currval('contato_id_seq'),0.00);insert into historico_status_contribuinte(data_inicial_vigencia, status)values('2001-01-01','ATIVADO');insert into contribuinte_historico_status_contribuinte(id_contribuinte, id_historico_status_contribuinte)values(17,currval('historico_status_contribuinte_id_seq'));
insert into contato(ramal)values('');insert into telefone(tipo, ddd, telefone, id_contato)values('RESIDENCIAL', '11', '8325987', currval('contato_id_seq'));insert into telefone(tipo, ddd, telefone, id_contato)values('COMERCIAL', '','0', currval('contato_id_seq'));insert into endereco (data_inicial_vigencia, endereco, cep)values('2000-01-01','RUA DOMINGOS SAVIO, 137 APTO 81','5455040');insert into contribuinte(id,  data_cadastro, nome_empresa, id_endereco, id_contato, valor_contribuicao)values(18,'01/12/1995','ANTONIO G. DEPIERI',currval('endereco_id_seq'), currval('contato_id_seq'),0.00);insert into historico_status_contribuinte(data_inicial_vigencia, status)values('2001-01-01','ATIVADO');insert into contribuinte_historico_status_contribuinte(id_contribuinte, id_historico_status_contribuinte)values(18,currval('historico_status_contribuinte_id_seq'));
insert into contato(ramal)values('');insert into telefone(tipo, ddd, telefone, id_contato)values('RESIDENCIAL', '', '0', currval('contato_id_seq'));insert into telefone(tipo, ddd, telefone, id_contato)values('COMERCIAL', '','0', currval('contato_id_seq'));insert into endereco (data_inicial_vigencia, endereco, cep)values('2000-01-01','R SIRIA, 549','3086040');insert into contribuinte(id,  data_cadastro, nome_empresa, id_endereco, id_contato, valor_contribuicao)values(19,'01/12/1995','BERENICE MARCHETTI BUSTELLI',currval('endereco_id_seq'), currval('contato_id_seq'),0.00);insert into historico_status_contribuinte(data_inicial_vigencia, status)values('2001-01-01','ATIVADO');insert into contribuinte_historico_status_contribuinte(id_contribuinte, id_historico_status_contribuinte)values(19,currval('historico_status_contribuinte_id_seq'));
insert into contato(ramal)values('6395');insert into telefone(tipo, ddd, telefone, id_contato)values('RESIDENCIAL', '11', '30242010', currval('contato_id_seq'));insert into telefone(tipo, ddd, telefone, id_contato)values('COMERCIAL', '','0', currval('contato_id_seq'));insert into endereco (data_inicial_vigencia, endereco, cep)values('2000-01-01','AV DAS NACOES UNIDAS,4777-13.AND','5477000');insert into contribuinte(id,  data_cadastro, nome_empresa, id_endereco, id_contato, valor_contribuicao)values(20,'01/12/1995','CARLOS EDUARDO DEPIERI',currval('endereco_id_seq'), currval('contato_id_seq'),200.00);insert into historico_status_contribuinte(data_inicial_vigencia, status)values('2001-01-01','ATIVADO');insert into contribuinte_historico_status_contribuinte(id_contribuinte, id_historico_status_contribuinte)values(20,currval('historico_status_contribuinte_id_seq'));
insert into contato(ramal)values('');insert into telefone(tipo, ddd, telefone, id_contato)values('RESIDENCIAL', '11', '66016302', currval('contato_id_seq'));insert into telefone(tipo, ddd, telefone, id_contato)values('COMERCIAL', '','0', currval('contato_id_seq'));insert into endereco (data_inicial_vigencia, endereco, cep)values('2000-01-01','R. PORTO FELIZ, 89 - MOOCA','3180090');insert into contribuinte(id,  data_cadastro, nome_empresa, id_endereco, id_contato, valor_contribuicao)values(21,'01/12/1995','MARIA CELESTE S. FIGUEIREDO',currval('endereco_id_seq'), currval('contato_id_seq'),15.00);insert into historico_status_contribuinte(data_inicial_vigencia, status)values('2001-01-01','ATIVADO');insert into contribuinte_historico_status_contribuinte(id_contribuinte, id_historico_status_contribuinte)values(21,currval('historico_status_contribuinte_id_seq'));
insert into contato(ramal)values('');insert into telefone(tipo, ddd, telefone, id_contato)values('RESIDENCIAL', '', '0', currval('contato_id_seq'));insert into telefone(tipo, ddd, telefone, id_contato)values('COMERCIAL', '11','8852400', currval('contato_id_seq'));insert into endereco (data_inicial_vigencia, endereco, cep)values('2000-01-01','R. AUREA, 54 - APTO. 181','4015070');insert into contribuinte(id,  data_cadastro, nome_empresa, id_endereco, id_contato, valor_contribuicao)values(23,'01/12/1995','CLAUDIO FELIPPE ANAUATE',currval('endereco_id_seq'), currval('contato_id_seq'),0.00);insert into historico_status_contribuinte(data_inicial_vigencia, status)values('2001-01-01','ATIVADO');insert into contribuinte_historico_status_contribuinte(id_contribuinte, id_historico_status_contribuinte)values(23,currval('historico_status_contribuinte_id_seq'));
insert into contato(ramal)values('');insert into telefone(tipo, ddd, telefone, id_contato)values('RESIDENCIAL', '', '0', currval('contato_id_seq'));insert into telefone(tipo, ddd, telefone, id_contato)values('COMERCIAL', '','0', currval('contato_id_seq'));insert into endereco (data_inicial_vigencia, endereco, cep)values('2000-01-01','R. PINDORAMA, 22 - APTO. 71','11045530');insert into contribuinte(id,  data_cadastro, nome_empresa, id_endereco, id_contato, valor_contribuicao)values(24,'01/12/1995','CONCEPCION BLANCO PEREZ',currval('endereco_id_seq'), currval('contato_id_seq'),0.00);insert into historico_status_contribuinte(data_inicial_vigencia, status)values('2001-01-01','ATIVADO');insert into contribuinte_historico_status_contribuinte(id_contribuinte, id_historico_status_contribuinte)values(24,currval('historico_status_contribuinte_id_seq'));
insert into contato(ramal)values('');insert into telefone(tipo, ddd, telefone, id_contato)values('RESIDENCIAL', '11', '659151', currval('contato_id_seq'));insert into telefone(tipo, ddd, telefone, id_contato)values('COMERCIAL', '11','263', currval('contato_id_seq'));insert into endereco (data_inicial_vigencia, endereco, cep)values('2000-01-01','R DR HOMEM DE MELLO, 439-6 ANDAR PERDIZE','5007001');insert into contribuinte(id,  data_cadastro, nome_empresa, id_endereco, id_contato, valor_contribuicao)values(25,'01/12/1995','DAGOBERTO DE C. BRANDAO',currval('endereco_id_seq'), currval('contato_id_seq'),300.00);insert into historico_status_contribuinte(data_inicial_vigencia, status)values('2001-01-01','ATIVADO');insert into contribuinte_historico_status_contribuinte(id_contribuinte, id_historico_status_contribuinte)values(25,currval('historico_status_contribuinte_id_seq'));
insert into contato(ramal)values('');insert into telefone(tipo, ddd, telefone, id_contato)values('RESIDENCIAL', '', '38844329', currval('contato_id_seq'));insert into telefone(tipo, ddd, telefone, id_contato)values('COMERCIAL', '','0', currval('contato_id_seq'));insert into endereco (data_inicial_vigencia, endereco, cep)values('2000-01-01','R.ABILIO SOARES, 1363-APTO. 21 - PARAISO','4005005');insert into contribuinte(id,  data_cadastro, nome_empresa, id_endereco, id_contato, valor_contribuicao)values(26,'01/12/1995','DANTE GONCALVES MARTINS',currval('endereco_id_seq'), currval('contato_id_seq'),150.00);insert into historico_status_contribuinte(data_inicial_vigencia, status)values('2001-01-01','ATIVADO');insert into contribuinte_historico_status_contribuinte(id_contribuinte, id_historico_status_contribuinte)values(26,currval('historico_status_contribuinte_id_seq'));
insert into contato(ramal)values('');insert into telefone(tipo, ddd, telefone, id_contato)values('RESIDENCIAL', '', '0', currval('contato_id_seq'));insert into telefone(tipo, ddd, telefone, id_contato)values('COMERCIAL', '','0', currval('contato_id_seq'));insert into endereco (data_inicial_vigencia, endereco, cep)values('2000-01-01','R. CAMPOS NOVOS, 74 - APTO. 104','22620400');insert into contribuinte(id,  data_cadastro, nome_empresa, id_endereco, id_contato, valor_contribuicao)values(27,'01/12/1995','DEMETRIO HABIB',currval('endereco_id_seq'), currval('contato_id_seq'),0.00);insert into historico_status_contribuinte(data_inicial_vigencia, status)values('2001-01-01','ATIVADO');insert into contribuinte_historico_status_contribuinte(id_contribuinte, id_historico_status_contribuinte)values(27,currval('historico_status_contribuinte_id_seq'));
insert into contato(ramal)values('');insert into telefone(tipo, ddd, telefone, id_contato)values('RESIDENCIAL', '11', '8641363', currval('contato_id_seq'));insert into telefone(tipo, ddd, telefone, id_contato)values('COMERCIAL', '','0', currval('contato_id_seq'));insert into endereco (data_inicial_vigencia, endereco, cep)values('2000-01-01','R CAMPEVAS, 698 - APTO. 22','5016010');insert into contribuinte(id,  data_cadastro, nome_empresa, id_endereco, id_contato, valor_contribuicao)values(28,'01/12/1995','DENNIS RAMOS PINTO',currval('endereco_id_seq'), currval('contato_id_seq'),0.00);insert into historico_status_contribuinte(data_inicial_vigencia, status)values('2001-01-01','ATIVADO');insert into contribuinte_historico_status_contribuinte(id_contribuinte, id_historico_status_contribuinte)values(28,currval('historico_status_contribuinte_id_seq'));
insert into contato(ramal)values('');insert into telefone(tipo, ddd, telefone, id_contato)values('RESIDENCIAL', '11', '9654199', currval('contato_id_seq'));insert into telefone(tipo, ddd, telefone, id_contato)values('COMERCIAL', '','0', currval('contato_id_seq'));insert into endereco (data_inicial_vigencia, endereco, cep)values('2000-01-01','R. ORATORIO, 3105','3195100');insert into contribuinte(id,  data_cadastro, nome_empresa, id_endereco, id_contato, valor_contribuicao)values(29,'01/12/1995','DORIVAL STEVAN',currval('endereco_id_seq'), currval('contato_id_seq'),20.00);insert into historico_status_contribuinte(data_inicial_vigencia, status)values('2001-01-01','ATIVADO');insert into contribuinte_historico_status_contribuinte(id_contribuinte, id_historico_status_contribuinte)values(29,currval('historico_status_contribuinte_id_seq'));
insert into contato(ramal)values('');insert into telefone(tipo, ddd, telefone, id_contato)values('RESIDENCIAL', '', '36675613', currval('contato_id_seq'));insert into telefone(tipo, ddd, telefone, id_contato)values('COMERCIAL', '','0', currval('contato_id_seq'));insert into endereco (data_inicial_vigencia, endereco, cep)values('2000-01-01','AV. HIGIENOPOLIS, 318 - APTO. 104','1238000');insert into contribuinte(id,  data_cadastro, nome_empresa, id_endereco, id_contato, valor_contribuicao)values(30,'01/12/1995','ECLA PANNAIN FONSECA',currval('endereco_id_seq'), currval('contato_id_seq'),0.00);insert into historico_status_contribuinte(data_inicial_vigencia, status)values('2001-01-01','ATIVADO');insert into contribuinte_historico_status_contribuinte(id_contribuinte, id_historico_status_contribuinte)values(30,currval('historico_status_contribuinte_id_seq'));
insert into contato(ramal)values('');insert into telefone(tipo, ddd, telefone, id_contato)values('RESIDENCIAL', '', '2610238', currval('contato_id_seq'));insert into telefone(tipo, ddd, telefone, id_contato)values('COMERCIAL', '','0', currval('contato_id_seq'));insert into endereco (data_inicial_vigencia, endereco, cep)values('2000-01-01','R JOAO FRAISSAT, 204','5048040');insert into contribuinte(id,  data_cadastro, nome_empresa, id_endereco, id_contato, valor_contribuicao)values(31,'01/12/1995','ELISEU LORENZI NETO',currval('endereco_id_seq'), currval('contato_id_seq'),0.00);insert into historico_status_contribuinte(data_inicial_vigencia, status)values('2001-01-01','ATIVADO');insert into contribuinte_historico_status_contribuinte(id_contribuinte, id_historico_status_contribuinte)values(31,currval('historico_status_contribuinte_id_seq'));
insert into contato(ramal)values('');insert into telefone(tipo, ddd, telefone, id_contato)values('RESIDENCIAL', '11', '4924673', currval('contato_id_seq'));insert into telefone(tipo, ddd, telefone, id_contato)values('COMERCIAL', '','0', currval('contato_id_seq'));insert into endereco (data_inicial_vigencia, endereco, cep)values('2000-01-01','R. TOURO, 233 - PALLOS VERDES','6709655');insert into contribuinte(id,  data_cadastro, nome_empresa, id_endereco, id_contato, valor_contribuicao)values(32,'01/12/1995','ELLY BRUHNS LIBUTTI',currval('endereco_id_seq'), currval('contato_id_seq'),0.00);insert into historico_status_contribuinte(data_inicial_vigencia, status)values('2001-01-01','ATIVADO');insert into contribuinte_historico_status_contribuinte(id_contribuinte, id_historico_status_contribuinte)values(32,currval('historico_status_contribuinte_id_seq'));
insert into contato(ramal)values('');insert into telefone(tipo, ddd, telefone, id_contato)values('RESIDENCIAL', '', '0', currval('contato_id_seq'));insert into telefone(tipo, ddd, telefone, id_contato)values('COMERCIAL', '','0', currval('contato_id_seq'));insert into endereco (data_inicial_vigencia, endereco, cep)values('2000-01-01','R SANTA CATARINA, 420','3086020');insert into contribuinte(id,  data_cadastro, nome_empresa, id_endereco, id_contato, valor_contribuicao)values(33,'01/12/1995','ELZA CONSTANZO',currval('endereco_id_seq'), currval('contato_id_seq'),0.00);insert into historico_status_contribuinte(data_inicial_vigencia, status)values('2001-01-01','ATIVADO');insert into contribuinte_historico_status_contribuinte(id_contribuinte, id_historico_status_contribuinte)values(33,currval('historico_status_contribuinte_id_seq'));
insert into contato(ramal)values('');insert into telefone(tipo, ddd, telefone, id_contato)values('RESIDENCIAL', '', '0', currval('contato_id_seq'));insert into telefone(tipo, ddd, telefone, id_contato)values('COMERCIAL', '11','64616462', currval('contato_id_seq'));insert into endereco (data_inicial_vigencia, endereco, cep)values('2000-01-01','RODOVIA PRESIDENTE DUTRA KM 222,2','7034904');insert into contribuinte(id,  data_cadastro, nome_empresa, id_endereco, id_contato, valor_contribuicao)values(34,'01/12/1995','EMY AYAKO OGAWA',currval('endereco_id_seq'), currval('contato_id_seq'),0.00);insert into historico_status_contribuinte(data_inicial_vigencia, status)values('2001-01-01','ATIVADO');insert into contribuinte_historico_status_contribuinte(id_contribuinte, id_historico_status_contribuinte)values(34,currval('historico_status_contribuinte_id_seq'));
insert into contato(ramal)values('');insert into telefone(tipo, ddd, telefone, id_contato)values('RESIDENCIAL', '11', '78611616', currval('contato_id_seq'));insert into telefone(tipo, ddd, telefone, id_contato)values('COMERCIAL', '','0', currval('contato_id_seq'));insert into endereco (data_inicial_vigencia, endereco, cep)values('2000-01-01','R. MORRO DOS VENTOS, 100 - VIC. NUNES','12960000');insert into contribuinte(id,  data_cadastro, nome_empresa, id_endereco, id_contato, valor_contribuicao)values(35,'01/12/1995','IDA DIONISIO PENALVA',currval('endereco_id_seq'), currval('contato_id_seq'),0.00);insert into historico_status_contribuinte(data_inicial_vigencia, status)values('2001-01-01','ATIVADO');insert into contribuinte_historico_status_contribuinte(id_contribuinte, id_historico_status_contribuinte)values(35,currval('historico_status_contribuinte_id_seq'));
insert into contato(ramal)values('');insert into telefone(tipo, ddd, telefone, id_contato)values('RESIDENCIAL', '', '0', currval('contato_id_seq'));insert into telefone(tipo, ddd, telefone, id_contato)values('COMERCIAL', '11','858', currval('contato_id_seq'));insert into endereco (data_inicial_vigencia, endereco, cep)values('2000-01-01','AV. PROF. IDA KOLB,225-APTO. 182-BL. 10','2508910');insert into contribuinte(id,  data_cadastro, nome_empresa, id_endereco, id_contato, valor_contribuicao)values(36,'01/12/1995','FERNANDA MARCASSA DE FARIA LEAL',currval('endereco_id_seq'), currval('contato_id_seq'),50.00);insert into historico_status_contribuinte(data_inicial_vigencia, status)values('2001-01-01','ATIVADO');insert into contribuinte_historico_status_contribuinte(id_contribuinte, id_historico_status_contribuinte)values(36,currval('historico_status_contribuinte_id_seq'));
insert into contato(ramal)values('');insert into telefone(tipo, ddd, telefone, id_contato)values('RESIDENCIAL', '', '0', currval('contato_id_seq'));insert into telefone(tipo, ddd, telefone, id_contato)values('COMERCIAL', '','0', currval('contato_id_seq'));insert into endereco (data_inicial_vigencia, endereco, cep)values('2000-01-01','AV. MARECHAL RONDON, 271','7030060');insert into contribuinte(id,  data_cadastro, nome_empresa, id_endereco, id_contato, valor_contribuicao)values(37,'01/12/1995','FRANCISCO CARLOS GARDENAL',currval('endereco_id_seq'), currval('contato_id_seq'),0.00);insert into historico_status_contribuinte(data_inicial_vigencia, status)values('2001-01-01','ATIVADO');insert into contribuinte_historico_status_contribuinte(id_contribuinte, id_historico_status_contribuinte)values(37,currval('historico_status_contribuinte_id_seq'));
insert into contato(ramal)values('');insert into telefone(tipo, ddd, telefone, id_contato)values('RESIDENCIAL', '', '0', currval('contato_id_seq'));insert into telefone(tipo, ddd, telefone, id_contato)values('COMERCIAL', '','0', currval('contato_id_seq'));insert into endereco (data_inicial_vigencia, endereco, cep)values('2000-01-01','R. LUIZ GOES, 2070','4043200');insert into contribuinte(id,  data_cadastro, nome_empresa, id_endereco, id_contato, valor_contribuicao)values(38,'01/12/1995','FUAD HANNA',currval('endereco_id_seq'), currval('contato_id_seq'),0.00);insert into historico_status_contribuinte(data_inicial_vigencia, status)values('2001-01-01','ATIVADO');insert into contribuinte_historico_status_contribuinte(id_contribuinte, id_historico_status_contribuinte)values(38,currval('historico_status_contribuinte_id_seq'));
insert into contato(ramal)values('');insert into telefone(tipo, ddd, telefone, id_contato)values('RESIDENCIAL', '11', '64803111', currval('contato_id_seq'));insert into telefone(tipo, ddd, telefone, id_contato)values('COMERCIAL', '','0', currval('contato_id_seq'));insert into endereco (data_inicial_vigencia, endereco, cep)values('2000-01-01','RUA PROFESSOR SALEM,1081/1301','7243580');insert into contribuinte(id,  data_cadastro, nome_empresa, id_endereco, id_contato, valor_contribuicao)values(39,'01/12/1995','GIOVANE O.BASTOS',currval('endereco_id_seq'), currval('contato_id_seq'),150.00);insert into historico_status_contribuinte(data_inicial_vigencia, status)values('2001-01-01','ATIVADO');insert into contribuinte_historico_status_contribuinte(id_contribuinte, id_historico_status_contribuinte)values(39,currval('historico_status_contribuinte_id_seq'));
insert into contato(ramal)values('');insert into telefone(tipo, ddd, telefone, id_contato)values('RESIDENCIAL', '', '0', currval('contato_id_seq'));insert into telefone(tipo, ddd, telefone, id_contato)values('COMERCIAL', '','0', currval('contato_id_seq'));insert into endereco (data_inicial_vigencia, endereco, cep)values('2000-01-01','R CARDOSO DE ALMEIDA, 60 - CONJ. 71','5013000');insert into contribuinte(id,  data_cadastro, nome_empresa, id_endereco, id_contato, valor_contribuicao)values(40,'01/12/1995','GRAVETO REPRESENTACOES COM. LTDA',currval('endereco_id_seq'), currval('contato_id_seq'),0.00);insert into historico_status_contribuinte(data_inicial_vigencia, status)values('2001-01-01','ATIVADO');insert into contribuinte_historico_status_contribuinte(id_contribuinte, id_historico_status_contribuinte)values(40,currval('historico_status_contribuinte_id_seq'));
insert into contato(ramal)values('');insert into telefone(tipo, ddd, telefone, id_contato)values('RESIDENCIAL', '', '0', currval('contato_id_seq'));insert into telefone(tipo, ddd, telefone, id_contato)values('COMERCIAL', '11','64616109', currval('contato_id_seq'));insert into endereco (data_inicial_vigencia, endereco, cep)values('2000-01-01','RODOVIA PRESIDENTE DUTRA KM 222,2','7034904');insert into contribuinte(id,  data_cadastro, nome_empresa, id_endereco, id_contato, valor_contribuicao)values(41,'01/12/1995','HAMILTON TURELLI',currval('endereco_id_seq'), currval('contato_id_seq'),0.00);insert into historico_status_contribuinte(data_inicial_vigencia, status)values('2001-01-01','ATIVADO');insert into contribuinte_historico_status_contribuinte(id_contribuinte, id_historico_status_contribuinte)values(41,currval('historico_status_contribuinte_id_seq'));
insert into contato(ramal)values('');insert into telefone(tipo, ddd, telefone, id_contato)values('RESIDENCIAL', '', '0', currval('contato_id_seq'));insert into telefone(tipo, ddd, telefone, id_contato)values('COMERCIAL', '','0', currval('contato_id_seq'));insert into endereco (data_inicial_vigencia, endereco, cep)values('2000-01-01','R BAHIA, 543 - 21 ANDAR - APTO. 211','1244001');insert into contribuinte(id,  data_cadastro, nome_empresa, id_endereco, id_contato, valor_contribuicao)values(42,'01/12/1995','HCM COMERCIO E REPRESENTACOES S/C LTDA',currval('endereco_id_seq'), currval('contato_id_seq'),0.00);insert into historico_status_contribuinte(data_inicial_vigencia, status)values('2001-01-01','ATIVADO');insert into contribuinte_historico_status_contribuinte(id_contribuinte, id_historico_status_contribuinte)values(42,currval('historico_status_contribuinte_id_seq'));
insert into contato(ramal)values('');insert into telefone(tipo, ddd, telefone, id_contato)values('RESIDENCIAL', '', '0', currval('contato_id_seq'));insert into telefone(tipo, ddd, telefone, id_contato)values('COMERCIAL', '','0', currval('contato_id_seq'));insert into endereco (data_inicial_vigencia, endereco, cep)values('2000-01-01','AL. SARAPUI, 208','6485120');insert into contribuinte(id,  data_cadastro, nome_empresa, id_endereco, id_contato, valor_contribuicao)values(43,'01/12/1995','HILDA BUDAVARI',currval('endereco_id_seq'), currval('contato_id_seq'),0.00);insert into historico_status_contribuinte(data_inicial_vigencia, status)values('2001-01-01','ATIVADO');insert into contribuinte_historico_status_contribuinte(id_contribuinte, id_historico_status_contribuinte)values(43,currval('historico_status_contribuinte_id_seq'));
insert into contato(ramal)values('');insert into telefone(tipo, ddd, telefone, id_contato)values('RESIDENCIAL', '', '0', currval('contato_id_seq'));insert into telefone(tipo, ddd, telefone, id_contato)values('COMERCIAL', '11','2613247', currval('contato_id_seq'));insert into endereco (data_inicial_vigencia, endereco, cep)values('2000-01-01','R CAIAPOS, 198','5094000');insert into contribuinte(id,  data_cadastro, nome_empresa, id_endereco, id_contato, valor_contribuicao)values(44,'01/12/1995','HUGO MARIOTTI',currval('endereco_id_seq'), currval('contato_id_seq'),0.00);insert into historico_status_contribuinte(data_inicial_vigencia, status)values('2001-01-01','ATIVADO');insert into contribuinte_historico_status_contribuinte(id_contribuinte, id_historico_status_contribuinte)values(44,currval('historico_status_contribuinte_id_seq'));
insert into contato(ramal)values('');insert into telefone(tipo, ddd, telefone, id_contato)values('RESIDENCIAL', '11', '2460719', currval('contato_id_seq'));insert into telefone(tipo, ddd, telefone, id_contato)values('COMERCIAL', '','0', currval('contato_id_seq'));insert into endereco (data_inicial_vigencia, endereco, cep)values('2000-01-01','R.MIN ALVARO DE SOUSA LIMA,253 BL2 AP302','4664020');insert into contribuinte(id,  data_cadastro, nome_empresa, id_endereco, id_contato, valor_contribuicao)values(45,'01/12/1995','INGRID RUTH BEISSEL',currval('endereco_id_seq'), currval('contato_id_seq'),15.00);insert into historico_status_contribuinte(data_inicial_vigencia, status)values('2001-01-01','ATIVADO');insert into contribuinte_historico_status_contribuinte(id_contribuinte, id_historico_status_contribuinte)values(45,currval('historico_status_contribuinte_id_seq'));
insert into contato(ramal)values('');insert into telefone(tipo, ddd, telefone, id_contato)values('RESIDENCIAL', '', '0', currval('contato_id_seq'));insert into telefone(tipo, ddd, telefone, id_contato)values('COMERCIAL', '11','2400611', currval('contato_id_seq'));insert into endereco (data_inicial_vigencia, endereco, cep)values('2000-01-01','R. QUINTANA, 206','4569010');insert into contribuinte(id,  data_cadastro, nome_empresa, id_endereco, id_contato, valor_contribuicao)values(46,'01/12/1995','JAIME ALBERTO MACHADO NOGUEIRA',currval('endereco_id_seq'), currval('contato_id_seq'),0.00);insert into historico_status_contribuinte(data_inicial_vigencia, status)values('2001-01-01','ATIVADO');insert into contribuinte_historico_status_contribuinte(id_contribuinte, id_historico_status_contribuinte)values(46,currval('historico_status_contribuinte_id_seq'));
insert into contato(ramal)values('');insert into telefone(tipo, ddd, telefone, id_contato)values('RESIDENCIAL', '', '0', currval('contato_id_seq'));insert into telefone(tipo, ddd, telefone, id_contato)values('COMERCIAL', '','0', currval('contato_id_seq'));insert into endereco (data_inicial_vigencia, endereco, cep)values('2000-01-01','R. CANDIDO ESPINHEIRA, 823 - APTO. 92','5004000');insert into contribuinte(id,  data_cadastro, nome_empresa, id_endereco, id_contato, valor_contribuicao)values(47,'01/12/1995','JAIME B.GAMA',currval('endereco_id_seq'), currval('contato_id_seq'),0.00);insert into historico_status_contribuinte(data_inicial_vigencia, status)values('2001-01-01','ATIVADO');insert into contribuinte_historico_status_contribuinte(id_contribuinte, id_historico_status_contribuinte)values(47,currval('historico_status_contribuinte_id_seq'));
insert into contato(ramal)values('');insert into telefone(tipo, ddd, telefone, id_contato)values('RESIDENCIAL', '', '0', currval('contato_id_seq'));insert into telefone(tipo, ddd, telefone, id_contato)values('COMERCIAL', '','0', currval('contato_id_seq'));insert into endereco (data_inicial_vigencia, endereco, cep)values('2000-01-01','R. PAULISTANIA, 471','5440001');insert into contribuinte(id,  data_cadastro, nome_empresa, id_endereco, id_contato, valor_contribuicao)values(48,'01/12/1995','JAMES RUBIO',currval('endereco_id_seq'), currval('contato_id_seq'),0.00);insert into historico_status_contribuinte(data_inicial_vigencia, status)values('2001-01-01','ATIVADO');insert into contribuinte_historico_status_contribuinte(id_contribuinte, id_historico_status_contribuinte)values(48,currval('historico_status_contribuinte_id_seq'));
insert into contato(ramal)values('');insert into telefone(tipo, ddd, telefone, id_contato)values('RESIDENCIAL', '11', '26793540', currval('contato_id_seq'));insert into telefone(tipo, ddd, telefone, id_contato)values('COMERCIAL', '11','8298594', currval('contato_id_seq'));insert into endereco (data_inicial_vigencia, endereco, cep)values('2000-01-01','R DESEMBARGADOR AMORIM LIMA, 148 10 AND','5613030');insert into contribuinte(id,  data_cadastro, nome_empresa, id_endereco, id_contato, valor_contribuicao)values(49,'01/12/1995','JOAO BAPTISTA RAIMO JUNIOR',currval('endereco_id_seq'), currval('contato_id_seq'),380.00);insert into historico_status_contribuinte(data_inicial_vigencia, status)values('2001-01-01','ATIVADO');insert into contribuinte_historico_status_contribuinte(id_contribuinte, id_historico_status_contribuinte)values(49,currval('historico_status_contribuinte_id_seq'));
insert into contato(ramal)values('');insert into telefone(tipo, ddd, telefone, id_contato)values('RESIDENCIAL', '11', '38656671', currval('contato_id_seq'));insert into telefone(tipo, ddd, telefone, id_contato)values('COMERCIAL', '','0', currval('contato_id_seq'));insert into endereco (data_inicial_vigencia, endereco, cep)values('2000-01-01','RUA CEL. MELO DE OLIVEIRA, 95 - AP. 81','5011040');insert into contribuinte(id,  data_cadastro, nome_empresa, id_endereco, id_contato, valor_contribuicao)values(50,'01/12/1995','JOAO TAVARES',currval('endereco_id_seq'), currval('contato_id_seq'),0.00);insert into historico_status_contribuinte(data_inicial_vigencia, status)values('2001-01-01','ATIVADO');insert into contribuinte_historico_status_contribuinte(id_contribuinte, id_historico_status_contribuinte)values(50,currval('historico_status_contribuinte_id_seq'));
insert into contato(ramal)values('');insert into telefone(tipo, ddd, telefone, id_contato)values('RESIDENCIAL', '', '26219417', currval('contato_id_seq'));insert into telefone(tipo, ddd, telefone, id_contato)values('COMERCIAL', '11','9572045', currval('contato_id_seq'));insert into endereco (data_inicial_vigencia, endereco, cep)values('2000-01-01','RUA JATAUBA, 29','3729140');insert into contribuinte(id,  data_cadastro, nome_empresa, id_endereco, id_contato, valor_contribuicao)values(51,'01/12/1995','JOAQUIM CARDOSO DE OLIVEIRA',currval('endereco_id_seq'), currval('contato_id_seq'),10.00);insert into historico_status_contribuinte(data_inicial_vigencia, status)values('2001-01-01','ATIVADO');insert into contribuinte_historico_status_contribuinte(id_contribuinte, id_historico_status_contribuinte)values(51,currval('historico_status_contribuinte_id_seq'));
insert into contato(ramal)values('');insert into telefone(tipo, ddd, telefone, id_contato)values('RESIDENCIAL', '', '0', currval('contato_id_seq'));insert into telefone(tipo, ddd, telefone, id_contato)values('COMERCIAL', '','0', currval('contato_id_seq'));insert into endereco (data_inicial_vigencia, endereco, cep)values('2000-01-01','RODOVIA PRESIDENTE DUTRA KM 227','7034904');insert into contribuinte(id,  data_cadastro, nome_empresa, id_endereco, id_contato, valor_contribuicao)values(52,'01/12/1995','JORGE ALBERTO ALVES DE SA',currval('endereco_id_seq'), currval('contato_id_seq'),40.00);insert into historico_status_contribuinte(data_inicial_vigencia, status)values('2001-01-01','ATIVADO');insert into contribuinte_historico_status_contribuinte(id_contribuinte, id_historico_status_contribuinte)values(52,currval('historico_status_contribuinte_id_seq'));
insert into contato(ramal)values('');insert into telefone(tipo, ddd, telefone, id_contato)values('RESIDENCIAL', '11', '8138795', currval('contato_id_seq'));insert into telefone(tipo, ddd, telefone, id_contato)values('COMERCIAL', '','0', currval('contato_id_seq'));insert into endereco (data_inicial_vigencia, endereco, cep)values('2000-01-01','R. ALBERTO TANGANELLI NETO, 364','5540030');insert into contribuinte(id,  data_cadastro, nome_empresa, id_endereco, id_contato, valor_contribuicao)values(53,'01/12/1995','JOSE DE ARIMATHEIA OLIVEIRA',currval('endereco_id_seq'), currval('contato_id_seq'),10.00);insert into historico_status_contribuinte(data_inicial_vigencia, status)values('2001-01-01','ATIVADO');insert into contribuinte_historico_status_contribuinte(id_contribuinte, id_historico_status_contribuinte)values(53,currval('historico_status_contribuinte_id_seq'));
insert into contato(ramal)values('');insert into telefone(tipo, ddd, telefone, id_contato)values('RESIDENCIAL', '', '0', currval('contato_id_seq'));insert into telefone(tipo, ddd, telefone, id_contato)values('COMERCIAL', '','0', currval('contato_id_seq'));insert into endereco (data_inicial_vigencia, endereco, cep)values('2000-01-01','R. CAP. JOAO ROSA DA CRUZ, 154','3179080');insert into contribuinte(id,  data_cadastro, nome_empresa, id_endereco, id_contato, valor_contribuicao)values(54,'01/12/1995','JOSE FLAVIO PARDO',currval('endereco_id_seq'), currval('contato_id_seq'),0.00);insert into historico_status_contribuinte(data_inicial_vigencia, status)values('2001-01-01','ATIVADO');insert into contribuinte_historico_status_contribuinte(id_contribuinte, id_historico_status_contribuinte)values(54,currval('historico_status_contribuinte_id_seq'));
insert into contato(ramal)values('');insert into telefone(tipo, ddd, telefone, id_contato)values('RESIDENCIAL', '11', '2099796', currval('contato_id_seq'));insert into telefone(tipo, ddd, telefone, id_contato)values('COMERCIAL', '11','64616258', currval('contato_id_seq'));insert into endereco (data_inicial_vigencia, endereco, cep)values('2000-01-01','RODOVIA PRESIDENTE DUTRA KM 222,2','7034904');insert into contribuinte(id,  data_cadastro, nome_empresa, id_endereco, id_contato, valor_contribuicao)values(55,'01/12/1995','JUVENAL CRUZ SOARES',currval('endereco_id_seq'), currval('contato_id_seq'),0.00);insert into historico_status_contribuinte(data_inicial_vigencia, status)values('2001-01-01','ATIVADO');insert into contribuinte_historico_status_contribuinte(id_contribuinte, id_historico_status_contribuinte)values(55,currval('historico_status_contribuinte_id_seq'));
insert into contato(ramal)values('');insert into telefone(tipo, ddd, telefone, id_contato)values('RESIDENCIAL', '11', '9673199', currval('contato_id_seq'));insert into telefone(tipo, ddd, telefone, id_contato)values('COMERCIAL', '11','4918199', currval('contato_id_seq'));insert into endereco (data_inicial_vigencia, endereco, cep)values('2000-01-01','AV DAS NACOES UNIDAS,22428 JD JURUBATUBA','4795916');insert into contribuinte(id,  data_cadastro, nome_empresa, id_endereco, id_contato, valor_contribuicao)values(56,'01/12/1995','LAB.BIOSINTETICA LTDA -A/C SANDRA MAZONI',currval('endereco_id_seq'), currval('contato_id_seq'),0.00);insert into historico_status_contribuinte(data_inicial_vigencia, status)values('2001-01-01','ATIVADO');insert into contribuinte_historico_status_contribuinte(id_contribuinte, id_historico_status_contribuinte)values(56,currval('historico_status_contribuinte_id_seq'));
insert into contato(ramal)values('7986');insert into telefone(tipo, ddd, telefone, id_contato)values('RESIDENCIAL', '', '64048000', currval('contato_id_seq'));insert into telefone(tipo, ddd, telefone, id_contato)values('COMERCIAL', '11','9603111', currval('contato_id_seq'));insert into endereco (data_inicial_vigencia, endereco, cep)values('2000-01-01','R PROF. JOAO CAVALHEIRO SALEM, 1081/1301','7243580');insert into contribuinte(id,  data_cadastro, nome_empresa, id_endereco, id_contato, valor_contribuicao)values(57,'01/12/1995','LABORATORIOS STIEFEL LTDA',currval('endereco_id_seq'), currval('contato_id_seq'),250.00);insert into historico_status_contribuinte(data_inicial_vigencia, status)values('2001-01-01','ATIVADO');insert into contribuinte_historico_status_contribuinte(id_contribuinte, id_historico_status_contribuinte)values(57,currval('historico_status_contribuinte_id_seq'));
insert into contato(ramal)values('');insert into telefone(tipo, ddd, telefone, id_contato)values('RESIDENCIAL', '', '0', currval('contato_id_seq'));insert into telefone(tipo, ddd, telefone, id_contato)values('COMERCIAL', '','0', currval('contato_id_seq'));insert into endereco (data_inicial_vigencia, endereco, cep)values('2000-01-01','R.FERNANDO FONTES, 64','3286130');insert into contribuinte(id,  data_cadastro, nome_empresa, id_endereco, id_contato, valor_contribuicao)values(58,'27/10/1994','LUCI CAMPOS BLEICH',currval('endereco_id_seq'), currval('contato_id_seq'),0.00);insert into historico_status_contribuinte(data_inicial_vigencia, status)values('2001-01-01','ATIVADO');insert into contribuinte_historico_status_contribuinte(id_contribuinte, id_historico_status_contribuinte)values(58,currval('historico_status_contribuinte_id_seq'));
insert into contato(ramal)values('');insert into telefone(tipo, ddd, telefone, id_contato)values('RESIDENCIAL', '11', '9400455', currval('contato_id_seq'));insert into telefone(tipo, ddd, telefone, id_contato)values('COMERCIAL', '11','9688944', currval('contato_id_seq'));insert into endereco (data_inicial_vigencia, endereco, cep)values('2000-01-01','CALCADA DAS TULIPAS,103 - ALPHAVILLE','7091100');insert into contribuinte(id,  data_cadastro, nome_empresa, id_endereco, id_contato, valor_contribuicao)values(59,'01/12/1995','PROVISE SEGURANCA ESPECIAL S/C LTDA.',currval('endereco_id_seq'), currval('contato_id_seq'),0.00);insert into historico_status_contribuinte(data_inicial_vigencia, status)values('2001-01-01','ATIVADO');insert into contribuinte_historico_status_contribuinte(id_contribuinte, id_historico_status_contribuinte)values(59,currval('historico_status_contribuinte_id_seq'));
insert into contato(ramal)values('');insert into telefone(tipo, ddd, telefone, id_contato)values('RESIDENCIAL', '', '0', currval('contato_id_seq'));insert into telefone(tipo, ddd, telefone, id_contato)values('COMERCIAL', '','0', currval('contato_id_seq'));insert into endereco (data_inicial_vigencia, endereco, cep)values('2000-01-01','R DIOGO BOTILHO, 123','7054060');insert into contribuinte(id,  data_cadastro, nome_empresa, id_endereco, id_contato, valor_contribuicao)values(60,'22/09/1994','MARCELO ANTONIO DONIZETTI PEREIRA',currval('endereco_id_seq'), currval('contato_id_seq'),0.00);insert into historico_status_contribuinte(data_inicial_vigencia, status)values('2001-01-01','ATIVADO');insert into contribuinte_historico_status_contribuinte(id_contribuinte, id_historico_status_contribuinte)values(60,currval('historico_status_contribuinte_id_seq'));
insert into contato(ramal)values('');insert into telefone(tipo, ddd, telefone, id_contato)values('RESIDENCIAL', '11', '22937972', currval('contato_id_seq'));insert into telefone(tipo, ddd, telefone, id_contato)values('COMERCIAL', '11','236', currval('contato_id_seq'));insert into endereco (data_inicial_vigencia, endereco, cep)values('2000-01-01','R PROF.JOAO OLIVEIRA TORRES 600 AP 132','3337010');insert into contribuinte(id,  data_cadastro, nome_empresa, id_endereco, id_contato, valor_contribuicao)values(61,'01/12/1995','MARCIA MARIA GASPAROTTO LOZANO',currval('endereco_id_seq'), currval('contato_id_seq'),5.00);insert into historico_status_contribuinte(data_inicial_vigencia, status)values('2001-01-01','ATIVADO');insert into contribuinte_historico_status_contribuinte(id_contribuinte, id_historico_status_contribuinte)values(61,currval('historico_status_contribuinte_id_seq'));
insert into contato(ramal)values('');insert into telefone(tipo, ddd, telefone, id_contato)values('RESIDENCIAL', '11', '55392575', currval('contato_id_seq'));insert into telefone(tipo, ddd, telefone, id_contato)values('COMERCIAL', '','0', currval('contato_id_seq'));insert into endereco (data_inicial_vigencia, endereco, cep)values('2000-01-01','R. DAS CAMELIAS, 761 - MIRANDOPOLIS','4048061');insert into contribuinte(id,  data_cadastro, nome_empresa, id_endereco, id_contato, valor_contribuicao)values(62,'01/12/1995','MARCO ANTONIO BELCHIOR',currval('endereco_id_seq'), currval('contato_id_seq'),50.00);insert into historico_status_contribuinte(data_inicial_vigencia, status)values('2001-01-01','ATIVADO');insert into contribuinte_historico_status_contribuinte(id_contribuinte, id_historico_status_contribuinte)values(62,currval('historico_status_contribuinte_id_seq'));
insert into contato(ramal)values('');insert into telefone(tipo, ddd, telefone, id_contato)values('RESIDENCIAL', '', '0', currval('contato_id_seq'));insert into telefone(tipo, ddd, telefone, id_contato)values('COMERCIAL', '','0', currval('contato_id_seq'));insert into endereco (data_inicial_vigencia, endereco, cep)values('2000-01-01','R. FORTUNATO, 126 - APTO. 61','1224030');insert into contribuinte(id,  data_cadastro, nome_empresa, id_endereco, id_contato, valor_contribuicao)values(63,'01/12/1995','MARGARIDA BIANCO LABBATE',currval('endereco_id_seq'), currval('contato_id_seq'),0.00);insert into historico_status_contribuinte(data_inicial_vigencia, status)values('2001-01-01','ATIVADO');insert into contribuinte_historico_status_contribuinte(id_contribuinte, id_historico_status_contribuinte)values(63,currval('historico_status_contribuinte_id_seq'));
insert into contato(ramal)values('');insert into telefone(tipo, ddd, telefone, id_contato)values('RESIDENCIAL', '', '0', currval('contato_id_seq'));insert into telefone(tipo, ddd, telefone, id_contato)values('COMERCIAL', '','0', currval('contato_id_seq'));insert into endereco (data_inicial_vigencia, endereco, cep)values('2000-01-01','R. CORONEL CARLOS OLIVA, 189','3067010');insert into contribuinte(id,  data_cadastro, nome_empresa, id_endereco, id_contato, valor_contribuicao)values(64,'01/12/1995','MARIA DE LOURDES G. GASPAROTTO',currval('endereco_id_seq'), currval('contato_id_seq'),0.00);insert into historico_status_contribuinte(data_inicial_vigencia, status)values('2001-01-01','ATIVADO');insert into contribuinte_historico_status_contribuinte(id_contribuinte, id_historico_status_contribuinte)values(64,currval('historico_status_contribuinte_id_seq'));
insert into contato(ramal)values('');insert into telefone(tipo, ddd, telefone, id_contato)values('RESIDENCIAL', '', '0', currval('contato_id_seq'));insert into telefone(tipo, ddd, telefone, id_contato)values('COMERCIAL', '','0', currval('contato_id_seq'));insert into endereco (data_inicial_vigencia, endereco, cep)values('2000-01-01','R. CAYOWAA, 1053 - APTO. 01','5018001');insert into contribuinte(id,  data_cadastro, nome_empresa, id_endereco, id_contato, valor_contribuicao)values(65,'01/12/1995','MARIA LABATE',currval('endereco_id_seq'), currval('contato_id_seq'),10.00);insert into historico_status_contribuinte(data_inicial_vigencia, status)values('2001-01-01','ATIVADO');insert into contribuinte_historico_status_contribuinte(id_contribuinte, id_historico_status_contribuinte)values(65,currval('historico_status_contribuinte_id_seq'));
insert into contato(ramal)values('');insert into telefone(tipo, ddd, telefone, id_contato)values('RESIDENCIAL', '11', '629063', currval('contato_id_seq'));insert into telefone(tipo, ddd, telefone, id_contato)values('COMERCIAL', '','0', currval('contato_id_seq'));insert into endereco (data_inicial_vigencia, endereco, cep)values('2000-01-01','R. TURIASSU, 1103 - CASA 58','5005060');insert into contribuinte(id,  data_cadastro, nome_empresa, id_endereco, id_contato, valor_contribuicao)values(66,'01/12/1995','MARIA ZULEIKA ARAUJO FLEURY',currval('endereco_id_seq'), currval('contato_id_seq'),20.00);insert into historico_status_contribuinte(data_inicial_vigencia, status)values('2001-01-01','ATIVADO');insert into contribuinte_historico_status_contribuinte(id_contribuinte, id_historico_status_contribuinte)values(66,currval('historico_status_contribuinte_id_seq'));
insert into contato(ramal)values('');insert into telefone(tipo, ddd, telefone, id_contato)values('RESIDENCIAL', '11', '0', currval('contato_id_seq'));insert into telefone(tipo, ddd, telefone, id_contato)values('COMERCIAL', '','0', currval('contato_id_seq'));insert into endereco (data_inicial_vigencia, endereco, cep)values('2000-01-01','R ALVARO DE SOUSA LIMA, 253 BL.2 AP.302','4664020');insert into contribuinte(id,  data_cadastro, nome_empresa, id_endereco, id_contato, valor_contribuicao)values(67,'01/12/1995','MONICA BEISSEL',currval('endereco_id_seq'), currval('contato_id_seq'),0.00);insert into historico_status_contribuinte(data_inicial_vigencia, status)values('2001-01-01','ATIVADO');insert into contribuinte_historico_status_contribuinte(id_contribuinte, id_historico_status_contribuinte)values(67,currval('historico_status_contribuinte_id_seq'));
insert into contato(ramal)values('');insert into telefone(tipo, ddd, telefone, id_contato)values('RESIDENCIAL', '', '0', currval('contato_id_seq'));insert into telefone(tipo, ddd, telefone, id_contato)values('COMERCIAL', '11','64616225', currval('contato_id_seq'));insert into endereco (data_inicial_vigencia, endereco, cep)values('2000-01-01','RODOVIA PRESIDENTE DUTRA KM 222,2','7034904');insert into contribuinte(id,  data_cadastro, nome_empresa, id_endereco, id_contato, valor_contribuicao)values(68,'01/12/1995','NATALE VANNUCCI NETO',currval('endereco_id_seq'), currval('contato_id_seq'),40.00);insert into historico_status_contribuinte(data_inicial_vigencia, status)values('2001-01-01','ATIVADO');insert into contribuinte_historico_status_contribuinte(id_contribuinte, id_historico_status_contribuinte)values(68,currval('historico_status_contribuinte_id_seq'));
insert into contato(ramal)values('');insert into telefone(tipo, ddd, telefone, id_contato)values('RESIDENCIAL', '', '0', currval('contato_id_seq'));insert into telefone(tipo, ddd, telefone, id_contato)values('COMERCIAL', '11','941835', currval('contato_id_seq'));insert into endereco (data_inicial_vigencia, endereco, cep)values('2000-01-01','R. SAO PAULO, 329','13940000');insert into contribuinte(id,  data_cadastro, nome_empresa, id_endereco, id_contato, valor_contribuicao)values(69,'01/12/1995','NELSON BENEDITO DAVI',currval('endereco_id_seq'), currval('contato_id_seq'),0.00);insert into historico_status_contribuinte(data_inicial_vigencia, status)values('2001-01-01','ATIVADO');insert into contribuinte_historico_status_contribuinte(id_contribuinte, id_historico_status_contribuinte)values(69,currval('historico_status_contribuinte_id_seq'));
insert into contato(ramal)values('');insert into telefone(tipo, ddd, telefone, id_contato)values('RESIDENCIAL', '11', '38723805', currval('contato_id_seq'));insert into telefone(tipo, ddd, telefone, id_contato)values('COMERCIAL', '','0', currval('contato_id_seq'));insert into endereco (data_inicial_vigencia, endereco, cep)values('2000-01-01','R. MINERVA, 280 - APTO. 41','5007031');insert into contribuinte(id,  data_cadastro, nome_empresa, id_endereco, id_contato, valor_contribuicao)values(70,'01/12/1995','NILDA DINIZ CAMPOS',currval('endereco_id_seq'), currval('contato_id_seq'),50.00);insert into historico_status_contribuinte(data_inicial_vigencia, status)values('2001-01-01','ATIVADO');insert into contribuinte_historico_status_contribuinte(id_contribuinte, id_historico_status_contribuinte)values(70,currval('historico_status_contribuinte_id_seq'));
insert into contato(ramal)values('');insert into telefone(tipo, ddd, telefone, id_contato)values('RESIDENCIAL', '11', '2631275', currval('contato_id_seq'));insert into telefone(tipo, ddd, telefone, id_contato)values('COMERCIAL', '11','9688944', currval('contato_id_seq'));insert into endereco (data_inicial_vigencia, endereco, cep)values('2000-01-01','RODOVIA PRESIDENTE DUTRA KM 227','7034904');insert into contribuinte(id,  data_cadastro, nome_empresa, id_endereco, id_contato, valor_contribuicao)values(72,'01/12/1995','NORBERTO JOSE BONAZZI',currval('endereco_id_seq'), currval('contato_id_seq'),0.00);insert into historico_status_contribuinte(data_inicial_vigencia, status)values('2001-01-01','ATIVADO');insert into contribuinte_historico_status_contribuinte(id_contribuinte, id_historico_status_contribuinte)values(72,currval('historico_status_contribuinte_id_seq'));
insert into contato(ramal)values('');insert into telefone(tipo, ddd, telefone, id_contato)values('RESIDENCIAL', '', '0', currval('contato_id_seq'));insert into telefone(tipo, ddd, telefone, id_contato)values('COMERCIAL', '11','2400611', currval('contato_id_seq'));insert into endereco (data_inicial_vigencia, endereco, cep)values('2000-01-01','R. QUINTANA, 206','4569010');insert into contribuinte(id,  data_cadastro, nome_empresa, id_endereco, id_contato, valor_contribuicao)values(73,'01/12/1995','OLIVIA AVILA MACHADO',currval('endereco_id_seq'), currval('contato_id_seq'),0.00);insert into historico_status_contribuinte(data_inicial_vigencia, status)values('2001-01-01','ATIVADO');insert into contribuinte_historico_status_contribuinte(id_contribuinte, id_historico_status_contribuinte)values(73,currval('historico_status_contribuinte_id_seq'));
insert into contato(ramal)values('');insert into telefone(tipo, ddd, telefone, id_contato)values('RESIDENCIAL', '', '0', currval('contato_id_seq'));insert into telefone(tipo, ddd, telefone, id_contato)values('COMERCIAL', '11','9688944', currval('contato_id_seq'));insert into endereco (data_inicial_vigencia, endereco, cep)values('2000-01-01','AV PADRE EPEREIRA DE ANDRADE,545-APTO.62','5480900');insert into contribuinte(id,  data_cadastro, nome_empresa, id_endereco, id_contato, valor_contribuicao)values(74,'01/12/1995','MARCIA CONCEICAO MILITO',currval('endereco_id_seq'), currval('contato_id_seq'),20.00);insert into historico_status_contribuinte(data_inicial_vigencia, status)values('2001-01-01','ATIVADO');insert into contribuinte_historico_status_contribuinte(id_contribuinte, id_historico_status_contribuinte)values(74,currval('historico_status_contribuinte_id_seq'));
insert into contato(ramal)values('');insert into telefone(tipo, ddd, telefone, id_contato)values('RESIDENCIAL', '11', '30242010', currval('contato_id_seq'));insert into telefone(tipo, ddd, telefone, id_contato)values('COMERCIAL', '','0', currval('contato_id_seq'));insert into endereco (data_inicial_vigencia, endereco, cep)values('2000-01-01','AV NAçOES UNIDAS 4777 13ANDAR-ALT PINHEI','5477000');insert into contribuinte(id,  data_cadastro, nome_empresa, id_endereco, id_contato, valor_contribuicao)values(75,'01/12/1995','PAULA REGINA DEPIERI',currval('endereco_id_seq'), currval('contato_id_seq'),200.00);insert into historico_status_contribuinte(data_inicial_vigencia, status)values('2001-01-01','ATIVADO');insert into contribuinte_historico_status_contribuinte(id_contribuinte, id_historico_status_contribuinte)values(75,currval('historico_status_contribuinte_id_seq'));
insert into contato(ramal)values('');insert into telefone(tipo, ddd, telefone, id_contato)values('RESIDENCIAL', '', '0', currval('contato_id_seq'));insert into telefone(tipo, ddd, telefone, id_contato)values('COMERCIAL', '','0', currval('contato_id_seq'));insert into endereco (data_inicial_vigencia, endereco, cep)values('2000-01-01','R. ELBA, 631 - ALTOS','4285001');insert into contribuinte(id,  data_cadastro, nome_empresa, id_endereco, id_contato, valor_contribuicao)values(76,'01/12/1995','PAULO MAURICIO DA SILVA ALEXANDRE',currval('endereco_id_seq'), currval('contato_id_seq'),0.00);insert into historico_status_contribuinte(data_inicial_vigencia, status)values('2001-01-01','ATIVADO');insert into contribuinte_historico_status_contribuinte(id_contribuinte, id_historico_status_contribuinte)values(76,currval('historico_status_contribuinte_id_seq'));
insert into contato(ramal)values('');insert into telefone(tipo, ddd, telefone, id_contato)values('RESIDENCIAL', '', '66713274', currval('contato_id_seq'));insert into telefone(tipo, ddd, telefone, id_contato)values('COMERCIAL', '','0', currval('contato_id_seq'));insert into endereco (data_inicial_vigencia, endereco, cep)values('2000-01-01','R INSPETOR MARIO TEIXEIRA, 102 - TATUAPE','0');insert into contribuinte(id,  data_cadastro, nome_empresa, id_endereco, id_contato, valor_contribuicao)values(77,'01/12/1995','RACHID JAMIL K. HARMONI',currval('endereco_id_seq'), currval('contato_id_seq'),30.00);insert into historico_status_contribuinte(data_inicial_vigencia, status)values('2001-01-01','ATIVADO');insert into contribuinte_historico_status_contribuinte(id_contribuinte, id_historico_status_contribuinte)values(77,currval('historico_status_contribuinte_id_seq'));
insert into contato(ramal)values('');insert into telefone(tipo, ddd, telefone, id_contato)values('RESIDENCIAL', '11', '9483099', currval('contato_id_seq'));insert into telefone(tipo, ddd, telefone, id_contato)values('COMERCIAL', '','0', currval('contato_id_seq'));insert into endereco (data_inicial_vigencia, endereco, cep)values('2000-01-01','R AMADEU, 645','2064050');insert into contribuinte(id,  data_cadastro, nome_empresa, id_endereco, id_contato, valor_contribuicao)values(78,'01/12/1995','MANCHESTER CHEMICAL PROD. QUIMICOS LTDA',currval('endereco_id_seq'), currval('contato_id_seq'),0.00);insert into historico_status_contribuinte(data_inicial_vigencia, status)values('2001-01-01','ATIVADO');insert into contribuinte_historico_status_contribuinte(id_contribuinte, id_historico_status_contribuinte)values(78,currval('historico_status_contribuinte_id_seq'));
insert into contato(ramal)values('');insert into telefone(tipo, ddd, telefone, id_contato)values('RESIDENCIAL', '21', '2082391', currval('contato_id_seq'));insert into telefone(tipo, ddd, telefone, id_contato)values('COMERCIAL', '','0', currval('contato_id_seq'));insert into endereco (data_inicial_vigencia, endereco, cep)values('2000-01-01','R. CONDE DE BONFIM, 520 - APTO. 302','20521000');insert into contribuinte(id,  data_cadastro, nome_empresa, id_endereco, id_contato, valor_contribuicao)values(79,'01/12/1995','RICARDO QUINTELLA JOAO',currval('endereco_id_seq'), currval('contato_id_seq'),0.00);insert into historico_status_contribuinte(data_inicial_vigencia, status)values('2001-01-01','ATIVADO');insert into contribuinte_historico_status_contribuinte(id_contribuinte, id_historico_status_contribuinte)values(79,currval('historico_status_contribuinte_id_seq'));
insert into contato(ramal)values('');insert into telefone(tipo, ddd, telefone, id_contato)values('RESIDENCIAL', '', '0', currval('contato_id_seq'));insert into telefone(tipo, ddd, telefone, id_contato)values('COMERCIAL', '','0', currval('contato_id_seq'));insert into endereco (data_inicial_vigencia, endereco, cep)values('2000-01-01','RODOVIA PRESIDENTE DUTRA KM 227','7034904');insert into contribuinte(id,  data_cadastro, nome_empresa, id_endereco, id_contato, valor_contribuicao)values(80,'01/12/1995','ROBERTO MITSUDA',currval('endereco_id_seq'), currval('contato_id_seq'),50.00);insert into historico_status_contribuinte(data_inicial_vigencia, status)values('2001-01-01','ATIVADO');insert into contribuinte_historico_status_contribuinte(id_contribuinte, id_historico_status_contribuinte)values(80,currval('historico_status_contribuinte_id_seq'));
insert into contato(ramal)values('');insert into telefone(tipo, ddd, telefone, id_contato)values('RESIDENCIAL', '', '0', currval('contato_id_seq'));insert into telefone(tipo, ddd, telefone, id_contato)values('COMERCIAL', '','0', currval('contato_id_seq'));insert into endereco (data_inicial_vigencia, endereco, cep)values('2000-01-01','R GUILHERME GIORGE, 664','3422000');insert into contribuinte(id,  data_cadastro, nome_empresa, id_endereco, id_contato, valor_contribuicao)values(81,'01/12/1995','ROSEMARY IDALGO DE OLIVEIRA',currval('endereco_id_seq'), currval('contato_id_seq'),0.00);insert into historico_status_contribuinte(data_inicial_vigencia, status)values('2001-01-01','ATIVADO');insert into contribuinte_historico_status_contribuinte(id_contribuinte, id_historico_status_contribuinte)values(81,currval('historico_status_contribuinte_id_seq'));
insert into contato(ramal)values('');insert into telefone(tipo, ddd, telefone, id_contato)values('RESIDENCIAL', '', '36613850', currval('contato_id_seq'));insert into telefone(tipo, ddd, telefone, id_contato)values('COMERCIAL', '11','64616453', currval('contato_id_seq'));insert into endereco (data_inicial_vigencia, endereco, cep)values('2000-01-01','R BAHIA 543 AP 211','1244001');insert into contribuinte(id,  data_cadastro, nome_empresa, id_endereco, id_contato, valor_contribuicao)values(82,'22/09/1994','SANDRA REGINA P.VINICIUS FREIRE',currval('endereco_id_seq'), currval('contato_id_seq'),20.00);insert into historico_status_contribuinte(data_inicial_vigencia, status)values('2001-01-01','ATIVADO');insert into contribuinte_historico_status_contribuinte(id_contribuinte, id_historico_status_contribuinte)values(82,currval('historico_status_contribuinte_id_seq'));
insert into contato(ramal)values('');insert into telefone(tipo, ddd, telefone, id_contato)values('RESIDENCIAL', '', '0', currval('contato_id_seq'));insert into telefone(tipo, ddd, telefone, id_contato)values('COMERCIAL', '','0', currval('contato_id_seq'));insert into endereco (data_inicial_vigencia, endereco, cep)values('2000-01-01','R. CLELIA, 1659','5042000');insert into contribuinte(id,  data_cadastro, nome_empresa, id_endereco, id_contato, valor_contribuicao)values(83,'01/12/1995','SERGIO DELLERBA',currval('endereco_id_seq'), currval('contato_id_seq'),0.00);insert into historico_status_contribuinte(data_inicial_vigencia, status)values('2001-01-01','ATIVADO');insert into contribuinte_historico_status_contribuinte(id_contribuinte, id_historico_status_contribuinte)values(83,currval('historico_status_contribuinte_id_seq'));
insert into contato(ramal)values('');insert into telefone(tipo, ddd, telefone, id_contato)values('RESIDENCIAL', '11', '221', currval('contato_id_seq'));insert into telefone(tipo, ddd, telefone, id_contato)values('COMERCIAL', '','0', currval('contato_id_seq'));insert into endereco (data_inicial_vigencia, endereco, cep)values('2000-01-01','R. FORTUNATO, 126 - APTO. 81','1224030');insert into contribuinte(id,  data_cadastro, nome_empresa, id_endereco, id_contato, valor_contribuicao)values(84,'01/12/1995','MARIA LABBATE PENNA',currval('endereco_id_seq'), currval('contato_id_seq'),0.00);insert into historico_status_contribuinte(data_inicial_vigencia, status)values('2001-01-01','ATIVADO');insert into contribuinte_historico_status_contribuinte(id_contribuinte, id_historico_status_contribuinte)values(84,currval('historico_status_contribuinte_id_seq'));
insert into contato(ramal)values('');insert into telefone(tipo, ddd, telefone, id_contato)values('RESIDENCIAL', '11', '69502491', currval('contato_id_seq'));insert into telefone(tipo, ddd, telefone, id_contato)values('COMERCIAL', '','0', currval('contato_id_seq'));insert into endereco (data_inicial_vigencia, endereco, cep)values('2000-01-01','R DANIEL ROSSI, 139-9. ANDAR-APTO. 91','2019010');insert into contribuinte(id,  data_cadastro, nome_empresa, id_endereco, id_contato, valor_contribuicao)values(85,'01/12/1995','WALDEMIR GOUVEIA',currval('endereco_id_seq'), currval('contato_id_seq'),0.00);insert into historico_status_contribuinte(data_inicial_vigencia, status)values('2001-01-01','ATIVADO');insert into contribuinte_historico_status_contribuinte(id_contribuinte, id_historico_status_contribuinte)values(85,currval('historico_status_contribuinte_id_seq'));
insert into contato(ramal)values('');insert into telefone(tipo, ddd, telefone, id_contato)values('RESIDENCIAL', '', '0', currval('contato_id_seq'));insert into telefone(tipo, ddd, telefone, id_contato)values('COMERCIAL', '','0', currval('contato_id_seq'));insert into endereco (data_inicial_vigencia, endereco, cep)values('2000-01-01','R.MINERVA, 280 AP.41','5007031');insert into contribuinte(id,  data_cadastro, nome_empresa, id_endereco, id_contato, valor_contribuicao)values(86,'01/12/1995','ZELIA SIQUEIRA CAMPOS',currval('endereco_id_seq'), currval('contato_id_seq'),30.00);insert into historico_status_contribuinte(data_inicial_vigencia, status)values('2001-01-01','ATIVADO');insert into contribuinte_historico_status_contribuinte(id_contribuinte, id_historico_status_contribuinte)values(86,currval('historico_status_contribuinte_id_seq'));
insert into contato(ramal)values('');insert into telefone(tipo, ddd, telefone, id_contato)values('RESIDENCIAL', '', '0', currval('contato_id_seq'));insert into telefone(tipo, ddd, telefone, id_contato)values('COMERCIAL', '','0', currval('contato_id_seq'));insert into endereco (data_inicial_vigencia, endereco, cep)values('2000-01-01','R GONCALVES CRESPO, 310','3066030');insert into contribuinte(id,  data_cadastro, nome_empresa, id_endereco, id_contato, valor_contribuicao)values(87,'01/12/1995','LEONOR TRINDADE GIOVANI',currval('endereco_id_seq'), currval('contato_id_seq'),0.00);insert into historico_status_contribuinte(data_inicial_vigencia, status)values('2001-01-01','ATIVADO');insert into contribuinte_historico_status_contribuinte(id_contribuinte, id_historico_status_contribuinte)values(87,currval('historico_status_contribuinte_id_seq'));
insert into contato(ramal)values('');insert into telefone(tipo, ddd, telefone, id_contato)values('RESIDENCIAL', '11', '2475988', currval('contato_id_seq'));insert into telefone(tipo, ddd, telefone, id_contato)values('COMERCIAL', '','0', currval('contato_id_seq'));insert into endereco (data_inicial_vigencia, endereco, cep)values('2000-01-01','R. ALVES PONTUAL, 88 - SANTO AMARO','4722000');insert into contribuinte(id,  data_cadastro, nome_empresa, id_endereco, id_contato, valor_contribuicao)values(88,'01/12/1995','KAZIMIERZ JOSEF BRIL',currval('endereco_id_seq'), currval('contato_id_seq'),25.00);insert into historico_status_contribuinte(data_inicial_vigencia, status)values('2001-01-01','ATIVADO');insert into contribuinte_historico_status_contribuinte(id_contribuinte, id_historico_status_contribuinte)values(88,currval('historico_status_contribuinte_id_seq'));
insert into contato(ramal)values('');insert into telefone(tipo, ddd, telefone, id_contato)values('RESIDENCIAL', '11', '9688944', currval('contato_id_seq'));insert into telefone(tipo, ddd, telefone, id_contato)values('COMERCIAL', '11','64616441', currval('contato_id_seq'));insert into endereco (data_inicial_vigencia, endereco, cep)values('2000-01-01','RODOVIA PRESIDENTE DUTRA KM 222,2','7034904');insert into contribuinte(id,  data_cadastro, nome_empresa, id_endereco, id_contato, valor_contribuicao)values(89,'01/12/1995','UBIRAJARA LOPES DA SILVA',currval('endereco_id_seq'), currval('contato_id_seq'),20.00);insert into historico_status_contribuinte(data_inicial_vigencia, status)values('2001-01-01','ATIVADO');insert into contribuinte_historico_status_contribuinte(id_contribuinte, id_historico_status_contribuinte)values(89,currval('historico_status_contribuinte_id_seq'));
insert into contato(ramal)values('');insert into telefone(tipo, ddd, telefone, id_contato)values('RESIDENCIAL', '11', '55617419', currval('contato_id_seq'));insert into telefone(tipo, ddd, telefone, id_contato)values('COMERCIAL', '11','2417088', currval('contato_id_seq'));insert into endereco (data_inicial_vigencia, endereco, cep)values('2000-01-01','TRAV. UBIRASSANGA, 41 - CAMPO BELO','4614050');insert into contribuinte(id,  data_cadastro, nome_empresa, id_endereco, id_contato, valor_contribuicao)values(90,'01/12/1995','AFFONSO MAURICIO VIVOLO',currval('endereco_id_seq'), currval('contato_id_seq'),30.00);insert into historico_status_contribuinte(data_inicial_vigencia, status)values('2001-01-01','ATIVADO');insert into contribuinte_historico_status_contribuinte(id_contribuinte, id_historico_status_contribuinte)values(90,currval('historico_status_contribuinte_id_seq'));
insert into contato(ramal)values('');insert into telefone(tipo, ddd, telefone, id_contato)values('RESIDENCIAL', '11', '8157042', currval('contato_id_seq'));insert into telefone(tipo, ddd, telefone, id_contato)values('COMERCIAL', '','0', currval('contato_id_seq'));insert into endereco (data_inicial_vigencia, endereco, cep)values('2000-01-01','R. RODESIA, 259 - APTO. 13','5435020');insert into contribuinte(id,  data_cadastro, nome_empresa, id_endereco, id_contato, valor_contribuicao)values(91,'01/12/1995','CASSEM JURDI JUNIOR',currval('endereco_id_seq'), currval('contato_id_seq'),0.00);insert into historico_status_contribuinte(data_inicial_vigencia, status)values('2001-01-01','ATIVADO');insert into contribuinte_historico_status_contribuinte(id_contribuinte, id_historico_status_contribuinte)values(91,currval('historico_status_contribuinte_id_seq'));
insert into contato(ramal)values('');insert into telefone(tipo, ddd, telefone, id_contato)values('RESIDENCIAL', '', '0', currval('contato_id_seq'));insert into telefone(tipo, ddd, telefone, id_contato)values('COMERCIAL', '95','243011', currval('contato_id_seq'));insert into endereco (data_inicial_vigencia, endereco, cep)values('2000-01-01','R. SEIS, 3265','13504022');insert into contribuinte(id,  data_cadastro, nome_empresa, id_endereco, id_contato, valor_contribuicao)values(92,'01/12/1995','CARLOS AUGUSTO',currval('endereco_id_seq'), currval('contato_id_seq'),20.00);insert into historico_status_contribuinte(data_inicial_vigencia, status)values('2001-01-01','ATIVADO');insert into contribuinte_historico_status_contribuinte(id_contribuinte, id_historico_status_contribuinte)values(92,currval('historico_status_contribuinte_id_seq'));
insert into contato(ramal)values('');insert into telefone(tipo, ddd, telefone, id_contato)values('RESIDENCIAL', '', '0', currval('contato_id_seq'));insert into telefone(tipo, ddd, telefone, id_contato)values('COMERCIAL', '','0', currval('contato_id_seq'));insert into endereco (data_inicial_vigencia, endereco, cep)values('2000-01-01','R. STELLA MARIS, 155','7041010');insert into contribuinte(id,  data_cadastro, nome_empresa, id_endereco, id_contato, valor_contribuicao)values(93,'01/12/1995','CLAUDIO FERNANDO JOTA',currval('endereco_id_seq'), currval('contato_id_seq'),0.00);insert into historico_status_contribuinte(data_inicial_vigencia, status)values('2001-01-01','ATIVADO');insert into contribuinte_historico_status_contribuinte(id_contribuinte, id_historico_status_contribuinte)values(93,currval('historico_status_contribuinte_id_seq'));
insert into contato(ramal)values('');insert into telefone(tipo, ddd, telefone, id_contato)values('RESIDENCIAL', '', '0', currval('contato_id_seq'));insert into telefone(tipo, ddd, telefone, id_contato)values('COMERCIAL', '11','2732585', currval('contato_id_seq'));insert into endereco (data_inicial_vigencia, endereco, cep)values('2000-01-01','R. JUVENTUS, 695','3124020');insert into contribuinte(id,  data_cadastro, nome_empresa, id_endereco, id_contato, valor_contribuicao)values(94,'01/12/1995','EUCLYDES BARBULHO',currval('endereco_id_seq'), currval('contato_id_seq'),0.00);insert into historico_status_contribuinte(data_inicial_vigencia, status)values('2001-01-01','ATIVADO');insert into contribuinte_historico_status_contribuinte(id_contribuinte, id_historico_status_contribuinte)values(94,currval('historico_status_contribuinte_id_seq'));
insert into contato(ramal)values('');insert into telefone(tipo, ddd, telefone, id_contato)values('RESIDENCIAL', '', '0', currval('contato_id_seq'));insert into telefone(tipo, ddd, telefone, id_contato)values('COMERCIAL', '32','201120', currval('contato_id_seq'));insert into endereco (data_inicial_vigencia, endereco, cep)values('2000-01-01','R. AUGUSTO SEVERO, 7 - 4 ANDAR','11010919');insert into contribuinte(id,  data_cadastro, nome_empresa, id_endereco, id_contato, valor_contribuicao)values(95,'01/12/1995','GLEN GORDON FINDLAY',currval('endereco_id_seq'), currval('contato_id_seq'),0.00);insert into historico_status_contribuinte(data_inicial_vigencia, status)values('2001-01-01','ATIVADO');insert into contribuinte_historico_status_contribuinte(id_contribuinte, id_historico_status_contribuinte)values(95,currval('historico_status_contribuinte_id_seq'));
insert into contato(ramal)values('');insert into telefone(tipo, ddd, telefone, id_contato)values('RESIDENCIAL', '', '0', currval('contato_id_seq'));insert into telefone(tipo, ddd, telefone, id_contato)values('COMERCIAL', '11','4577422', currval('contato_id_seq'));insert into endereco (data_inicial_vigencia, endereco, cep)values('2000-01-01','AV. SENADOR VERGUEIRO, 3212','9740001');insert into contribuinte(id,  data_cadastro, nome_empresa, id_endereco, id_contato, valor_contribuicao)values(96,'01/12/1995','GREMAFER COMERCIAL IMPORTADORA LTDA',currval('endereco_id_seq'), currval('contato_id_seq'),0.00);insert into historico_status_contribuinte(data_inicial_vigencia, status)values('2001-01-01','ATIVADO');insert into contribuinte_historico_status_contribuinte(id_contribuinte, id_historico_status_contribuinte)values(96,currval('historico_status_contribuinte_id_seq'));
insert into contato(ramal)values('');insert into telefone(tipo, ddd, telefone, id_contato)values('RESIDENCIAL', '', '0', currval('contato_id_seq'));insert into telefone(tipo, ddd, telefone, id_contato)values('COMERCIAL', '','0', currval('contato_id_seq'));insert into endereco (data_inicial_vigencia, endereco, cep)values('2000-01-01','R.VISCONDE DE PARNAIBA,1461-AP.74 BL.III','3045000');insert into contribuinte(id,  data_cadastro, nome_empresa, id_endereco, id_contato, valor_contribuicao)values(97,'01/12/1995','ISABEL TANTULLI ASFUR',currval('endereco_id_seq'), currval('contato_id_seq'),0.00);insert into historico_status_contribuinte(data_inicial_vigencia, status)values('2001-01-01','ATIVADO');insert into contribuinte_historico_status_contribuinte(id_contribuinte, id_historico_status_contribuinte)values(97,currval('historico_status_contribuinte_id_seq'));
insert into contato(ramal)values('');insert into telefone(tipo, ddd, telefone, id_contato)values('RESIDENCIAL', '11', '9142022', currval('contato_id_seq'));insert into telefone(tipo, ddd, telefone, id_contato)values('COMERCIAL', '','0', currval('contato_id_seq'));insert into endereco (data_inicial_vigencia, endereco, cep)values('2000-01-01','R. BARAO DE MONTE SANTO, 700','3123020');insert into contribuinte(id,  data_cadastro, nome_empresa, id_endereco, id_contato, valor_contribuicao)values(98,'01/12/1995','MANUEL LINO MOREIRA DA SILVA',currval('endereco_id_seq'), currval('contato_id_seq'),20.00);insert into historico_status_contribuinte(data_inicial_vigencia, status)values('2001-01-01','ATIVADO');insert into contribuinte_historico_status_contribuinte(id_contribuinte, id_historico_status_contribuinte)values(98,currval('historico_status_contribuinte_id_seq'));
insert into contato(ramal)values('');insert into telefone(tipo, ddd, telefone, id_contato)values('RESIDENCIAL', '11', '2892500', currval('contato_id_seq'));insert into telefone(tipo, ddd, telefone, id_contato)values('COMERCIAL', '','0', currval('contato_id_seq'));insert into endereco (data_inicial_vigencia, endereco, cep)values('2000-01-01','R. CONSELHEIRO CARRAO, 192','1328000');insert into contribuinte(id,  data_cadastro, nome_empresa, id_endereco, id_contato, valor_contribuicao)values(99,'01/12/1995','MIGUEL GONCALVES PACHECO OLIVEIRA',currval('endereco_id_seq'), currval('contato_id_seq'),200.00);insert into historico_status_contribuinte(data_inicial_vigencia, status)values('2001-01-01','ATIVADO');insert into contribuinte_historico_status_contribuinte(id_contribuinte, id_historico_status_contribuinte)values(99,currval('historico_status_contribuinte_id_seq'));
insert into contato(ramal)values('');insert into telefone(tipo, ddd, telefone, id_contato)values('RESIDENCIAL', '11', '5631982', currval('contato_id_seq'));insert into telefone(tipo, ddd, telefone, id_contato)values('COMERCIAL', '','0', currval('contato_id_seq'));insert into endereco (data_inicial_vigencia, endereco, cep)values('2000-01-01','R. SASSAKI, 411','4403000');insert into contribuinte(id,  data_cadastro, nome_empresa, id_endereco, id_contato, valor_contribuicao)values(100,'01/12/1995','PHELIPPE IBRAHIM KARAM',currval('endereco_id_seq'), currval('contato_id_seq'),0.00);insert into historico_status_contribuinte(data_inicial_vigencia, status)values('2001-01-01','ATIVADO');insert into contribuinte_historico_status_contribuinte(id_contribuinte, id_historico_status_contribuinte)values(100,currval('historico_status_contribuinte_id_seq'));
insert into contato(ramal)values('');insert into telefone(tipo, ddd, telefone, id_contato)values('RESIDENCIAL', '11', '8527', currval('contato_id_seq'));insert into telefone(tipo, ddd, telefone, id_contato)values('COMERCIAL', '11','282', currval('contato_id_seq'));insert into endereco (data_inicial_vigencia, endereco, cep)values('2000-01-01','R TEODORO SAMPAIO, 744 - CJ. 124','5406050');insert into contribuinte(id,  data_cadastro, nome_empresa, id_endereco, id_contato, valor_contribuicao)values(101,'01/12/1995','REZENDE IMOVEIS E CONSTRUCOES LTDA',currval('endereco_id_seq'), currval('contato_id_seq'),0.00);insert into historico_status_contribuinte(data_inicial_vigencia, status)values('2001-01-01','ATIVADO');insert into contribuinte_historico_status_contribuinte(id_contribuinte, id_historico_status_contribuinte)values(101,currval('historico_status_contribuinte_id_seq'));
insert into contato(ramal)values('');insert into telefone(tipo, ddd, telefone, id_contato)values('RESIDENCIAL', '', '0', currval('contato_id_seq'));insert into telefone(tipo, ddd, telefone, id_contato)values('COMERCIAL', '11','2922055', currval('contato_id_seq'));insert into endereco (data_inicial_vigencia, endereco, cep)values('2000-01-01','R. JOAQUIM CARLOS, 1236','3019000');insert into contribuinte(id,  data_cadastro, nome_empresa, id_endereco, id_contato, valor_contribuicao)values(102,'01/12/1995','RUBENS FILIZOLA',currval('endereco_id_seq'), currval('contato_id_seq'),100.00);insert into historico_status_contribuinte(data_inicial_vigencia, status)values('2001-01-01','ATIVADO');insert into contribuinte_historico_status_contribuinte(id_contribuinte, id_historico_status_contribuinte)values(102,currval('historico_status_contribuinte_id_seq'));
insert into contato(ramal)values('');insert into telefone(tipo, ddd, telefone, id_contato)values('RESIDENCIAL', '', '0', currval('contato_id_seq'));insert into telefone(tipo, ddd, telefone, id_contato)values('COMERCIAL', '11','64616242', currval('contato_id_seq'));insert into endereco (data_inicial_vigencia, endereco, cep)values('2000-01-01','RODOVIA PRESIDENTE DUTRA KM 222,2','7034904');insert into contribuinte(id,  data_cadastro, nome_empresa, id_endereco, id_contato, valor_contribuicao)values(103,'01/12/1995','CARLOS ROBERTO DE ANDRADE',currval('endereco_id_seq'), currval('contato_id_seq'),0.00);insert into historico_status_contribuinte(data_inicial_vigencia, status)values('2001-01-01','ATIVADO');insert into contribuinte_historico_status_contribuinte(id_contribuinte, id_historico_status_contribuinte)values(103,currval('historico_status_contribuinte_id_seq'));
insert into contato(ramal)values('');insert into telefone(tipo, ddd, telefone, id_contato)values('RESIDENCIAL', '11', '30242010', currval('contato_id_seq'));insert into telefone(tipo, ddd, telefone, id_contato)values('COMERCIAL', '','0', currval('contato_id_seq'));insert into endereco (data_inicial_vigencia, endereco, cep)values('2000-01-01','AV NAçOES UNIDAS 4777 13ANDAR ALTO PINHE','5477000');insert into contribuinte(id,  data_cadastro, nome_empresa, id_endereco, id_contato, valor_contribuicao)values(104,'01/12/1995','JOSE LUIZ DEPIERI',currval('endereco_id_seq'), currval('contato_id_seq'),200.00);insert into historico_status_contribuinte(data_inicial_vigencia, status)values('2001-01-01','ATIVADO');insert into contribuinte_historico_status_contribuinte(id_contribuinte, id_historico_status_contribuinte)values(104,currval('historico_status_contribuinte_id_seq'));
insert into contato(ramal)values('');insert into telefone(tipo, ddd, telefone, id_contato)values('RESIDENCIAL', '', '0', currval('contato_id_seq'));insert into telefone(tipo, ddd, telefone, id_contato)values('COMERCIAL', '11','64616355', currval('contato_id_seq'));insert into endereco (data_inicial_vigencia, endereco, cep)values('2000-01-01','RODOVIA PRESIDENTE DUTRA KM 222,2','7034904');insert into contribuinte(id,  data_cadastro, nome_empresa, id_endereco, id_contato, valor_contribuicao)values(105,'01/12/1995','LEONICE CONCON',currval('endereco_id_seq'), currval('contato_id_seq'),60.00);insert into historico_status_contribuinte(data_inicial_vigencia, status)values('2001-01-01','ATIVADO');insert into contribuinte_historico_status_contribuinte(id_contribuinte, id_historico_status_contribuinte)values(105,currval('historico_status_contribuinte_id_seq'));
insert into contato(ramal)values('');insert into telefone(tipo, ddd, telefone, id_contato)values('RESIDENCIAL', '', '0', currval('contato_id_seq'));insert into telefone(tipo, ddd, telefone, id_contato)values('COMERCIAL', '','0', currval('contato_id_seq'));insert into endereco (data_inicial_vigencia, endereco, cep)values('2000-01-01','RUA BRANCA SALES NUM.109 VL.MARIA LUIZA','7060100');insert into contribuinte(id,  data_cadastro, nome_empresa, id_endereco, id_contato, valor_contribuicao)values(106,'01/12/1995','SILVANIA CABRAL DA SILVA',currval('endereco_id_seq'), currval('contato_id_seq'),0.00);insert into historico_status_contribuinte(data_inicial_vigencia, status)values('2001-01-01','ATIVADO');insert into contribuinte_historico_status_contribuinte(id_contribuinte, id_historico_status_contribuinte)values(106,currval('historico_status_contribuinte_id_seq'));
insert into contato(ramal)values('');insert into telefone(tipo, ddd, telefone, id_contato)values('RESIDENCIAL', '', '0', currval('contato_id_seq'));insert into telefone(tipo, ddd, telefone, id_contato)values('COMERCIAL', '','0', currval('contato_id_seq'));insert into endereco (data_inicial_vigencia, endereco, cep)values('2000-01-01','R. IMACULADA CONCEICAO, 28 - APTO. 11','1226020');insert into contribuinte(id,  data_cadastro, nome_empresa, id_endereco, id_contato, valor_contribuicao)values(109,'01/12/1995','CECILIA ROSSI CORREIA',currval('endereco_id_seq'), currval('contato_id_seq'),0.00);insert into historico_status_contribuinte(data_inicial_vigencia, status)values('2001-01-01','ATIVADO');insert into contribuinte_historico_status_contribuinte(id_contribuinte, id_historico_status_contribuinte)values(109,currval('historico_status_contribuinte_id_seq'));
insert into contato(ramal)values('');insert into telefone(tipo, ddd, telefone, id_contato)values('RESIDENCIAL', '11', '55848386', currval('contato_id_seq'));insert into telefone(tipo, ddd, telefone, id_contato)values('COMERCIAL', '','0', currval('contato_id_seq'));insert into endereco (data_inicial_vigencia, endereco, cep)values('2000-01-01','ALAMEDA DOS ARAES,157 -PLANALTO PAULISTA','4066000');insert into contribuinte(id,  data_cadastro, nome_empresa, id_endereco, id_contato, valor_contribuicao)values(110,'01/12/1995','CELINA DE ALMEIDA',currval('endereco_id_seq'), currval('contato_id_seq'),10.00);insert into historico_status_contribuinte(data_inicial_vigencia, status)values('2001-01-01','ATIVADO');insert into contribuinte_historico_status_contribuinte(id_contribuinte, id_historico_status_contribuinte)values(110,currval('historico_status_contribuinte_id_seq'));
insert into contato(ramal)values('');insert into telefone(tipo, ddd, telefone, id_contato)values('RESIDENCIAL', '', '0', currval('contato_id_seq'));insert into telefone(tipo, ddd, telefone, id_contato)values('COMERCIAL', '','0', currval('contato_id_seq'));insert into endereco (data_inicial_vigencia, endereco, cep)values('2000-01-01','R BAICURI, 129','5469030');insert into contribuinte(id,  data_cadastro, nome_empresa, id_endereco, id_contato, valor_contribuicao)values(111,'01/12/1995','CLAUDETE JEREIDINE DIAS',currval('endereco_id_seq'), currval('contato_id_seq'),0.00);insert into historico_status_contribuinte(data_inicial_vigencia, status)values('2001-01-01','ATIVADO');insert into contribuinte_historico_status_contribuinte(id_contribuinte, id_historico_status_contribuinte)values(111,currval('historico_status_contribuinte_id_seq'));
insert into contato(ramal)values('');insert into telefone(tipo, ddd, telefone, id_contato)values('RESIDENCIAL', '11', '679244', currval('contato_id_seq'));insert into telefone(tipo, ddd, telefone, id_contato)values('COMERCIAL', '','0', currval('contato_id_seq'));insert into endereco (data_inicial_vigencia, endereco, cep)values('2000-01-01','R. ALBUQUERQUE LINS, 902 - APTO. 81','1230000');insert into contribuinte(id,  data_cadastro, nome_empresa, id_endereco, id_contato, valor_contribuicao)values(112,'01/12/1995','DINAH RIBEIRO DE AMORIM',currval('endereco_id_seq'), currval('contato_id_seq'),30.00);insert into historico_status_contribuinte(data_inicial_vigencia, status)values('2001-01-01','ATIVADO');insert into contribuinte_historico_status_contribuinte(id_contribuinte, id_historico_status_contribuinte)values(112,currval('historico_status_contribuinte_id_seq'));
insert into contato(ramal)values('');insert into telefone(tipo, ddd, telefone, id_contato)values('RESIDENCIAL', '', '0', currval('contato_id_seq'));insert into telefone(tipo, ddd, telefone, id_contato)values('COMERCIAL', '','0', currval('contato_id_seq'));insert into endereco (data_inicial_vigencia, endereco, cep)values('2000-01-01','R JOAO GONCALVES, 250','7010010');insert into contribuinte(id,  data_cadastro, nome_empresa, id_endereco, id_contato, valor_contribuicao)values(113,'01/12/1995','EDMAR TEIXEIRA',currval('endereco_id_seq'), currval('contato_id_seq'),0.00);insert into historico_status_contribuinte(data_inicial_vigencia, status)values('2001-01-01','ATIVADO');insert into contribuinte_historico_status_contribuinte(id_contribuinte, id_historico_status_contribuinte)values(113,currval('historico_status_contribuinte_id_seq'));
insert into contato(ramal)values('');insert into telefone(tipo, ddd, telefone, id_contato)values('RESIDENCIAL', '', '0', currval('contato_id_seq'));insert into telefone(tipo, ddd, telefone, id_contato)values('COMERCIAL', '','0', currval('contato_id_seq'));insert into endereco (data_inicial_vigencia, endereco, cep)values('2000-01-01','R BARONESA DE ITU, 404 - APTO. 01','1231000');insert into contribuinte(id,  data_cadastro, nome_empresa, id_endereco, id_contato, valor_contribuicao)values(114,'01/12/1995','ELZA T. T. TOSA',currval('endereco_id_seq'), currval('contato_id_seq'),0.00);insert into historico_status_contribuinte(data_inicial_vigencia, status)values('2001-01-01','ATIVADO');insert into contribuinte_historico_status_contribuinte(id_contribuinte, id_historico_status_contribuinte)values(114,currval('historico_status_contribuinte_id_seq'));
insert into contato(ramal)values('');insert into telefone(tipo, ddd, telefone, id_contato)values('RESIDENCIAL', '', '0', currval('contato_id_seq'));insert into telefone(tipo, ddd, telefone, id_contato)values('COMERCIAL', '11','5755100', currval('contato_id_seq'));insert into endereco (data_inicial_vigencia, endereco, cep)values('2000-01-01','R BORGES LAGOA, 815','4038031');insert into contribuinte(id,  data_cadastro, nome_empresa, id_endereco, id_contato, valor_contribuicao)values(115,'01/12/1995','GERSON PEDRO PELEGRINI',currval('endereco_id_seq'), currval('contato_id_seq'),0.00);insert into historico_status_contribuinte(data_inicial_vigencia, status)values('2001-01-01','ATIVADO');insert into contribuinte_historico_status_contribuinte(id_contribuinte, id_historico_status_contribuinte)values(115,currval('historico_status_contribuinte_id_seq'));
insert into contato(ramal)values('');insert into telefone(tipo, ddd, telefone, id_contato)values('RESIDENCIAL', '', '0', currval('contato_id_seq'));insert into telefone(tipo, ddd, telefone, id_contato)values('COMERCIAL', '','0', currval('contato_id_seq'));insert into endereco (data_inicial_vigencia, endereco, cep)values('2000-01-01','R. CABURI, 80','5603050');insert into contribuinte(id,  data_cadastro, nome_empresa, id_endereco, id_contato, valor_contribuicao)values(117,'01/12/1995','GIANNI SAMAJA',currval('endereco_id_seq'), currval('contato_id_seq'),0.00);insert into historico_status_contribuinte(data_inicial_vigencia, status)values('2001-01-01','ATIVADO');insert into contribuinte_historico_status_contribuinte(id_contribuinte, id_historico_status_contribuinte)values(117,currval('historico_status_contribuinte_id_seq'));
insert into contato(ramal)values('');insert into telefone(tipo, ddd, telefone, id_contato)values('RESIDENCIAL', '', '0', currval('contato_id_seq'));insert into telefone(tipo, ddd, telefone, id_contato)values('COMERCIAL', '','0', currval('contato_id_seq'));insert into endereco (data_inicial_vigencia, endereco, cep)values('2000-01-01','R. ENRICO MARTINHO, 304','5652010');insert into contribuinte(id,  data_cadastro, nome_empresa, id_endereco, id_contato, valor_contribuicao)values(119,'01/12/1995','HORSCH WEVER',currval('endereco_id_seq'), currval('contato_id_seq'),0.00);insert into historico_status_contribuinte(data_inicial_vigencia, status)values('2001-01-01','ATIVADO');insert into contribuinte_historico_status_contribuinte(id_contribuinte, id_historico_status_contribuinte)values(119,currval('historico_status_contribuinte_id_seq'));
insert into contato(ramal)values('');insert into telefone(tipo, ddd, telefone, id_contato)values('RESIDENCIAL', '', '0', currval('contato_id_seq'));insert into telefone(tipo, ddd, telefone, id_contato)values('COMERCIAL', '','0', currval('contato_id_seq'));insert into endereco (data_inicial_vigencia, endereco, cep)values('2000-01-01','R CARLOS SAMPAIO, 304 - 5 ANDAR','1333020');insert into contribuinte(id,  data_cadastro, nome_empresa, id_endereco, id_contato, valor_contribuicao)values(121,'01/12/1995','JULIO R. S. SALOMAO',currval('endereco_id_seq'), currval('contato_id_seq'),0.00);insert into historico_status_contribuinte(data_inicial_vigencia, status)values('2001-01-01','ATIVADO');insert into contribuinte_historico_status_contribuinte(id_contribuinte, id_historico_status_contribuinte)values(121,currval('historico_status_contribuinte_id_seq'));
insert into contato(ramal)values('');insert into telefone(tipo, ddd, telefone, id_contato)values('RESIDENCIAL', '81', '7211847', currval('contato_id_seq'));insert into telefone(tipo, ddd, telefone, id_contato)values('COMERCIAL', '','0', currval('contato_id_seq'));insert into endereco (data_inicial_vigencia, endereco, cep)values('2000-01-01','R MINAS GERAIS, 37','55000000');insert into contribuinte(id,  data_cadastro, nome_empresa, id_endereco, id_contato, valor_contribuicao)values(123,'01/12/1995','MARIA ANUNCIADA R. L. FIGUEREDO',currval('endereco_id_seq'), currval('contato_id_seq'),0.00);insert into historico_status_contribuinte(data_inicial_vigencia, status)values('2001-01-01','ATIVADO');insert into contribuinte_historico_status_contribuinte(id_contribuinte, id_historico_status_contribuinte)values(123,currval('historico_status_contribuinte_id_seq'));
insert into contato(ramal)values('');insert into telefone(tipo, ddd, telefone, id_contato)values('RESIDENCIAL', '11', '2042280', currval('contato_id_seq'));insert into telefone(tipo, ddd, telefone, id_contato)values('COMERCIAL', '','0', currval('contato_id_seq'));insert into endereco (data_inicial_vigencia, endereco, cep)values('2000-01-01','R. ALBERTO ARNOLD, 88 - APTO. 163  BL.3','2417110');insert into contribuinte(id,  data_cadastro, nome_empresa, id_endereco, id_contato, valor_contribuicao)values(124,'01/12/1995','MARIA LUIZA DE OLIVEIRA CARAPETO CALISSI',currval('endereco_id_seq'), currval('contato_id_seq'),20.00);insert into historico_status_contribuinte(data_inicial_vigencia, status)values('2001-01-01','ATIVADO');insert into contribuinte_historico_status_contribuinte(id_contribuinte, id_historico_status_contribuinte)values(124,currval('historico_status_contribuinte_id_seq'));
insert into contato(ramal)values('');insert into telefone(tipo, ddd, telefone, id_contato)values('RESIDENCIAL', '11', '41536910', currval('contato_id_seq'));insert into telefone(tipo, ddd, telefone, id_contato)values('COMERCIAL', '11','421', currval('contato_id_seq'));insert into endereco (data_inicial_vigencia, endereco, cep)values('2000-01-01','AL RIO NEGRO, 1030 16 ANDAR','6454000');insert into contribuinte(id,  data_cadastro, nome_empresa, id_endereco, id_contato, valor_contribuicao)values(125,'01/12/1995','MILTON CORREA MEYER FILHO',currval('endereco_id_seq'), currval('contato_id_seq'),20.00);insert into historico_status_contribuinte(data_inicial_vigencia, status)values('2001-01-01','ATIVADO');insert into contribuinte_historico_status_contribuinte(id_contribuinte, id_historico_status_contribuinte)values(125,currval('historico_status_contribuinte_id_seq'));
insert into contato(ramal)values('');insert into telefone(tipo, ddd, telefone, id_contato)values('RESIDENCIAL', '', '0', currval('contato_id_seq'));insert into telefone(tipo, ddd, telefone, id_contato)values('COMERCIAL', '','0', currval('contato_id_seq'));insert into endereco (data_inicial_vigencia, endereco, cep)values('2000-01-01','R IPIRANGA, 204','8550000');insert into contribuinte(id,  data_cadastro, nome_empresa, id_endereco, id_contato, valor_contribuicao)values(126,'01/12/1995','OSWALDO BERGAMO MOREIRA',currval('endereco_id_seq'), currval('contato_id_seq'),0.00);insert into historico_status_contribuinte(data_inicial_vigencia, status)values('2001-01-01','ATIVADO');insert into contribuinte_historico_status_contribuinte(id_contribuinte, id_historico_status_contribuinte)values(126,currval('historico_status_contribuinte_id_seq'));
insert into contato(ramal)values('');insert into telefone(tipo, ddd, telefone, id_contato)values('RESIDENCIAL', '', '0', currval('contato_id_seq'));insert into telefone(tipo, ddd, telefone, id_contato)values('COMERCIAL', '','0', currval('contato_id_seq'));insert into endereco (data_inicial_vigencia, endereco, cep)values('2000-01-01','R JOAO RUDGE, 157','2513020');insert into contribuinte(id,  data_cadastro, nome_empresa, id_endereco, id_contato, valor_contribuicao)values(127,'01/12/1995','PAULO PANOSSIAN',currval('endereco_id_seq'), currval('contato_id_seq'),0.00);insert into historico_status_contribuinte(data_inicial_vigencia, status)values('2001-01-01','ATIVADO');insert into contribuinte_historico_status_contribuinte(id_contribuinte, id_historico_status_contribuinte)values(127,currval('historico_status_contribuinte_id_seq'));
insert into contato(ramal)values('');insert into telefone(tipo, ddd, telefone, id_contato)values('RESIDENCIAL', '', '63414094', currval('contato_id_seq'));insert into telefone(tipo, ddd, telefone, id_contato)values('COMERCIAL', '','0', currval('contato_id_seq'));insert into endereco (data_inicial_vigencia, endereco, cep)values('2000-01-01','AVENIDA ZELINA, 1557','3143000');insert into contribuinte(id,  data_cadastro, nome_empresa, id_endereco, id_contato, valor_contribuicao)values(128,'01/12/1995','PEDRO DE ANTONIO',currval('endereco_id_seq'), currval('contato_id_seq'),0.00);insert into historico_status_contribuinte(data_inicial_vigencia, status)values('2001-01-01','ATIVADO');insert into contribuinte_historico_status_contribuinte(id_contribuinte, id_historico_status_contribuinte)values(128,currval('historico_status_contribuinte_id_seq'));
insert into contato(ramal)values('');insert into telefone(tipo, ddd, telefone, id_contato)values('RESIDENCIAL', '', '0', currval('contato_id_seq'));insert into telefone(tipo, ddd, telefone, id_contato)values('COMERCIAL', '11','5823455', currval('contato_id_seq'));insert into endereco (data_inicial_vigencia, endereco, cep)values('2000-01-01','PCA ALFREDO EGYDIO S.ARANHA,100-BL.A 12A','4390900');insert into contribuinte(id,  data_cadastro, nome_empresa, id_endereco, id_contato, valor_contribuicao)values(129,'01/12/1995','RUBENS DOS SANTOS DIAS',currval('endereco_id_seq'), currval('contato_id_seq'),0.00);insert into historico_status_contribuinte(data_inicial_vigencia, status)values('2001-01-01','ATIVADO');insert into contribuinte_historico_status_contribuinte(id_contribuinte, id_historico_status_contribuinte)values(129,currval('historico_status_contribuinte_id_seq'));
insert into contato(ramal)values('');insert into telefone(tipo, ddd, telefone, id_contato)values('RESIDENCIAL', '', '0', currval('contato_id_seq'));insert into telefone(tipo, ddd, telefone, id_contato)values('COMERCIAL', '','0', currval('contato_id_seq'));insert into endereco (data_inicial_vigencia, endereco, cep)values('2000-01-01','R. DR. ANTONIO G. CARVALHO, 200','4640190');insert into contribuinte(id,  data_cadastro, nome_empresa, id_endereco, id_contato, valor_contribuicao)values(130,'01/12/1995','VALERIA RAVANI XAVIER SOARES',currval('endereco_id_seq'), currval('contato_id_seq'),10.00);insert into historico_status_contribuinte(data_inicial_vigencia, status)values('2001-01-01','ATIVADO');insert into contribuinte_historico_status_contribuinte(id_contribuinte, id_historico_status_contribuinte)values(130,currval('historico_status_contribuinte_id_seq'));
insert into contato(ramal)values('');insert into telefone(tipo, ddd, telefone, id_contato)values('RESIDENCIAL', '92', '419055', currval('contato_id_seq'));insert into telefone(tipo, ddd, telefone, id_contato)values('COMERCIAL', '','0', currval('contato_id_seq'));insert into endereco (data_inicial_vigencia, endereco, cep)values('2000-01-01','R. CAMARGO PAES, 637','13073350');insert into contribuinte(id,  data_cadastro, nome_empresa, id_endereco, id_contato, valor_contribuicao)values(131,'01/12/1995','WILMAR A. NETO',currval('endereco_id_seq'), currval('contato_id_seq'),0.00);insert into historico_status_contribuinte(data_inicial_vigencia, status)values('2001-01-01','ATIVADO');insert into contribuinte_historico_status_contribuinte(id_contribuinte, id_historico_status_contribuinte)values(131,currval('historico_status_contribuinte_id_seq'));
insert into contato(ramal)values('');insert into telefone(tipo, ddd, telefone, id_contato)values('RESIDENCIAL', '', '0', currval('contato_id_seq'));insert into telefone(tipo, ddd, telefone, id_contato)values('COMERCIAL', '','0', currval('contato_id_seq'));insert into endereco (data_inicial_vigencia, endereco, cep)values('2000-01-01','R. CORONEL CARLOS OLIVA, 255','3067010');insert into contribuinte(id,  data_cadastro, nome_empresa, id_endereco, id_contato, valor_contribuicao)values(132,'01/12/1995','CARMELA PARANHOS DE ALMEIDA',currval('endereco_id_seq'), currval('contato_id_seq'),0.00);insert into historico_status_contribuinte(data_inicial_vigencia, status)values('2001-01-01','ATIVADO');insert into contribuinte_historico_status_contribuinte(id_contribuinte, id_historico_status_contribuinte)values(132,currval('historico_status_contribuinte_id_seq'));
insert into contato(ramal)values('');insert into telefone(tipo, ddd, telefone, id_contato)values('RESIDENCIAL', '', '0', currval('contato_id_seq'));insert into telefone(tipo, ddd, telefone, id_contato)values('COMERCIAL', '','0', currval('contato_id_seq'));insert into endereco (data_inicial_vigencia, endereco, cep)values('2000-01-01','R. CARIACA, 43','5447150');insert into contribuinte(id,  data_cadastro, nome_empresa, id_endereco, id_contato, valor_contribuicao)values(133,'01/12/1995','SILVIA DE ALMEIDA',currval('endereco_id_seq'), currval('contato_id_seq'),0.00);insert into historico_status_contribuinte(data_inicial_vigencia, status)values('2001-01-01','ATIVADO');insert into contribuinte_historico_status_contribuinte(id_contribuinte, id_historico_status_contribuinte)values(133,currval('historico_status_contribuinte_id_seq'));
insert into contato(ramal)values('');insert into telefone(tipo, ddd, telefone, id_contato)values('RESIDENCIAL', '11', '9712392', currval('contato_id_seq'));insert into telefone(tipo, ddd, telefone, id_contato)values('COMERCIAL', '11','8840866', currval('contato_id_seq'));insert into endereco (data_inicial_vigencia, endereco, cep)values('2000-01-01','R. BARONESA DE BELA VISTA,515 - AP. 54','4612000');insert into contribuinte(id,  data_cadastro, nome_empresa, id_endereco, id_contato, valor_contribuicao)values(135,'01/12/1995','SANDRA CARREIRA ROTTA CORREA',currval('endereco_id_seq'), currval('contato_id_seq'),0.00);insert into historico_status_contribuinte(data_inicial_vigencia, status)values('2001-01-01','ATIVADO');insert into contribuinte_historico_status_contribuinte(id_contribuinte, id_historico_status_contribuinte)values(135,currval('historico_status_contribuinte_id_seq'));
insert into contato(ramal)values('');insert into telefone(tipo, ddd, telefone, id_contato)values('RESIDENCIAL', '11', '2674465', currval('contato_id_seq'));insert into telefone(tipo, ddd, telefone, id_contato)values('COMERCIAL', '11','2674465', currval('contato_id_seq'));insert into endereco (data_inicial_vigencia, endereco, cep)values('2000-01-01','R. GUILHERME PARAENSE, 45','2028030');insert into contribuinte(id,  data_cadastro, nome_empresa, id_endereco, id_contato, valor_contribuicao)values(136,'01/12/1995','ANTONIO DEL NERY FILHO',currval('endereco_id_seq'), currval('contato_id_seq'),0.00);insert into historico_status_contribuinte(data_inicial_vigencia, status)values('2001-01-01','ATIVADO');insert into contribuinte_historico_status_contribuinte(id_contribuinte, id_historico_status_contribuinte)values(136,currval('historico_status_contribuinte_id_seq'));
insert into contato(ramal)values('');insert into telefone(tipo, ddd, telefone, id_contato)values('RESIDENCIAL', '11', '661236', currval('contato_id_seq'));insert into telefone(tipo, ddd, telefone, id_contato)values('COMERCIAL', '','0', currval('contato_id_seq'));insert into endereco (data_inicial_vigencia, endereco, cep)values('2000-01-01','R SAO VICENTE DE PAULA, 95-3AND.-CJ.33','1229010');insert into contribuinte(id,  data_cadastro, nome_empresa, id_endereco, id_contato, valor_contribuicao)values(137,'01/12/1995','NELIDE S. CATACHI',currval('endereco_id_seq'), currval('contato_id_seq'),0.00);insert into historico_status_contribuinte(data_inicial_vigencia, status)values('2001-01-01','ATIVADO');insert into contribuinte_historico_status_contribuinte(id_contribuinte, id_historico_status_contribuinte)values(137,currval('historico_status_contribuinte_id_seq'));
insert into contato(ramal)values('');insert into telefone(tipo, ddd, telefone, id_contato)values('RESIDENCIAL', '', '5294708', currval('contato_id_seq'));insert into telefone(tipo, ddd, telefone, id_contato)values('COMERCIAL', '','0', currval('contato_id_seq'));insert into endereco (data_inicial_vigencia, endereco, cep)values('2000-01-01','RUA OLIMPIO SOARES DE CARVALHO, 255','4842370');insert into contribuinte(id,  data_cadastro, nome_empresa, id_endereco, id_contato, valor_contribuicao)values(139,'04/11/1994','NIVALDO GOMES DOS SANTOS',currval('endereco_id_seq'), currval('contato_id_seq'),0.00);insert into historico_status_contribuinte(data_inicial_vigencia, status)values('2001-01-01','ATIVADO');insert into contribuinte_historico_status_contribuinte(id_contribuinte, id_historico_status_contribuinte)values(139,currval('historico_status_contribuinte_id_seq'));
insert into contato(ramal)values('');insert into telefone(tipo, ddd, telefone, id_contato)values('RESIDENCIAL', '11', '38254785', currval('contato_id_seq'));insert into telefone(tipo, ddd, telefone, id_contato)values('COMERCIAL', '','0', currval('contato_id_seq'));insert into endereco (data_inicial_vigencia, endereco, cep)values('2000-01-01','R.ALBUQUERQUE LINS,634 AP.82-STA.CECILIA','1230300');insert into contribuinte(id,  data_cadastro, nome_empresa, id_endereco, id_contato, valor_contribuicao)values(141,'04/11/1994','MARIA DULCE CAMARGO MELLO',currval('endereco_id_seq'), currval('contato_id_seq'),20.00);insert into historico_status_contribuinte(data_inicial_vigencia, status)values('2001-01-01','ATIVADO');insert into contribuinte_historico_status_contribuinte(id_contribuinte, id_historico_status_contribuinte)values(141,currval('historico_status_contribuinte_id_seq'));
insert into contato(ramal)values('');insert into telefone(tipo, ddd, telefone, id_contato)values('RESIDENCIAL', '', '0', currval('contato_id_seq'));insert into telefone(tipo, ddd, telefone, id_contato)values('COMERCIAL', '','0', currval('contato_id_seq'));insert into endereco (data_inicial_vigencia, endereco, cep)values('2000-01-01','RUA OLIMPIO SOARES DE CARVALHO, 253','4842370');insert into contribuinte(id,  data_cadastro, nome_empresa, id_endereco, id_contato, valor_contribuicao)values(142,'04/11/1994','VITORIO ALVES DO SANTOS',currval('endereco_id_seq'), currval('contato_id_seq'),0.00);insert into historico_status_contribuinte(data_inicial_vigencia, status)values('2001-01-01','ATIVADO');insert into contribuinte_historico_status_contribuinte(id_contribuinte, id_historico_status_contribuinte)values(142,currval('historico_status_contribuinte_id_seq'));
insert into contato(ramal)values('');insert into telefone(tipo, ddd, telefone, id_contato)values('RESIDENCIAL', '', '0', currval('contato_id_seq'));insert into telefone(tipo, ddd, telefone, id_contato)values('COMERCIAL', '','0', currval('contato_id_seq'));insert into endereco (data_inicial_vigencia, endereco, cep)values('2000-01-01','R OLIMPIO SOARES DE CARVALHO, 255','4842370');insert into contribuinte(id,  data_cadastro, nome_empresa, id_endereco, id_contato, valor_contribuicao)values(143,'04/11/1994','MARIA DAS GRACAS DOS SANTOS',currval('endereco_id_seq'), currval('contato_id_seq'),0.00);insert into historico_status_contribuinte(data_inicial_vigencia, status)values('2001-01-01','ATIVADO');insert into contribuinte_historico_status_contribuinte(id_contribuinte, id_historico_status_contribuinte)values(143,currval('historico_status_contribuinte_id_seq'));
insert into contato(ramal)values('');insert into telefone(tipo, ddd, telefone, id_contato)values('RESIDENCIAL', '', '0', currval('contato_id_seq'));insert into telefone(tipo, ddd, telefone, id_contato)values('COMERCIAL', '11','9449276', currval('contato_id_seq'));insert into endereco (data_inicial_vigencia, endereco, cep)values('2000-01-01','R. IBOREPI, 214','3691040');insert into contribuinte(id,  data_cadastro, nome_empresa, id_endereco, id_contato, valor_contribuicao)values(144,'01/12/1995','EDSON COSTA',currval('endereco_id_seq'), currval('contato_id_seq'),0.00);insert into historico_status_contribuinte(data_inicial_vigencia, status)values('2001-01-01','ATIVADO');insert into contribuinte_historico_status_contribuinte(id_contribuinte, id_historico_status_contribuinte)values(144,currval('historico_status_contribuinte_id_seq'));
insert into contato(ramal)values('');insert into telefone(tipo, ddd, telefone, id_contato)values('RESIDENCIAL', '11', '8877', currval('contato_id_seq'));insert into telefone(tipo, ddd, telefone, id_contato)values('COMERCIAL', '11','8840866', currval('contato_id_seq'));insert into endereco (data_inicial_vigencia, endereco, cep)values('2000-01-01','R. TUTOIA, 811','4007004');insert into contribuinte(id,  data_cadastro, nome_empresa, id_endereco, id_contato, valor_contribuicao)values(145,'01/12/1995','CARLOS H.B. MORAES',currval('endereco_id_seq'), currval('contato_id_seq'),0.00);insert into historico_status_contribuinte(data_inicial_vigencia, status)values('2001-01-01','ATIVADO');insert into contribuinte_historico_status_contribuinte(id_contribuinte, id_historico_status_contribuinte)values(145,currval('historico_status_contribuinte_id_seq'));
insert into contato(ramal)values('');insert into telefone(tipo, ddd, telefone, id_contato)values('RESIDENCIAL', '', '0', currval('contato_id_seq'));insert into telefone(tipo, ddd, telefone, id_contato)values('COMERCIAL', '','0', currval('contato_id_seq'));insert into endereco (data_inicial_vigencia, endereco, cep)values('2000-01-01','AV DR HERMIDIO SALZANO, 745','13660000');insert into contribuinte(id,  data_cadastro, nome_empresa, id_endereco, id_contato, valor_contribuicao)values(146,'01/12/1995','VANESSA CARVALHO DOS SANTOS',currval('endereco_id_seq'), currval('contato_id_seq'),0.00);insert into historico_status_contribuinte(data_inicial_vigencia, status)values('2001-01-01','ATIVADO');insert into contribuinte_historico_status_contribuinte(id_contribuinte, id_historico_status_contribuinte)values(146,currval('historico_status_contribuinte_id_seq'));
insert into contato(ramal)values('');insert into telefone(tipo, ddd, telefone, id_contato)values('RESIDENCIAL', '', '2042280', currval('contato_id_seq'));insert into telefone(tipo, ddd, telefone, id_contato)values('COMERCIAL', '','0', currval('contato_id_seq'));insert into endereco (data_inicial_vigencia, endereco, cep)values('2000-01-01','AV ALBERTO ARNOLD, 88 APTO.14 JD.PARAISO','2417110');insert into contribuinte(id,  data_cadastro, nome_empresa, id_endereco, id_contato, valor_contribuicao)values(147,'31/10/1994','ANTONIO DA SILVA CARAPETO',currval('endereco_id_seq'), currval('contato_id_seq'),0.00);insert into historico_status_contribuinte(data_inicial_vigencia, status)values('2001-01-01','ATIVADO');insert into contribuinte_historico_status_contribuinte(id_contribuinte, id_historico_status_contribuinte)values(147,currval('historico_status_contribuinte_id_seq'));
insert into contato(ramal)values('');insert into telefone(tipo, ddd, telefone, id_contato)values('RESIDENCIAL', '', '8726855', currval('contato_id_seq'));insert into telefone(tipo, ddd, telefone, id_contato)values('COMERCIAL', '','0', currval('contato_id_seq'));insert into endereco (data_inicial_vigencia, endereco, cep)values('2000-01-01','R.TONELERO, 33 - LAPA','5056000');insert into contribuinte(id,  data_cadastro, nome_empresa, id_endereco, id_contato, valor_contribuicao)values(148,'31/10/1994','WEJART - CLICHERIA WEJART LTDA',currval('endereco_id_seq'), currval('contato_id_seq'),10.00);insert into historico_status_contribuinte(data_inicial_vigencia, status)values('2001-01-01','ATIVADO');insert into contribuinte_historico_status_contribuinte(id_contribuinte, id_historico_status_contribuinte)values(148,currval('historico_status_contribuinte_id_seq'));
insert into contato(ramal)values('');insert into telefone(tipo, ddd, telefone, id_contato)values('RESIDENCIAL', '', '38316278', currval('contato_id_seq'));insert into telefone(tipo, ddd, telefone, id_contato)values('COMERCIAL', '','0', currval('contato_id_seq'));insert into endereco (data_inicial_vigencia, endereco, cep)values('2000-01-01','R PONTAPORA, 812 ALTO DA LAPA','5058080');insert into contribuinte(id,  data_cadastro, nome_empresa, id_endereco, id_contato, valor_contribuicao)values(149,'31/10/1994','SANDRA CRISTINA ANDREOTTI',currval('endereco_id_seq'), currval('contato_id_seq'),10.00);insert into historico_status_contribuinte(data_inicial_vigencia, status)values('2001-01-01','ATIVADO');insert into contribuinte_historico_status_contribuinte(id_contribuinte, id_historico_status_contribuinte)values(149,currval('historico_status_contribuinte_id_seq'));
insert into contato(ramal)values('');insert into telefone(tipo, ddd, telefone, id_contato)values('RESIDENCIAL', '11', '8205536', currval('contato_id_seq'));insert into telefone(tipo, ddd, telefone, id_contato)values('COMERCIAL', '','0', currval('contato_id_seq'));insert into endereco (data_inicial_vigencia, endereco, cep)values('2000-01-01','R. DAS FIANDEIRAS, 372','4545002');insert into contribuinte(id,  data_cadastro, nome_empresa, id_endereco, id_contato, valor_contribuicao)values(150,'01/12/1995','BEATRIZ ELBA COTELESSA',currval('endereco_id_seq'), currval('contato_id_seq'),50.00);insert into historico_status_contribuinte(data_inicial_vigencia, status)values('2001-01-01','ATIVADO');insert into contribuinte_historico_status_contribuinte(id_contribuinte, id_historico_status_contribuinte)values(150,currval('historico_status_contribuinte_id_seq'));
insert into contato(ramal)values('');insert into telefone(tipo, ddd, telefone, id_contato)values('RESIDENCIAL', '', '2477331', currval('contato_id_seq'));insert into telefone(tipo, ddd, telefone, id_contato)values('COMERCIAL', '','0', currval('contato_id_seq'));insert into endereco (data_inicial_vigencia, endereco, cep)values('2000-01-01','RUA JOSE VICENTE CAVALHEIRO, 399','4719010');insert into contribuinte(id,  data_cadastro, nome_empresa, id_endereco, id_contato, valor_contribuicao)values(151,'04/11/1994','EMILIO ERNESTO ROSNER',currval('endereco_id_seq'), currval('contato_id_seq'),30.00);insert into historico_status_contribuinte(data_inicial_vigencia, status)values('2001-01-01','ATIVADO');insert into contribuinte_historico_status_contribuinte(id_contribuinte, id_historico_status_contribuinte)values(151,currval('historico_status_contribuinte_id_seq'));
insert into contato(ramal)values('');insert into telefone(tipo, ddd, telefone, id_contato)values('RESIDENCIAL', '', '59294708', currval('contato_id_seq'));insert into telefone(tipo, ddd, telefone, id_contato)values('COMERCIAL', '','0', currval('contato_id_seq'));insert into endereco (data_inicial_vigencia, endereco, cep)values('2000-01-01','R OLIMPIO SOARES DE CARVALHO, 265','4842370');insert into contribuinte(id,  data_cadastro, nome_empresa, id_endereco, id_contato, valor_contribuicao)values(152,'04/11/1994','CARLOS EDUARDO DE M.FAUSTINO',currval('endereco_id_seq'), currval('contato_id_seq'),10.00);insert into historico_status_contribuinte(data_inicial_vigencia, status)values('2001-01-01','ATIVADO');insert into contribuinte_historico_status_contribuinte(id_contribuinte, id_historico_status_contribuinte)values(152,currval('historico_status_contribuinte_id_seq'));
insert into contato(ramal)values('');insert into telefone(tipo, ddd, telefone, id_contato)values('RESIDENCIAL', '', '0', currval('contato_id_seq'));insert into telefone(tipo, ddd, telefone, id_contato)values('COMERCIAL', '11','4568221', currval('contato_id_seq'));insert into endereco (data_inicial_vigencia, endereco, cep)values('2000-01-01','R CARDOSO DE ALMEIDA,60 - CONJ. 132','5013000');insert into contribuinte(id,  data_cadastro, nome_empresa, id_endereco, id_contato, valor_contribuicao)values(153,'01/12/1995','LABOR-LUX COM. E LAB. FOTOGRAFICO LTDA',currval('endereco_id_seq'), currval('contato_id_seq'),0.00);insert into historico_status_contribuinte(data_inicial_vigencia, status)values('2001-01-01','ATIVADO');insert into contribuinte_historico_status_contribuinte(id_contribuinte, id_historico_status_contribuinte)values(153,currval('historico_status_contribuinte_id_seq'));
insert into contato(ramal)values('');insert into telefone(tipo, ddd, telefone, id_contato)values('RESIDENCIAL', '19', '2581', currval('contato_id_seq'));insert into telefone(tipo, ddd, telefone, id_contato)values('COMERCIAL', '','0', currval('contato_id_seq'));insert into endereco (data_inicial_vigencia, endereco, cep)values('2000-01-01','R. TREZE DE MAIO, 1161','13130590');insert into contribuinte(id,  data_cadastro, nome_empresa, id_endereco, id_contato, valor_contribuicao)values(155,'01/12/1995','WAGNER LISSO',currval('endereco_id_seq'), currval('contato_id_seq'),0.00);insert into historico_status_contribuinte(data_inicial_vigencia, status)values('2001-01-01','ATIVADO');insert into contribuinte_historico_status_contribuinte(id_contribuinte, id_historico_status_contribuinte)values(155,currval('historico_status_contribuinte_id_seq'));
insert into contato(ramal)values('');insert into telefone(tipo, ddd, telefone, id_contato)values('RESIDENCIAL', '11', '2854828', currval('contato_id_seq'));insert into telefone(tipo, ddd, telefone, id_contato)values('COMERCIAL', '','0', currval('contato_id_seq'));insert into endereco (data_inicial_vigencia, endereco, cep)values('2000-01-01','AL. PERUIBE, 115','6485090');insert into contribuinte(id,  data_cadastro, nome_empresa, id_endereco, id_contato, valor_contribuicao)values(156,'01/12/1995','FLAVIO CESAR MAIA LUZ',currval('endereco_id_seq'), currval('contato_id_seq'),0.00);insert into historico_status_contribuinte(data_inicial_vigencia, status)values('2001-01-01','ATIVADO');insert into contribuinte_historico_status_contribuinte(id_contribuinte, id_historico_status_contribuinte)values(156,currval('historico_status_contribuinte_id_seq'));
insert into contato(ramal)values('');insert into telefone(tipo, ddd, telefone, id_contato)values('RESIDENCIAL', '', '0', currval('contato_id_seq'));insert into telefone(tipo, ddd, telefone, id_contato)values('COMERCIAL', '11','2906848', currval('contato_id_seq'));insert into endereco (data_inicial_vigencia, endereco, cep)values('2000-01-01','R. VOLUNTARIOS DA PATRIA, 4212 - APTO.54','2402600');insert into contribuinte(id,  data_cadastro, nome_empresa, id_endereco, id_contato, valor_contribuicao)values(157,'01/12/1995','JOSE PAULO VAIANO',currval('endereco_id_seq'), currval('contato_id_seq'),70.00);insert into historico_status_contribuinte(data_inicial_vigencia, status)values('2001-01-01','ATIVADO');insert into contribuinte_historico_status_contribuinte(id_contribuinte, id_historico_status_contribuinte)values(157,currval('historico_status_contribuinte_id_seq'));
insert into contato(ramal)values('');insert into telefone(tipo, ddd, telefone, id_contato)values('RESIDENCIAL', '11', '78308664', currval('contato_id_seq'));insert into telefone(tipo, ddd, telefone, id_contato)values('COMERCIAL', '11','9688944', currval('contato_id_seq'));insert into endereco (data_inicial_vigencia, endereco, cep)values('2000-01-01','R PAMPLONA 444 APTO 51','1405000');insert into contribuinte(id,  data_cadastro, nome_empresa, id_endereco, id_contato, valor_contribuicao)values(159,'01/12/1995','AILTON JOSE REBELO',currval('endereco_id_seq'), currval('contato_id_seq'),70.00);insert into historico_status_contribuinte(data_inicial_vigencia, status)values('2001-01-01','ATIVADO');insert into contribuinte_historico_status_contribuinte(id_contribuinte, id_historico_status_contribuinte)values(159,currval('historico_status_contribuinte_id_seq'));
insert into contato(ramal)values('');insert into telefone(tipo, ddd, telefone, id_contato)values('RESIDENCIAL', '11', '968', currval('contato_id_seq'));insert into telefone(tipo, ddd, telefone, id_contato)values('COMERCIAL', '11','64616284', currval('contato_id_seq'));insert into endereco (data_inicial_vigencia, endereco, cep)values('2000-01-01','RUA VINTE QUATRO DE OUTUBRO, N 17','7060000');insert into contribuinte(id,  data_cadastro, nome_empresa, id_endereco, id_contato, valor_contribuicao)values(161,'01/12/1995','ANTONIO DE JESUS CABRAL DA SILVA',currval('endereco_id_seq'), currval('contato_id_seq'),0.00);insert into historico_status_contribuinte(data_inicial_vigencia, status)values('2001-01-01','ATIVADO');insert into contribuinte_historico_status_contribuinte(id_contribuinte, id_historico_status_contribuinte)values(161,currval('historico_status_contribuinte_id_seq'));
insert into contato(ramal)values('');insert into telefone(tipo, ddd, telefone, id_contato)values('RESIDENCIAL', '11', '968', currval('contato_id_seq'));insert into telefone(tipo, ddd, telefone, id_contato)values('COMERCIAL', '11','64616431', currval('contato_id_seq'));insert into endereco (data_inicial_vigencia, endereco, cep)values('2000-01-01','R TAVARES, 54 - APTO. 23-B','7113110');insert into contribuinte(id,  data_cadastro, nome_empresa, id_endereco, id_contato, valor_contribuicao)values(162,'01/12/1995','EMILIO WILLIAN PERONI',currval('endereco_id_seq'), currval('contato_id_seq'),0.00);insert into historico_status_contribuinte(data_inicial_vigencia, status)values('2001-01-01','ATIVADO');insert into contribuinte_historico_status_contribuinte(id_contribuinte, id_historico_status_contribuinte)values(162,currval('historico_status_contribuinte_id_seq'));
insert into contato(ramal)values('');insert into telefone(tipo, ddd, telefone, id_contato)values('RESIDENCIAL', '', '0', currval('contato_id_seq'));insert into telefone(tipo, ddd, telefone, id_contato)values('COMERCIAL', '','0', currval('contato_id_seq'));insert into endereco (data_inicial_vigencia, endereco, cep)values('2000-01-01','R. TUCUNA, 569','5021010');insert into contribuinte(id,  data_cadastro, nome_empresa, id_endereco, id_contato, valor_contribuicao)values(163,'01/12/1995','CRISTIANA CERQUIARI',currval('endereco_id_seq'), currval('contato_id_seq'),0.00);insert into historico_status_contribuinte(data_inicial_vigencia, status)values('2001-01-01','ATIVADO');insert into contribuinte_historico_status_contribuinte(id_contribuinte, id_historico_status_contribuinte)values(163,currval('historico_status_contribuinte_id_seq'));
insert into contato(ramal)values('');insert into telefone(tipo, ddd, telefone, id_contato)values('RESIDENCIAL', '', '0', currval('contato_id_seq'));insert into telefone(tipo, ddd, telefone, id_contato)values('COMERCIAL', '','0', currval('contato_id_seq'));insert into endereco (data_inicial_vigencia, endereco, cep)values('2000-01-01','TRAVESSA MONTE CLARO, 65','9310150');insert into contribuinte(id,  data_cadastro, nome_empresa, id_endereco, id_contato, valor_contribuicao)values(165,'01/12/1995','FABIANA PALKO',currval('endereco_id_seq'), currval('contato_id_seq'),0.00);insert into historico_status_contribuinte(data_inicial_vigencia, status)values('2001-01-01','ATIVADO');insert into contribuinte_historico_status_contribuinte(id_contribuinte, id_historico_status_contribuinte)values(165,currval('historico_status_contribuinte_id_seq'));
insert into contato(ramal)values('');insert into telefone(tipo, ddd, telefone, id_contato)values('RESIDENCIAL', '11', '2937119', currval('contato_id_seq'));insert into telefone(tipo, ddd, telefone, id_contato)values('COMERCIAL', '','0', currval('contato_id_seq'));insert into endereco (data_inicial_vigencia, endereco, cep)values('2000-01-01','RUA DO TATUAPé 349   CASA 3','3089030');insert into contribuinte(id,  data_cadastro, nome_empresa, id_endereco, id_contato, valor_contribuicao)values(166,'01/12/1995','DULCE CONSTANZO',currval('endereco_id_seq'), currval('contato_id_seq'),5.00);insert into historico_status_contribuinte(data_inicial_vigencia, status)values('2001-01-01','ATIVADO');insert into contribuinte_historico_status_contribuinte(id_contribuinte, id_historico_status_contribuinte)values(166,currval('historico_status_contribuinte_id_seq'));
insert into contato(ramal)values('');insert into telefone(tipo, ddd, telefone, id_contato)values('RESIDENCIAL', '11', '2112170', currval('contato_id_seq'));insert into telefone(tipo, ddd, telefone, id_contato)values('COMERCIAL', '','0', currval('contato_id_seq'));insert into endereco (data_inicial_vigencia, endereco, cep)values('2000-01-01','R ISABEL DE CASTELA, 330 APTO.103','5445010');insert into contribuinte(id,  data_cadastro, nome_empresa, id_endereco, id_contato, valor_contribuicao)values(167,'01/12/1995','CRISTINA M. PEREIRA BARROS',currval('endereco_id_seq'), currval('contato_id_seq'),0.00);insert into historico_status_contribuinte(data_inicial_vigencia, status)values('2001-01-01','ATIVADO');insert into contribuinte_historico_status_contribuinte(id_contribuinte, id_historico_status_contribuinte)values(167,currval('historico_status_contribuinte_id_seq'));
insert into contato(ramal)values('');insert into telefone(tipo, ddd, telefone, id_contato)values('RESIDENCIAL', '11', '2017458', currval('contato_id_seq'));insert into telefone(tipo, ddd, telefone, id_contato)values('COMERCIAL', '','0', currval('contato_id_seq'));insert into endereco (data_inicial_vigencia, endereco, cep)values('2000-01-01','AV. DO POETA, 795 - APTO. 14B','2161160');insert into contribuinte(id,  data_cadastro, nome_empresa, id_endereco, id_contato, valor_contribuicao)values(168,'01/12/1995','MARIA FRANSCISCA R. DOS SANTOS',currval('endereco_id_seq'), currval('contato_id_seq'),10.00);insert into historico_status_contribuinte(data_inicial_vigencia, status)values('2001-01-01','ATIVADO');insert into contribuinte_historico_status_contribuinte(id_contribuinte, id_historico_status_contribuinte)values(168,currval('historico_status_contribuinte_id_seq'));
insert into contato(ramal)values('');insert into telefone(tipo, ddd, telefone, id_contato)values('RESIDENCIAL', '', '0', currval('contato_id_seq'));insert into telefone(tipo, ddd, telefone, id_contato)values('COMERCIAL', '','0', currval('contato_id_seq'));insert into endereco (data_inicial_vigencia, endereco, cep)values('2000-01-01','R DR SILVINO C. DE ABREU,434 - APTO. 21','4624050');insert into contribuinte(id,  data_cadastro, nome_empresa, id_endereco, id_contato, valor_contribuicao)values(170,'27/04/1994','JOSE LUIS MARQUEZINI',currval('endereco_id_seq'), currval('contato_id_seq'),0.00);insert into historico_status_contribuinte(data_inicial_vigencia, status)values('2001-01-01','ATIVADO');insert into contribuinte_historico_status_contribuinte(id_contribuinte, id_historico_status_contribuinte)values(170,currval('historico_status_contribuinte_id_seq'));
insert into contato(ramal)values('');insert into telefone(tipo, ddd, telefone, id_contato)values('RESIDENCIAL', '11', '2417973', currval('contato_id_seq'));insert into telefone(tipo, ddd, telefone, id_contato)values('COMERCIAL', '','0', currval('contato_id_seq'));insert into endereco (data_inicial_vigencia, endereco, cep)values('2000-01-01','R. CRISTOVAO PEREIRA, 1180','4620011');insert into contribuinte(id,  data_cadastro, nome_empresa, id_endereco, id_contato, valor_contribuicao)values(171,'27/04/1994','BENITA CRUZ GENERALI',currval('endereco_id_seq'), currval('contato_id_seq'),10.00);insert into historico_status_contribuinte(data_inicial_vigencia, status)values('2001-01-01','ATIVADO');insert into contribuinte_historico_status_contribuinte(id_contribuinte, id_historico_status_contribuinte)values(171,currval('historico_status_contribuinte_id_seq'));
insert into contato(ramal)values('');insert into telefone(tipo, ddd, telefone, id_contato)values('RESIDENCIAL', '', '0', currval('contato_id_seq'));insert into telefone(tipo, ddd, telefone, id_contato)values('COMERCIAL', '','0', currval('contato_id_seq'));insert into endereco (data_inicial_vigencia, endereco, cep)values('2000-01-01','R. MONTEIRO DE MELO, 519 A','5050000');insert into contribuinte(id,  data_cadastro, nome_empresa, id_endereco, id_contato, valor_contribuicao)values(172,'27/04/1994','VICENTE CAMPOS BENVENGA',currval('endereco_id_seq'), currval('contato_id_seq'),0.00);insert into historico_status_contribuinte(data_inicial_vigencia, status)values('2001-01-01','ATIVADO');insert into contribuinte_historico_status_contribuinte(id_contribuinte, id_historico_status_contribuinte)values(172,currval('historico_status_contribuinte_id_seq'));
insert into contato(ramal)values('');insert into telefone(tipo, ddd, telefone, id_contato)values('RESIDENCIAL', '11', '2744866', currval('contato_id_seq'));insert into telefone(tipo, ddd, telefone, id_contato)values('COMERCIAL', '','0', currval('contato_id_seq'));insert into endereco (data_inicial_vigencia, endereco, cep)values('2000-01-01','R. ALIANCA LIBERAL, 193 -V.LEOPOLDINA','5088000');insert into contribuinte(id,  data_cadastro, nome_empresa, id_endereco, id_contato, valor_contribuicao)values(173,'27/04/1994','MARIO LORENZI',currval('endereco_id_seq'), currval('contato_id_seq'),30.00);insert into historico_status_contribuinte(data_inicial_vigencia, status)values('2001-01-01','ATIVADO');insert into contribuinte_historico_status_contribuinte(id_contribuinte, id_historico_status_contribuinte)values(173,currval('historico_status_contribuinte_id_seq'));
insert into contato(ramal)values('');insert into telefone(tipo, ddd, telefone, id_contato)values('RESIDENCIAL', '', '0', currval('contato_id_seq'));insert into telefone(tipo, ddd, telefone, id_contato)values('COMERCIAL', '','0', currval('contato_id_seq'));insert into endereco (data_inicial_vigencia, endereco, cep)values('2000-01-01','R VESPASIANO, 1130','5044050');insert into contribuinte(id,  data_cadastro, nome_empresa, id_endereco, id_contato, valor_contribuicao)values(174,'27/04/1994','ISABEL GARCIA PERES',currval('endereco_id_seq'), currval('contato_id_seq'),0.00);insert into historico_status_contribuinte(data_inicial_vigencia, status)values('2001-01-01','ATIVADO');insert into contribuinte_historico_status_contribuinte(id_contribuinte, id_historico_status_contribuinte)values(174,currval('historico_status_contribuinte_id_seq'));
insert into contato(ramal)values('');insert into telefone(tipo, ddd, telefone, id_contato)values('RESIDENCIAL', '11', '8640533', currval('contato_id_seq'));insert into telefone(tipo, ddd, telefone, id_contato)values('COMERCIAL', '','0', currval('contato_id_seq'));insert into endereco (data_inicial_vigencia, endereco, cep)values('2000-01-01','R. MINISTRO GODOY, 301','5015000');insert into contribuinte(id,  data_cadastro, nome_empresa, id_endereco, id_contato, valor_contribuicao)values(175,'09/05/1994','APARECIDA CRISTINA LIMA DE OLIVEIRA',currval('endereco_id_seq'), currval('contato_id_seq'),0.00);insert into historico_status_contribuinte(data_inicial_vigencia, status)values('2001-01-01','ATIVADO');insert into contribuinte_historico_status_contribuinte(id_contribuinte, id_historico_status_contribuinte)values(175,currval('historico_status_contribuinte_id_seq'));
insert into contato(ramal)values('');insert into telefone(tipo, ddd, telefone, id_contato)values('RESIDENCIAL', '11', '2610316', currval('contato_id_seq'));insert into telefone(tipo, ddd, telefone, id_contato)values('COMERCIAL', '','0', currval('contato_id_seq'));insert into endereco (data_inicial_vigencia, endereco, cep)values('2000-01-01','R. MARQUES DE PARANA, 567 - APTO. 51-A','5086010');insert into contribuinte(id,  data_cadastro, nome_empresa, id_endereco, id_contato, valor_contribuicao)values(176,'09/05/1994','AFFONSO MASSELLA JUNIOR',currval('endereco_id_seq'), currval('contato_id_seq'),0.00);insert into historico_status_contribuinte(data_inicial_vigencia, status)values('2001-01-01','ATIVADO');insert into contribuinte_historico_status_contribuinte(id_contribuinte, id_historico_status_contribuinte)values(176,currval('historico_status_contribuinte_id_seq'));
insert into contato(ramal)values('');insert into telefone(tipo, ddd, telefone, id_contato)values('RESIDENCIAL', '11', '8764', currval('contato_id_seq'));insert into telefone(tipo, ddd, telefone, id_contato)values('COMERCIAL', '','0', currval('contato_id_seq'));insert into endereco (data_inicial_vigencia, endereco, cep)values('2000-01-01','R CANER 51 BL 10 AP 32','2932090');insert into contribuinte(id,  data_cadastro, nome_empresa, id_endereco, id_contato, valor_contribuicao)values(177,'09/05/1994','WAGNER FERRARI',currval('endereco_id_seq'), currval('contato_id_seq'),0.00);insert into historico_status_contribuinte(data_inicial_vigencia, status)values('2001-01-01','ATIVADO');insert into contribuinte_historico_status_contribuinte(id_contribuinte, id_historico_status_contribuinte)values(177,currval('historico_status_contribuinte_id_seq'));
insert into contato(ramal)values('');insert into telefone(tipo, ddd, telefone, id_contato)values('RESIDENCIAL', '11', '8715478', currval('contato_id_seq'));insert into telefone(tipo, ddd, telefone, id_contato)values('COMERCIAL', '','0', currval('contato_id_seq'));insert into endereco (data_inicial_vigencia, endereco, cep)values('2000-01-01','R. SEPETIBA, 614','5052000');insert into contribuinte(id,  data_cadastro, nome_empresa, id_endereco, id_contato, valor_contribuicao)values(178,'09/05/1994','LUIZ CARLOS CARPI',currval('endereco_id_seq'), currval('contato_id_seq'),0.00);insert into historico_status_contribuinte(data_inicial_vigencia, status)values('2001-01-01','ATIVADO');insert into contribuinte_historico_status_contribuinte(id_contribuinte, id_historico_status_contribuinte)values(178,currval('historico_status_contribuinte_id_seq'));
insert into contato(ramal)values('');insert into telefone(tipo, ddd, telefone, id_contato)values('RESIDENCIAL', '11', '2680580', currval('contato_id_seq'));insert into telefone(tipo, ddd, telefone, id_contato)values('COMERCIAL', '','0', currval('contato_id_seq'));insert into endereco (data_inicial_vigencia, endereco, cep)values('2000-01-01','R SENTENTA, QUADRA 52, 181','6020150');insert into contribuinte(id,  data_cadastro, nome_empresa, id_endereco, id_contato, valor_contribuicao)values(179,'09/05/1994','OSCAR PASSOS PIRO',currval('endereco_id_seq'), currval('contato_id_seq'),20.00);insert into historico_status_contribuinte(data_inicial_vigencia, status)values('2001-01-01','ATIVADO');insert into contribuinte_historico_status_contribuinte(id_contribuinte, id_historico_status_contribuinte)values(179,currval('historico_status_contribuinte_id_seq'));
insert into contato(ramal)values('');insert into telefone(tipo, ddd, telefone, id_contato)values('RESIDENCIAL', '11', '8712563', currval('contato_id_seq'));insert into telefone(tipo, ddd, telefone, id_contato)values('COMERCIAL', '','0', currval('contato_id_seq'));insert into endereco (data_inicial_vigencia, endereco, cep)values('2000-01-01','R. CORONEL HAROLDO PACHECO SILVA, 71','5055030');insert into contribuinte(id,  data_cadastro, nome_empresa, id_endereco, id_contato, valor_contribuicao)values(180,'09/05/1994','SERGIO PIRO',currval('endereco_id_seq'), currval('contato_id_seq'),70.00);insert into historico_status_contribuinte(data_inicial_vigencia, status)values('2001-01-01','ATIVADO');insert into contribuinte_historico_status_contribuinte(id_contribuinte, id_historico_status_contribuinte)values(180,currval('historico_status_contribuinte_id_seq'));
insert into contato(ramal)values('');insert into telefone(tipo, ddd, telefone, id_contato)values('RESIDENCIAL', '11', '2626559', currval('contato_id_seq'));insert into telefone(tipo, ddd, telefone, id_contato)values('COMERCIAL', '11','99335224', currval('contato_id_seq'));insert into endereco (data_inicial_vigencia, endereco, cep)values('2000-01-01','R MINISTRO GODOY, 860 - APTO. 3104','5015000');insert into contribuinte(id,  data_cadastro, nome_empresa, id_endereco, id_contato, valor_contribuicao)values(181,'09/05/1994','CELSO NASCIMENTO ALVES',currval('endereco_id_seq'), currval('contato_id_seq'),0.00);insert into historico_status_contribuinte(data_inicial_vigencia, status)values('2001-01-01','ATIVADO');insert into contribuinte_historico_status_contribuinte(id_contribuinte, id_historico_status_contribuinte)values(181,currval('historico_status_contribuinte_id_seq'));
insert into contato(ramal)values('');insert into telefone(tipo, ddd, telefone, id_contato)values('RESIDENCIAL', '11', '2113505', currval('contato_id_seq'));insert into telefone(tipo, ddd, telefone, id_contato)values('COMERCIAL', '','0', currval('contato_id_seq'));insert into endereco (data_inicial_vigencia, endereco, cep)values('2000-01-01','R. HARMONIA, 755 - APTO. 64','5435000');insert into contribuinte(id,  data_cadastro, nome_empresa, id_endereco, id_contato, valor_contribuicao)values(182,'09/05/1994','CELSO EDUARDO DA SILVEIRA',currval('endereco_id_seq'), currval('contato_id_seq'),0.00);insert into historico_status_contribuinte(data_inicial_vigencia, status)values('2001-01-01','ATIVADO');insert into contribuinte_historico_status_contribuinte(id_contribuinte, id_historico_status_contribuinte)values(182,currval('historico_status_contribuinte_id_seq'));
insert into contato(ramal)values('');insert into telefone(tipo, ddd, telefone, id_contato)values('RESIDENCIAL', '', '0', currval('contato_id_seq'));insert into telefone(tipo, ddd, telefone, id_contato)values('COMERCIAL', '11','5423153', currval('contato_id_seq'));insert into endereco (data_inicial_vigencia, endereco, cep)values('2000-01-01','RUA FERNAO DIAS, 128 - APTO. 62A','5427000');insert into contribuinte(id,  data_cadastro, nome_empresa, id_endereco, id_contato, valor_contribuicao)values(183,'09/05/1994','NIVALDO DE CAMPOS PEREIRA',currval('endereco_id_seq'), currval('contato_id_seq'),0.00);insert into historico_status_contribuinte(data_inicial_vigencia, status)values('2001-01-01','ATIVADO');insert into contribuinte_historico_status_contribuinte(id_contribuinte, id_historico_status_contribuinte)values(183,currval('historico_status_contribuinte_id_seq'));
insert into contato(ramal)values('');insert into telefone(tipo, ddd, telefone, id_contato)values('RESIDENCIAL', '11', '38342205', currval('contato_id_seq'));insert into telefone(tipo, ddd, telefone, id_contato)values('COMERCIAL', '','0', currval('contato_id_seq'));insert into endereco (data_inicial_vigencia, endereco, cep)values('2000-01-01','R PRES. ANTONIO CANDIDO, 98 APTO.104','5083060');insert into contribuinte(id,  data_cadastro, nome_empresa, id_endereco, id_contato, valor_contribuicao)values(184,'09/05/1994','ANTONIO HELIO LOMBARDI',currval('endereco_id_seq'), currval('contato_id_seq'),5.00);insert into historico_status_contribuinte(data_inicial_vigencia, status)values('2001-01-01','ATIVADO');insert into contribuinte_historico_status_contribuinte(id_contribuinte, id_historico_status_contribuinte)values(184,currval('historico_status_contribuinte_id_seq'));
insert into contato(ramal)values('');insert into telefone(tipo, ddd, telefone, id_contato)values('RESIDENCIAL', '11', '8253315', currval('contato_id_seq'));insert into telefone(tipo, ddd, telefone, id_contato)values('COMERCIAL', '','0', currval('contato_id_seq'));insert into endereco (data_inicial_vigencia, endereco, cep)values('2000-01-01','AV. THOMAZ EDSON, 425','1140000');insert into contribuinte(id,  data_cadastro, nome_empresa, id_endereco, id_contato, valor_contribuicao)values(185,'09/05/1994','ANTONIO NETTO PINHEIRO',currval('endereco_id_seq'), currval('contato_id_seq'),20.00);insert into historico_status_contribuinte(data_inicial_vigencia, status)values('2001-01-01','ATIVADO');insert into contribuinte_historico_status_contribuinte(id_contribuinte, id_historico_status_contribuinte)values(185,currval('historico_status_contribuinte_id_seq'));
insert into contato(ramal)values('');insert into telefone(tipo, ddd, telefone, id_contato)values('RESIDENCIAL', '11', '2600700', currval('contato_id_seq'));insert into telefone(tipo, ddd, telefone, id_contato)values('COMERCIAL', '','0', currval('contato_id_seq'));insert into endereco (data_inicial_vigencia, endereco, cep)values('2000-01-01','R CAMBURIU, 71','5058020');insert into contribuinte(id,  data_cadastro, nome_empresa, id_endereco, id_contato, valor_contribuicao)values(186,'09/05/1994','HELIO ANTONIO ITAJUBA',currval('endereco_id_seq'), currval('contato_id_seq'),0.00);insert into historico_status_contribuinte(data_inicial_vigencia, status)values('2001-01-01','ATIVADO');insert into contribuinte_historico_status_contribuinte(id_contribuinte, id_historico_status_contribuinte)values(186,currval('historico_status_contribuinte_id_seq'));
insert into contato(ramal)values('');insert into telefone(tipo, ddd, telefone, id_contato)values('RESIDENCIAL', '11', '8330354', currval('contato_id_seq'));insert into telefone(tipo, ddd, telefone, id_contato)values('COMERCIAL', '','0', currval('contato_id_seq'));insert into endereco (data_inicial_vigencia, endereco, cep)values('2000-01-01','R SCHILLING, 84 - APTO. 32','5302000');insert into contribuinte(id,  data_cadastro, nome_empresa, id_endereco, id_contato, valor_contribuicao)values(187,'09/05/1994','LORETA MARIA CASALLI LOURENCO',currval('endereco_id_seq'), currval('contato_id_seq'),25.00);insert into historico_status_contribuinte(data_inicial_vigencia, status)values('2001-01-01','ATIVADO');insert into contribuinte_historico_status_contribuinte(id_contribuinte, id_historico_status_contribuinte)values(187,currval('historico_status_contribuinte_id_seq'));
insert into contato(ramal)values('');insert into telefone(tipo, ddd, telefone, id_contato)values('RESIDENCIAL', '', '0', currval('contato_id_seq'));insert into telefone(tipo, ddd, telefone, id_contato)values('COMERCIAL', '','0', currval('contato_id_seq'));insert into endereco (data_inicial_vigencia, endereco, cep)values('2000-01-01','R. ANTONIO CARLOS PEREIRA, 55','5121070');insert into contribuinte(id,  data_cadastro, nome_empresa, id_endereco, id_contato, valor_contribuicao)values(188,'09/05/1994','DIMER ANTONINHO AKIAU',currval('endereco_id_seq'), currval('contato_id_seq'),10.00);insert into historico_status_contribuinte(data_inicial_vigencia, status)values('2001-01-01','ATIVADO');insert into contribuinte_historico_status_contribuinte(id_contribuinte, id_historico_status_contribuinte)values(188,currval('historico_status_contribuinte_id_seq'));
insert into contato(ramal)values('');insert into telefone(tipo, ddd, telefone, id_contato)values('RESIDENCIAL', '11', '2744866', currval('contato_id_seq'));insert into telefone(tipo, ddd, telefone, id_contato)values('COMERCIAL', '','0', currval('contato_id_seq'));insert into endereco (data_inicial_vigencia, endereco, cep)values('2000-01-01','R. SILVA BUENO, 975','4208050');insert into contribuinte(id,  data_cadastro, nome_empresa, id_endereco, id_contato, valor_contribuicao)values(189,'09/05/1994','SERGIO FIGUEIREDO',currval('endereco_id_seq'), currval('contato_id_seq'),0.00);insert into historico_status_contribuinte(data_inicial_vigencia, status)values('2001-01-01','ATIVADO');insert into contribuinte_historico_status_contribuinte(id_contribuinte, id_historico_status_contribuinte)values(189,currval('historico_status_contribuinte_id_seq'));
insert into contato(ramal)values('');insert into telefone(tipo, ddd, telefone, id_contato)values('RESIDENCIAL', '11', '620203', currval('contato_id_seq'));insert into telefone(tipo, ddd, telefone, id_contato)values('COMERCIAL', '','0', currval('contato_id_seq'));insert into endereco (data_inicial_vigencia, endereco, cep)values('2000-01-01','R. CROATA, 227 - APTO. 51','5056020');insert into contribuinte(id,  data_cadastro, nome_empresa, id_endereco, id_contato, valor_contribuicao)values(190,'09/05/1994','MARIA DE LOS REYES PERES R. LONGATTO',currval('endereco_id_seq'), currval('contato_id_seq'),0.00);insert into historico_status_contribuinte(data_inicial_vigencia, status)values('2001-01-01','ATIVADO');insert into contribuinte_historico_status_contribuinte(id_contribuinte, id_historico_status_contribuinte)values(190,currval('historico_status_contribuinte_id_seq'));
insert into contato(ramal)values('');insert into telefone(tipo, ddd, telefone, id_contato)values('RESIDENCIAL', '11', '651231', currval('contato_id_seq'));insert into telefone(tipo, ddd, telefone, id_contato)values('COMERCIAL', '','0', currval('contato_id_seq'));insert into endereco (data_inicial_vigencia, endereco, cep)values('2000-01-01','R. MONTEIRO DE MELO, 279','5050000');insert into contribuinte(id,  data_cadastro, nome_empresa, id_endereco, id_contato, valor_contribuicao)values(191,'09/05/1994','AUTO POSTO DETROID LTDA',currval('endereco_id_seq'), currval('contato_id_seq'),50.00);insert into historico_status_contribuinte(data_inicial_vigencia, status)values('2001-01-01','ATIVADO');insert into contribuinte_historico_status_contribuinte(id_contribuinte, id_historico_status_contribuinte)values(191,currval('historico_status_contribuinte_id_seq'));
insert into contato(ramal)values('');insert into telefone(tipo, ddd, telefone, id_contato)values('RESIDENCIAL', '', '0', currval('contato_id_seq'));insert into telefone(tipo, ddd, telefone, id_contato)values('COMERCIAL', '11','2622200', currval('contato_id_seq'));insert into endereco (data_inicial_vigencia, endereco, cep)values('2000-01-01','R. VESPASIANO, 1053','5044050');insert into contribuinte(id,  data_cadastro, nome_empresa, id_endereco, id_contato, valor_contribuicao)values(192,'09/05/1994','MARCOS LORENZI',currval('endereco_id_seq'), currval('contato_id_seq'),0.00);insert into historico_status_contribuinte(data_inicial_vigencia, status)values('2001-01-01','ATIVADO');insert into contribuinte_historico_status_contribuinte(id_contribuinte, id_historico_status_contribuinte)values(192,currval('historico_status_contribuinte_id_seq'));
insert into contato(ramal)values('');insert into telefone(tipo, ddd, telefone, id_contato)values('RESIDENCIAL', '11', '8713934', currval('contato_id_seq'));insert into telefone(tipo, ddd, telefone, id_contato)values('COMERCIAL', '','0', currval('contato_id_seq'));insert into endereco (data_inicial_vigencia, endereco, cep)values('2000-01-01','R. FAUSTOLO, 604 - APTO. 33','5041000');insert into contribuinte(id,  data_cadastro, nome_empresa, id_endereco, id_contato, valor_contribuicao)values(193,'09/05/1994','DEBORAH NARDI',currval('endereco_id_seq'), currval('contato_id_seq'),0.00);insert into historico_status_contribuinte(data_inicial_vigencia, status)values('2001-01-01','ATIVADO');insert into contribuinte_historico_status_contribuinte(id_contribuinte, id_historico_status_contribuinte)values(193,currval('historico_status_contribuinte_id_seq'));
insert into contato(ramal)values('');insert into telefone(tipo, ddd, telefone, id_contato)values('RESIDENCIAL', '11', '8359466', currval('contato_id_seq'));insert into telefone(tipo, ddd, telefone, id_contato)values('COMERCIAL', '','0', currval('contato_id_seq'));insert into endereco (data_inicial_vigencia, endereco, cep)values('2000-01-01','R MANUQUE, 460 - APTO.142','5302031');insert into contribuinte(id,  data_cadastro, nome_empresa, id_endereco, id_contato, valor_contribuicao)values(194,'09/05/1994','FRANCISCO MARQUEZINI',currval('endereco_id_seq'), currval('contato_id_seq'),20.00);insert into historico_status_contribuinte(data_inicial_vigencia, status)values('2001-01-01','ATIVADO');insert into contribuinte_historico_status_contribuinte(id_contribuinte, id_historico_status_contribuinte)values(194,currval('historico_status_contribuinte_id_seq'));
insert into contato(ramal)values('');insert into telefone(tipo, ddd, telefone, id_contato)values('RESIDENCIAL', '11', '55893995', currval('contato_id_seq'));insert into telefone(tipo, ddd, telefone, id_contato)values('COMERCIAL', '','0', currval('contato_id_seq'));insert into endereco (data_inicial_vigencia, endereco, cep)values('2000-01-01','R. FONSECA DA COSTA, 468','4151060');insert into contribuinte(id,  data_cadastro, nome_empresa, id_endereco, id_contato, valor_contribuicao)values(195,'09/05/1994','ANGELA SCATENA PRIMO',currval('endereco_id_seq'), currval('contato_id_seq'),60.00);insert into historico_status_contribuinte(data_inicial_vigencia, status)values('2001-01-01','ATIVADO');insert into contribuinte_historico_status_contribuinte(id_contribuinte, id_historico_status_contribuinte)values(195,currval('historico_status_contribuinte_id_seq'));
insert into contato(ramal)values('');insert into telefone(tipo, ddd, telefone, id_contato)values('RESIDENCIAL', '11', '9524600', currval('contato_id_seq'));insert into telefone(tipo, ddd, telefone, id_contato)values('COMERCIAL', '','0', currval('contato_id_seq'));insert into endereco (data_inicial_vigencia, endereco, cep)values('2000-01-01','R BENTO ARAUJO, 149 - APTO. 142','2345040');insert into contribuinte(id,  data_cadastro, nome_empresa, id_endereco, id_contato, valor_contribuicao)values(196,'09/05/1994','ELOISE ROSINI VOLP',currval('endereco_id_seq'), currval('contato_id_seq'),0.00);insert into historico_status_contribuinte(data_inicial_vigencia, status)values('2001-01-01','ATIVADO');insert into contribuinte_historico_status_contribuinte(id_contribuinte, id_historico_status_contribuinte)values(196,currval('historico_status_contribuinte_id_seq'));
insert into contato(ramal)values('');insert into telefone(tipo, ddd, telefone, id_contato)values('RESIDENCIAL', '', '0', currval('contato_id_seq'));insert into telefone(tipo, ddd, telefone, id_contato)values('COMERCIAL', '','0', currval('contato_id_seq'));insert into endereco (data_inicial_vigencia, endereco, cep)values('2000-01-01','R. XV DE NOVEMBRO, 201 - 2 ANDAR','1013001');insert into contribuinte(id,  data_cadastro, nome_empresa, id_endereco, id_contato, valor_contribuicao)values(197,'13/05/1994','ANTONIO CARLOS GONCALVES',currval('endereco_id_seq'), currval('contato_id_seq'),0.00);insert into historico_status_contribuinte(data_inicial_vigencia, status)values('2001-01-01','ATIVADO');insert into contribuinte_historico_status_contribuinte(id_contribuinte, id_historico_status_contribuinte)values(197,currval('historico_status_contribuinte_id_seq'));
insert into contato(ramal)values('');insert into telefone(tipo, ddd, telefone, id_contato)values('RESIDENCIAL', '', '0', currval('contato_id_seq'));insert into telefone(tipo, ddd, telefone, id_contato)values('COMERCIAL', '','0', currval('contato_id_seq'));insert into endereco (data_inicial_vigencia, endereco, cep)values('2000-01-01','R. XV DE NOVEMBRO, 201 - 5 ANDAR','1013001');insert into contribuinte(id,  data_cadastro, nome_empresa, id_endereco, id_contato, valor_contribuicao)values(198,'13/05/1994','VERA LUCIA GONCALVES DA SILVA',currval('endereco_id_seq'), currval('contato_id_seq'),0.00);insert into historico_status_contribuinte(data_inicial_vigencia, status)values('2001-01-01','ATIVADO');insert into contribuinte_historico_status_contribuinte(id_contribuinte, id_historico_status_contribuinte)values(198,currval('historico_status_contribuinte_id_seq'));
insert into contato(ramal)values('');insert into telefone(tipo, ddd, telefone, id_contato)values('RESIDENCIAL', '', '0', currval('contato_id_seq'));insert into telefone(tipo, ddd, telefone, id_contato)values('COMERCIAL', '11','9588191', currval('contato_id_seq'));insert into endereco (data_inicial_vigencia, endereco, cep)values('2000-01-01','R. IMPATA, 45','3663010');insert into contribuinte(id,  data_cadastro, nome_empresa, id_endereco, id_contato, valor_contribuicao)values(200,'13/05/1994','MIRIAN GOMES',currval('endereco_id_seq'), currval('contato_id_seq'),0.00);insert into historico_status_contribuinte(data_inicial_vigencia, status)values('2001-01-01','ATIVADO');insert into contribuinte_historico_status_contribuinte(id_contribuinte, id_historico_status_contribuinte)values(200,currval('historico_status_contribuinte_id_seq'));
insert into contato(ramal)values('');insert into telefone(tipo, ddd, telefone, id_contato)values('RESIDENCIAL', '', '0', currval('contato_id_seq'));insert into telefone(tipo, ddd, telefone, id_contato)values('COMERCIAL', '11','9578308', currval('contato_id_seq'));insert into endereco (data_inicial_vigencia, endereco, cep)values('2000-01-01','R. CHONECO, 167','3657060');insert into contribuinte(id,  data_cadastro, nome_empresa, id_endereco, id_contato, valor_contribuicao)values(201,'13/05/1994','MARLI DELIBERAL',currval('endereco_id_seq'), currval('contato_id_seq'),0.00);insert into historico_status_contribuinte(data_inicial_vigencia, status)values('2001-01-01','ATIVADO');insert into contribuinte_historico_status_contribuinte(id_contribuinte, id_historico_status_contribuinte)values(201,currval('historico_status_contribuinte_id_seq'));
insert into contato(ramal)values('');insert into telefone(tipo, ddd, telefone, id_contato)values('RESIDENCIAL', '', '0', currval('contato_id_seq'));insert into telefone(tipo, ddd, telefone, id_contato)values('COMERCIAL', '11','644765', currval('contato_id_seq'));insert into endereco (data_inicial_vigencia, endereco, cep)values('2000-01-01','ALAMEDA ITU. 1183 - APTO. 141','1421001');insert into contribuinte(id,  data_cadastro, nome_empresa, id_endereco, id_contato, valor_contribuicao)values(202,'13/05/1994','EDDA MECENI',currval('endereco_id_seq'), currval('contato_id_seq'),0.00);insert into historico_status_contribuinte(data_inicial_vigencia, status)values('2001-01-01','ATIVADO');insert into contribuinte_historico_status_contribuinte(id_contribuinte, id_historico_status_contribuinte)values(202,currval('historico_status_contribuinte_id_seq'));
insert into contato(ramal)values('');insert into telefone(tipo, ddd, telefone, id_contato)values('RESIDENCIAL', '11', '8254044', currval('contato_id_seq'));insert into telefone(tipo, ddd, telefone, id_contato)values('COMERCIAL', '','0', currval('contato_id_seq'));insert into endereco (data_inicial_vigencia, endereco, cep)values('2000-01-01','R. MARANHAO, 554 - 7 ANDAR','1240000');insert into contribuinte(id,  data_cadastro, nome_empresa, id_endereco, id_contato, valor_contribuicao)values(204,'13/05/1994','REGINA BARBOSA LIMA PESSANHA',currval('endereco_id_seq'), currval('contato_id_seq'),10.00);insert into historico_status_contribuinte(data_inicial_vigencia, status)values('2001-01-01','ATIVADO');insert into contribuinte_historico_status_contribuinte(id_contribuinte, id_historico_status_contribuinte)values(204,currval('historico_status_contribuinte_id_seq'));
insert into contato(ramal)values('');insert into telefone(tipo, ddd, telefone, id_contato)values('RESIDENCIAL', '11', '69121275', currval('contato_id_seq'));insert into telefone(tipo, ddd, telefone, id_contato)values('COMERCIAL', '','0', currval('contato_id_seq'));insert into endereco (data_inicial_vigencia, endereco, cep)values('2000-01-01','R. TAMATAI, 148','3212050');insert into contribuinte(id,  data_cadastro, nome_empresa, id_endereco, id_contato, valor_contribuicao)values(205,'18/05/1994','WAGNER EDSON GASPARETTO',currval('endereco_id_seq'), currval('contato_id_seq'),0.00);insert into historico_status_contribuinte(data_inicial_vigencia, status)values('2001-01-01','ATIVADO');insert into contribuinte_historico_status_contribuinte(id_contribuinte, id_historico_status_contribuinte)values(205,currval('historico_status_contribuinte_id_seq'));
insert into contato(ramal)values('');insert into telefone(tipo, ddd, telefone, id_contato)values('RESIDENCIAL', '11', '8507185', currval('contato_id_seq'));insert into telefone(tipo, ddd, telefone, id_contato)values('COMERCIAL', '','0', currval('contato_id_seq'));insert into endereco (data_inicial_vigencia, endereco, cep)values('2000-01-01','R. LAGOINHA DE LESTE, 136','2872060');insert into contribuinte(id,  data_cadastro, nome_empresa, id_endereco, id_contato, valor_contribuicao)values(206,'25/05/1994','ANTONIO FRANCISCO DE PAULA',currval('endereco_id_seq'), currval('contato_id_seq'),0.00);insert into historico_status_contribuinte(data_inicial_vigencia, status)values('2001-01-01','ATIVADO');insert into contribuinte_historico_status_contribuinte(id_contribuinte, id_historico_status_contribuinte)values(206,currval('historico_status_contribuinte_id_seq'));
insert into contato(ramal)values('');insert into telefone(tipo, ddd, telefone, id_contato)values('RESIDENCIAL', '', '0', currval('contato_id_seq'));insert into telefone(tipo, ddd, telefone, id_contato)values('COMERCIAL', '','0', currval('contato_id_seq'));insert into endereco (data_inicial_vigencia, endereco, cep)values('2000-01-01','AV. EULINA, 456','2755140');insert into contribuinte(id,  data_cadastro, nome_empresa, id_endereco, id_contato, valor_contribuicao)values(208,'08/06/1994','IRINEU VICIANO',currval('endereco_id_seq'), currval('contato_id_seq'),0.00);insert into historico_status_contribuinte(data_inicial_vigencia, status)values('2001-01-01','ATIVADO');insert into contribuinte_historico_status_contribuinte(id_contribuinte, id_historico_status_contribuinte)values(208,currval('historico_status_contribuinte_id_seq'));
insert into contato(ramal)values('');insert into telefone(tipo, ddd, telefone, id_contato)values('RESIDENCIAL', '11', '2674465', currval('contato_id_seq'));insert into telefone(tipo, ddd, telefone, id_contato)values('COMERCIAL', '','0', currval('contato_id_seq'));insert into endereco (data_inicial_vigencia, endereco, cep)values('2000-01-01','RUA DO SIMBOLO,110 BL.04 AP.32 - MORUMBI','5713570');insert into contribuinte(id,  data_cadastro, nome_empresa, id_endereco, id_contato, valor_contribuicao)values(209,'08/06/1994','SIMONE MARIA DEL NERY',currval('endereco_id_seq'), currval('contato_id_seq'),0.00);insert into historico_status_contribuinte(data_inicial_vigencia, status)values('2001-01-01','ATIVADO');insert into contribuinte_historico_status_contribuinte(id_contribuinte, id_historico_status_contribuinte)values(209,currval('historico_status_contribuinte_id_seq'));
insert into contato(ramal)values('');insert into telefone(tipo, ddd, telefone, id_contato)values('RESIDENCIAL', '', '0', currval('contato_id_seq'));insert into telefone(tipo, ddd, telefone, id_contato)values('COMERCIAL', '','0', currval('contato_id_seq'));insert into endereco (data_inicial_vigencia, endereco, cep)values('2000-01-01','R. GUILHERME PARAENSE, 45','2070030');insert into contribuinte(id,  data_cadastro, nome_empresa, id_endereco, id_contato, valor_contribuicao)values(210,'08/06/1994','MARIA LUCIA DEL NERY ARAUJO',currval('endereco_id_seq'), currval('contato_id_seq'),0.00);insert into historico_status_contribuinte(data_inicial_vigencia, status)values('2001-01-01','ATIVADO');insert into contribuinte_historico_status_contribuinte(id_contribuinte, id_historico_status_contribuinte)values(210,currval('historico_status_contribuinte_id_seq'));
insert into contato(ramal)values('');insert into telefone(tipo, ddd, telefone, id_contato)values('RESIDENCIAL', '11', '22927667', currval('contato_id_seq'));insert into telefone(tipo, ddd, telefone, id_contato)values('COMERCIAL', '11','66932667', currval('contato_id_seq'));insert into endereco (data_inicial_vigencia, endereco, cep)values('2000-01-01','AV ALVARO RAMOS, 101 - APTO.21','3058060');insert into contribuinte(id,  data_cadastro, nome_empresa, id_endereco, id_contato, valor_contribuicao)values(213,'09/06/1994','BENEDICTA NEYDE ANTUNES',currval('endereco_id_seq'), currval('contato_id_seq'),0.00);insert into historico_status_contribuinte(data_inicial_vigencia, status)values('2001-01-01','ATIVADO');insert into contribuinte_historico_status_contribuinte(id_contribuinte, id_historico_status_contribuinte)values(213,currval('historico_status_contribuinte_id_seq'));
insert into contato(ramal)values('');insert into telefone(tipo, ddd, telefone, id_contato)values('RESIDENCIAL', '11', '2992449', currval('contato_id_seq'));insert into telefone(tipo, ddd, telefone, id_contato)values('COMERCIAL', '','0', currval('contato_id_seq'));insert into endereco (data_inicial_vigencia, endereco, cep)values('2000-01-01','AV.DR.FRANCISCO RANIERI,700-BL.05-AP. 01','2435000');insert into contribuinte(id,  data_cadastro, nome_empresa, id_endereco, id_contato, valor_contribuicao)values(214,'09/06/1994','JOAO ANTONIO MARTINS',currval('endereco_id_seq'), currval('contato_id_seq'),0.00);insert into historico_status_contribuinte(data_inicial_vigencia, status)values('2001-01-01','ATIVADO');insert into contribuinte_historico_status_contribuinte(id_contribuinte, id_historico_status_contribuinte)values(214,currval('historico_status_contribuinte_id_seq'));
insert into contato(ramal)values('');insert into telefone(tipo, ddd, telefone, id_contato)values('RESIDENCIAL', '11', '2720132', currval('contato_id_seq'));insert into telefone(tipo, ddd, telefone, id_contato)values('COMERCIAL', '','0', currval('contato_id_seq'));insert into endereco (data_inicial_vigencia, endereco, cep)values('2000-01-01','R.MANOEL MANSOS, 115','4182110');insert into contribuinte(id,  data_cadastro, nome_empresa, id_endereco, id_contato, valor_contribuicao)values(215,'15/06/1994','MARCIA M. G. GUIMARAES',currval('endereco_id_seq'), currval('contato_id_seq'),0.00);insert into historico_status_contribuinte(data_inicial_vigencia, status)values('2001-01-01','ATIVADO');insert into contribuinte_historico_status_contribuinte(id_contribuinte, id_historico_status_contribuinte)values(215,currval('historico_status_contribuinte_id_seq'));
insert into contato(ramal)values('');insert into telefone(tipo, ddd, telefone, id_contato)values('RESIDENCIAL', '11', '9465336', currval('contato_id_seq'));insert into telefone(tipo, ddd, telefone, id_contato)values('COMERCIAL', '','0', currval('contato_id_seq'));insert into endereco (data_inicial_vigencia, endereco, cep)values('2000-01-01','R TIMBAUBA, 212','4258050');insert into contribuinte(id,  data_cadastro, nome_empresa, id_endereco, id_contato, valor_contribuicao)values(217,'15/06/1994','MAGDA MARIA C. MOREIRA',currval('endereco_id_seq'), currval('contato_id_seq'),20.00);insert into historico_status_contribuinte(data_inicial_vigencia, status)values('2001-01-01','ATIVADO');insert into contribuinte_historico_status_contribuinte(id_contribuinte, id_historico_status_contribuinte)values(217,currval('historico_status_contribuinte_id_seq'));
insert into contato(ramal)values('');insert into telefone(tipo, ddd, telefone, id_contato)values('RESIDENCIAL', '', '0', currval('contato_id_seq'));insert into telefone(tipo, ddd, telefone, id_contato)values('COMERCIAL', '','0', currval('contato_id_seq'));insert into endereco (data_inicial_vigencia, endereco, cep)values('2000-01-01','R. PORANGALA, 23','7143320');insert into contribuinte(id,  data_cadastro, nome_empresa, id_endereco, id_contato, valor_contribuicao)values(218,'15/06/1994','CLAUDIO BARBOSA',currval('endereco_id_seq'), currval('contato_id_seq'),0.00);insert into historico_status_contribuinte(data_inicial_vigencia, status)values('2001-01-01','ATIVADO');insert into contribuinte_historico_status_contribuinte(id_contribuinte, id_historico_status_contribuinte)values(218,currval('historico_status_contribuinte_id_seq'));
insert into contato(ramal)values('');insert into telefone(tipo, ddd, telefone, id_contato)values('RESIDENCIAL', '11', '8710518', currval('contato_id_seq'));insert into telefone(tipo, ddd, telefone, id_contato)values('COMERCIAL', '','0', currval('contato_id_seq'));insert into endereco (data_inicial_vigencia, endereco, cep)values('2000-01-01','R CORONEL MELO DE OLIVEIRA, 668 AP.124','5011040');insert into contribuinte(id,  data_cadastro, nome_empresa, id_endereco, id_contato, valor_contribuicao)values(219,'22/06/1994','ANTONIO CARLOS ZEDNIK',currval('endereco_id_seq'), currval('contato_id_seq'),0.00);insert into historico_status_contribuinte(data_inicial_vigencia, status)values('2001-01-01','ATIVADO');insert into contribuinte_historico_status_contribuinte(id_contribuinte, id_historico_status_contribuinte)values(219,currval('historico_status_contribuinte_id_seq'));
insert into contato(ramal)values('');insert into telefone(tipo, ddd, telefone, id_contato)values('RESIDENCIAL', '', '0', currval('contato_id_seq'));insert into telefone(tipo, ddd, telefone, id_contato)values('COMERCIAL', '','0', currval('contato_id_seq'));insert into endereco (data_inicial_vigencia, endereco, cep)values('2000-01-01','R. MARIA MARIA, 41','2652110');insert into contribuinte(id,  data_cadastro, nome_empresa, id_endereco, id_contato, valor_contribuicao)values(220,'27/06/1994','ADRIANA ALVES LIMA',currval('endereco_id_seq'), currval('contato_id_seq'),0.00);insert into historico_status_contribuinte(data_inicial_vigencia, status)values('2001-01-01','ATIVADO');insert into contribuinte_historico_status_contribuinte(id_contribuinte, id_historico_status_contribuinte)values(220,currval('historico_status_contribuinte_id_seq'));
insert into contato(ramal)values('');insert into telefone(tipo, ddd, telefone, id_contato)values('RESIDENCIAL', '11', '8137999', currval('contato_id_seq'));insert into telefone(tipo, ddd, telefone, id_contato)values('COMERCIAL', '','0', currval('contato_id_seq'));insert into endereco (data_inicial_vigencia, endereco, cep)values('2000-01-01','R SOUZA REIS, 120 - APTO. 102-B','5586080');insert into contribuinte(id,  data_cadastro, nome_empresa, id_endereco, id_contato, valor_contribuicao)values(221,'27/06/1994','CECILIA HIIVOS TORNIERI',currval('endereco_id_seq'), currval('contato_id_seq'),20.00);insert into historico_status_contribuinte(data_inicial_vigencia, status)values('2001-01-01','ATIVADO');insert into contribuinte_historico_status_contribuinte(id_contribuinte, id_historico_status_contribuinte)values(221,currval('historico_status_contribuinte_id_seq'));
insert into contato(ramal)values('');insert into telefone(tipo, ddd, telefone, id_contato)values('RESIDENCIAL', '11', '36737996', currval('contato_id_seq'));insert into telefone(tipo, ddd, telefone, id_contato)values('COMERCIAL', '11','2311791', currval('contato_id_seq'));insert into endereco (data_inicial_vigencia, endereco, cep)values('2000-01-01','R. APINAJES, 1985 - APTO. 12 - SUMARE','1258001');insert into contribuinte(id,  data_cadastro, nome_empresa, id_endereco, id_contato, valor_contribuicao)values(222,'27/06/1994','VERONICA HUVOS JANTALIA',currval('endereco_id_seq'), currval('contato_id_seq'),30.00);insert into historico_status_contribuinte(data_inicial_vigencia, status)values('2001-01-01','ATIVADO');insert into contribuinte_historico_status_contribuinte(id_contribuinte, id_historico_status_contribuinte)values(222,currval('historico_status_contribuinte_id_seq'));
insert into contato(ramal)values('');insert into telefone(tipo, ddd, telefone, id_contato)values('RESIDENCIAL', '11', '38714249', currval('contato_id_seq'));insert into telefone(tipo, ddd, telefone, id_contato)values('COMERCIAL', '','0', currval('contato_id_seq'));insert into endereco (data_inicial_vigencia, endereco, cep)values('2000-01-01','R.GAL. GOIS MONTEIRO, 321 - SUMAREZINHO','5029000');insert into contribuinte(id,  data_cadastro, nome_empresa, id_endereco, id_contato, valor_contribuicao)values(223,'27/06/1994','PEDRO RAPOSO DE MELO FILHO',currval('endereco_id_seq'), currval('contato_id_seq'),5.00);insert into historico_status_contribuinte(data_inicial_vigencia, status)values('2001-01-01','ATIVADO');insert into contribuinte_historico_status_contribuinte(id_contribuinte, id_historico_status_contribuinte)values(223,currval('historico_status_contribuinte_id_seq'));
insert into contato(ramal)values('');insert into telefone(tipo, ddd, telefone, id_contato)values('RESIDENCIAL', '21', '2084381', currval('contato_id_seq'));insert into telefone(tipo, ddd, telefone, id_contato)values('COMERCIAL', '','0', currval('contato_id_seq'));insert into endereco (data_inicial_vigencia, endereco, cep)values('2000-01-01','R. JOAO ALFREDO, 50 - APTO. 303','20530490');insert into contribuinte(id,  data_cadastro, nome_empresa, id_endereco, id_contato, valor_contribuicao)values(224,'29/06/1994','MARIA LUIZA TESTA',currval('endereco_id_seq'), currval('contato_id_seq'),0.00);insert into historico_status_contribuinte(data_inicial_vigencia, status)values('2001-01-01','ATIVADO');insert into contribuinte_historico_status_contribuinte(id_contribuinte, id_historico_status_contribuinte)values(224,currval('historico_status_contribuinte_id_seq'));
insert into contato(ramal)values('');insert into telefone(tipo, ddd, telefone, id_contato)values('RESIDENCIAL', '', '0', currval('contato_id_seq'));insert into telefone(tipo, ddd, telefone, id_contato)values('COMERCIAL', '','0', currval('contato_id_seq'));insert into endereco (data_inicial_vigencia, endereco, cep)values('2000-01-01','RUA DUILIO, 529 APTO 103 V.ROMANA','5043020');insert into contribuinte(id,  data_cadastro, nome_empresa, id_endereco, id_contato, valor_contribuicao)values(225,'11/07/1994','MARCELO LUIS OCCHIUTTO',currval('endereco_id_seq'), currval('contato_id_seq'),0.00);insert into historico_status_contribuinte(data_inicial_vigencia, status)values('2001-01-01','ATIVADO');insert into contribuinte_historico_status_contribuinte(id_contribuinte, id_historico_status_contribuinte)values(225,currval('historico_status_contribuinte_id_seq'));
insert into contato(ramal)values('');insert into telefone(tipo, ddd, telefone, id_contato)values('RESIDENCIAL', '11', '38745145', currval('contato_id_seq'));insert into telefone(tipo, ddd, telefone, id_contato)values('COMERCIAL', '11','8745267', currval('contato_id_seq'));insert into endereco (data_inicial_vigencia, endereco, cep)values('2000-01-01','R. BORBA GATO,331 - AP.-PA33 - STO.AMARO','4747030');insert into contribuinte(id,  data_cadastro, nome_empresa, id_endereco, id_contato, valor_contribuicao)values(226,'11/07/1994','JAMIL JORGE GARIBA',currval('endereco_id_seq'), currval('contato_id_seq'),0.00);insert into historico_status_contribuinte(data_inicial_vigencia, status)values('2001-01-01','ATIVADO');insert into contribuinte_historico_status_contribuinte(id_contribuinte, id_historico_status_contribuinte)values(226,currval('historico_status_contribuinte_id_seq'));
insert into contato(ramal)values('');insert into telefone(tipo, ddd, telefone, id_contato)values('RESIDENCIAL', '11', '2104092', currval('contato_id_seq'));insert into telefone(tipo, ddd, telefone, id_contato)values('COMERCIAL', '','0', currval('contato_id_seq'));insert into endereco (data_inicial_vigencia, endereco, cep)values('2000-01-01','R. REGENTE LEON KANIEFSKY, 361','5617030');insert into contribuinte(id,  data_cadastro, nome_empresa, id_endereco, id_contato, valor_contribuicao)values(227,'23/07/1994','ROGERIO MARQUES DA SILVA',currval('endereco_id_seq'), currval('contato_id_seq'),20.00);insert into historico_status_contribuinte(data_inicial_vigencia, status)values('2001-01-01','ATIVADO');insert into contribuinte_historico_status_contribuinte(id_contribuinte, id_historico_status_contribuinte)values(227,currval('historico_status_contribuinte_id_seq'));
insert into contato(ramal)values('');insert into telefone(tipo, ddd, telefone, id_contato)values('RESIDENCIAL', '', '0', currval('contato_id_seq'));insert into telefone(tipo, ddd, telefone, id_contato)values('COMERCIAL', '','0', currval('contato_id_seq'));insert into endereco (data_inicial_vigencia, endereco, cep)values('2000-01-01','R. DOZE DE OUTUBRO, 389 - CONJ. 23','5073000');insert into contribuinte(id,  data_cadastro, nome_empresa, id_endereco, id_contato, valor_contribuicao)values(228,'27/07/1994','LANCE SERVICOS TEMPORARIOS LTDA',currval('endereco_id_seq'), currval('contato_id_seq'),0.00);insert into historico_status_contribuinte(data_inicial_vigencia, status)values('2001-01-01','ATIVADO');insert into contribuinte_historico_status_contribuinte(id_contribuinte, id_historico_status_contribuinte)values(228,currval('historico_status_contribuinte_id_seq'));
insert into contato(ramal)values('');insert into telefone(tipo, ddd, telefone, id_contato)values('RESIDENCIAL', '', '0', currval('contato_id_seq'));insert into telefone(tipo, ddd, telefone, id_contato)values('COMERCIAL', '','0', currval('contato_id_seq'));insert into endereco (data_inicial_vigencia, endereco, cep)values('2000-01-01','R. FAUSTOLO, 1300','5041001');insert into contribuinte(id,  data_cadastro, nome_empresa, id_endereco, id_contato, valor_contribuicao)values(229,'27/07/1994','ISMAEL PUERTAS HERNANDES',currval('endereco_id_seq'), currval('contato_id_seq'),0.00);insert into historico_status_contribuinte(data_inicial_vigencia, status)values('2001-01-01','ATIVADO');insert into contribuinte_historico_status_contribuinte(id_contribuinte, id_historico_status_contribuinte)values(229,currval('historico_status_contribuinte_id_seq'));
insert into contato(ramal)values('');insert into telefone(tipo, ddd, telefone, id_contato)values('RESIDENCIAL', '11', '2930787', currval('contato_id_seq'));insert into telefone(tipo, ddd, telefone, id_contato)values('COMERCIAL', '11','6934764', currval('contato_id_seq'));insert into endereco (data_inicial_vigencia, endereco, cep)values('2000-01-01','R. MARIA DAS DORES, 115','3641010');insert into contribuinte(id,  data_cadastro, nome_empresa, id_endereco, id_contato, valor_contribuicao)values(230,'27/07/1994','ANTONIO ANDRADE RAMOS',currval('endereco_id_seq'), currval('contato_id_seq'),0.00);insert into historico_status_contribuinte(data_inicial_vigencia, status)values('2001-01-01','ATIVADO');insert into contribuinte_historico_status_contribuinte(id_contribuinte, id_historico_status_contribuinte)values(230,currval('historico_status_contribuinte_id_seq'));
insert into contato(ramal)values('');insert into telefone(tipo, ddd, telefone, id_contato)values('RESIDENCIAL', '11', '8339', currval('contato_id_seq'));insert into telefone(tipo, ddd, telefone, id_contato)values('COMERCIAL', '','0', currval('contato_id_seq'));insert into endereco (data_inicial_vigencia, endereco, cep)values('2000-01-01','R. DOZE DE OUTUBRO, 389 - CONJ. 14','5073000');insert into contribuinte(id,  data_cadastro, nome_empresa, id_endereco, id_contato, valor_contribuicao)values(231,'27/07/1994','ALL TIME EMP. EFETIVOS E TEMP. LTDA.',currval('endereco_id_seq'), currval('contato_id_seq'),0.00);insert into historico_status_contribuinte(data_inicial_vigencia, status)values('2001-01-01','ATIVADO');insert into contribuinte_historico_status_contribuinte(id_contribuinte, id_historico_status_contribuinte)values(231,currval('historico_status_contribuinte_id_seq'));
insert into contato(ramal)values('');insert into telefone(tipo, ddd, telefone, id_contato)values('RESIDENCIAL', '11', '7061708', currval('contato_id_seq'));insert into telefone(tipo, ddd, telefone, id_contato)values('COMERCIAL', '','0', currval('contato_id_seq'));insert into endereco (data_inicial_vigencia, endereco, cep)values('2000-01-01','R. THOMAZ SPITALETTI, 41','6010140');insert into contribuinte(id,  data_cadastro, nome_empresa, id_endereco, id_contato, valor_contribuicao)values(232,'01/08/1994','MARIA APARECIDA GONCALVES',currval('endereco_id_seq'), currval('contato_id_seq'),0.00);insert into historico_status_contribuinte(data_inicial_vigencia, status)values('2001-01-01','ATIVADO');insert into contribuinte_historico_status_contribuinte(id_contribuinte, id_historico_status_contribuinte)values(232,currval('historico_status_contribuinte_id_seq'));
insert into contato(ramal)values('');insert into telefone(tipo, ddd, telefone, id_contato)values('RESIDENCIAL', '11', '3061', currval('contato_id_seq'));insert into telefone(tipo, ddd, telefone, id_contato)values('COMERCIAL', '11','8512517', currval('contato_id_seq'));insert into endereco (data_inicial_vigencia, endereco, cep)values('2000-01-01','R PINHEIROS, 818 - CONJ. 04','5422000');insert into contribuinte(id,  data_cadastro, nome_empresa, id_endereco, id_contato, valor_contribuicao)values(233,'01/08/1994','WA ENGENHARIA LTDA.',currval('endereco_id_seq'), currval('contato_id_seq'),0.00);insert into historico_status_contribuinte(data_inicial_vigencia, status)values('2001-01-01','ATIVADO');insert into contribuinte_historico_status_contribuinte(id_contribuinte, id_historico_status_contribuinte)values(233,currval('historico_status_contribuinte_id_seq'));
insert into contato(ramal)values('');insert into telefone(tipo, ddd, telefone, id_contato)values('RESIDENCIAL', '11', '30379644', currval('contato_id_seq'));insert into telefone(tipo, ddd, telefone, id_contato)values('COMERCIAL', '','0', currval('contato_id_seq'));insert into endereco (data_inicial_vigencia, endereco, cep)values('2000-01-01','AV. OCTAVIANO ALVES DE LIMA,4400 - 3 AND','2909900');insert into contribuinte(id,  data_cadastro, nome_empresa, id_endereco, id_contato, valor_contribuicao)values(234,'02/08/1994','CLAUDIO ROBERTO FERREIRA',currval('endereco_id_seq'), currval('contato_id_seq'),50.00);insert into historico_status_contribuinte(data_inicial_vigencia, status)values('2001-01-01','ATIVADO');insert into contribuinte_historico_status_contribuinte(id_contribuinte, id_historico_status_contribuinte)values(234,currval('historico_status_contribuinte_id_seq'));
insert into contato(ramal)values('');insert into telefone(tipo, ddd, telefone, id_contato)values('RESIDENCIAL', '11', '8757693', currval('contato_id_seq'));insert into telefone(tipo, ddd, telefone, id_contato)values('COMERCIAL', '11','8754844', currval('contato_id_seq'));insert into endereco (data_inicial_vigencia, endereco, cep)values('2000-01-01','R JOAO CAETANO PINTO, 145','2844050');insert into contribuinte(id,  data_cadastro, nome_empresa, id_endereco, id_contato, valor_contribuicao)values(235,'02/08/1994','FLAVIO GALDINO',currval('endereco_id_seq'), currval('contato_id_seq'),30.00);insert into historico_status_contribuinte(data_inicial_vigencia, status)values('2001-01-01','ATIVADO');insert into contribuinte_historico_status_contribuinte(id_contribuinte, id_historico_status_contribuinte)values(235,currval('historico_status_contribuinte_id_seq'));
insert into contato(ramal)values('');insert into telefone(tipo, ddd, telefone, id_contato)values('RESIDENCIAL', '', '0', currval('contato_id_seq'));insert into telefone(tipo, ddd, telefone, id_contato)values('COMERCIAL', '','0', currval('contato_id_seq'));insert into endereco (data_inicial_vigencia, endereco, cep)values('2000-01-01','ROD.PRESIDENTE DUTRA KM 227','7034904');insert into contribuinte(id,  data_cadastro, nome_empresa, id_endereco, id_contato, valor_contribuicao)values(238,'12/08/1994','MILTON RODRIGUES',currval('endereco_id_seq'), currval('contato_id_seq'),50.00);insert into historico_status_contribuinte(data_inicial_vigencia, status)values('2001-01-01','ATIVADO');insert into contribuinte_historico_status_contribuinte(id_contribuinte, id_historico_status_contribuinte)values(238,currval('historico_status_contribuinte_id_seq'));
insert into contato(ramal)values('');insert into telefone(tipo, ddd, telefone, id_contato)values('RESIDENCIAL', '11', '2043401', currval('contato_id_seq'));insert into telefone(tipo, ddd, telefone, id_contato)values('COMERCIAL', '','0', currval('contato_id_seq'));insert into endereco (data_inicial_vigencia, endereco, cep)values('2000-01-01','R. OCTAVIO TAVARES, 144','2632080');insert into contribuinte(id,  data_cadastro, nome_empresa, id_endereco, id_contato, valor_contribuicao)values(239,'12/08/1994','BENEDITA LUCIA FERREIRA DE SOUZA',currval('endereco_id_seq'), currval('contato_id_seq'),0.00);insert into historico_status_contribuinte(data_inicial_vigencia, status)values('2001-01-01','ATIVADO');insert into contribuinte_historico_status_contribuinte(id_contribuinte, id_historico_status_contribuinte)values(239,currval('historico_status_contribuinte_id_seq'));
insert into contato(ramal)values('');insert into telefone(tipo, ddd, telefone, id_contato)values('RESIDENCIAL', '', '0', currval('contato_id_seq'));insert into telefone(tipo, ddd, telefone, id_contato)values('COMERCIAL', '11','8696376', currval('contato_id_seq'));insert into endereco (data_inicial_vigencia, endereco, cep)values('2000-01-01','AV ENG.HEITOR A.E.GARCIA,1927-BL-B-AP.74','5588001');insert into contribuinte(id,  data_cadastro, nome_empresa, id_endereco, id_contato, valor_contribuicao)values(243,'12/08/1994','MARILISA GUEDES LEITE',currval('endereco_id_seq'), currval('contato_id_seq'),0.00);insert into historico_status_contribuinte(data_inicial_vigencia, status)values('2001-01-01','ATIVADO');insert into contribuinte_historico_status_contribuinte(id_contribuinte, id_historico_status_contribuinte)values(243,currval('historico_status_contribuinte_id_seq'));
insert into contato(ramal)values('');insert into telefone(tipo, ddd, telefone, id_contato)values('RESIDENCIAL', '', '0', currval('contato_id_seq'));insert into telefone(tipo, ddd, telefone, id_contato)values('COMERCIAL', '11','2796313', currval('contato_id_seq'));insert into endereco (data_inicial_vigencia, endereco, cep)values('2000-01-01','R. HELENA ZERRENER,140 - APTO. 60','1512020');insert into contribuinte(id,  data_cadastro, nome_empresa, id_endereco, id_contato, valor_contribuicao)values(244,'12/08/1994','ANTONIO CARLOS DOS SANTOS',currval('endereco_id_seq'), currval('contato_id_seq'),0.00);insert into historico_status_contribuinte(data_inicial_vigencia, status)values('2001-01-01','ATIVADO');insert into contribuinte_historico_status_contribuinte(id_contribuinte, id_historico_status_contribuinte)values(244,currval('historico_status_contribuinte_id_seq'));
insert into contato(ramal)values('');insert into telefone(tipo, ddd, telefone, id_contato)values('RESIDENCIAL', '11', '9644389', currval('contato_id_seq'));insert into telefone(tipo, ddd, telefone, id_contato)values('COMERCIAL', '','0', currval('contato_id_seq'));insert into endereco (data_inicial_vigencia, endereco, cep)values('2000-01-01','COND. BAHIA - BL.11- AP.C 13 - P. CECAP','7190912');insert into contribuinte(id,  data_cadastro, nome_empresa, id_endereco, id_contato, valor_contribuicao)values(245,'12/08/1994','LUIZ CARLOS DE VICENTE',currval('endereco_id_seq'), currval('contato_id_seq'),0.00);insert into historico_status_contribuinte(data_inicial_vigencia, status)values('2001-01-01','ATIVADO');insert into contribuinte_historico_status_contribuinte(id_contribuinte, id_historico_status_contribuinte)values(245,currval('historico_status_contribuinte_id_seq'));
insert into contato(ramal)values('');insert into telefone(tipo, ddd, telefone, id_contato)values('RESIDENCIAL', '', '0', currval('contato_id_seq'));insert into telefone(tipo, ddd, telefone, id_contato)values('COMERCIAL', '11','5748622', currval('contato_id_seq'));insert into endereco (data_inicial_vigencia, endereco, cep)values('2000-01-01','R. MACHADO BITTENCOURT, 92','4044000');insert into contribuinte(id,  data_cadastro, nome_empresa, id_endereco, id_contato, valor_contribuicao)values(246,'12/08/1994','JORGE DIAS JUNIOR',currval('endereco_id_seq'), currval('contato_id_seq'),0.00);insert into historico_status_contribuinte(data_inicial_vigencia, status)values('2001-01-01','ATIVADO');insert into contribuinte_historico_status_contribuinte(id_contribuinte, id_historico_status_contribuinte)values(246,currval('historico_status_contribuinte_id_seq'));
insert into contato(ramal)values('');insert into telefone(tipo, ddd, telefone, id_contato)values('RESIDENCIAL', '', '30230105', currval('contato_id_seq'));insert into telefone(tipo, ddd, telefone, id_contato)values('COMERCIAL', '11','2631011', currval('contato_id_seq'));insert into endereco (data_inicial_vigencia, endereco, cep)values('2000-01-01','R DR CARLOS NORBERTO DE SOUZA ARANHA,145','5450010');insert into contribuinte(id,  data_cadastro, nome_empresa, id_endereco, id_contato, valor_contribuicao)values(247,'12/08/1994','LUCIA MACHADO FERLA',currval('endereco_id_seq'), currval('contato_id_seq'),50.00);insert into historico_status_contribuinte(data_inicial_vigencia, status)values('2001-01-01','ATIVADO');insert into contribuinte_historico_status_contribuinte(id_contribuinte, id_historico_status_contribuinte)values(247,currval('historico_status_contribuinte_id_seq'));
insert into contato(ramal)values('');insert into telefone(tipo, ddd, telefone, id_contato)values('RESIDENCIAL', '', '0', currval('contato_id_seq'));insert into telefone(tipo, ddd, telefone, id_contato)values('COMERCIAL', '11','627738', currval('contato_id_seq'));insert into endereco (data_inicial_vigencia, endereco, cep)values('2000-01-01','R TEFFE, 267','1251050');insert into contribuinte(id,  data_cadastro, nome_empresa, id_endereco, id_contato, valor_contribuicao)values(248,'12/08/1994','DINO ENRICO CARLO MELARAGNO',currval('endereco_id_seq'), currval('contato_id_seq'),0.00);insert into historico_status_contribuinte(data_inicial_vigencia, status)values('2001-01-01','ATIVADO');insert into contribuinte_historico_status_contribuinte(id_contribuinte, id_historico_status_contribuinte)values(248,currval('historico_status_contribuinte_id_seq'));
insert into contato(ramal)values('');insert into telefone(tipo, ddd, telefone, id_contato)values('RESIDENCIAL', '', '0', currval('contato_id_seq'));insert into telefone(tipo, ddd, telefone, id_contato)values('COMERCIAL', '11','8139121', currval('contato_id_seq'));insert into endereco (data_inicial_vigencia, endereco, cep)values('2000-01-01','R. D. ARMANDO LOMBARDI, 80 - APTO. 45-B','5616010');insert into contribuinte(id,  data_cadastro, nome_empresa, id_endereco, id_contato, valor_contribuicao)values(249,'12/08/1994','ENIO RIBEIRO DA SILVA JUNIOR',currval('endereco_id_seq'), currval('contato_id_seq'),0.00);insert into historico_status_contribuinte(data_inicial_vigencia, status)values('2001-01-01','ATIVADO');insert into contribuinte_historico_status_contribuinte(id_contribuinte, id_historico_status_contribuinte)values(249,currval('historico_status_contribuinte_id_seq'));
insert into contato(ramal)values('');insert into telefone(tipo, ddd, telefone, id_contato)values('RESIDENCIAL', '', '0', currval('contato_id_seq'));insert into telefone(tipo, ddd, telefone, id_contato)values('COMERCIAL', '94','912311', currval('contato_id_seq'));insert into endereco (data_inicial_vigencia, endereco, cep)values('2000-01-01','R PEDRO STUCCHI, 380','13360000');insert into contribuinte(id,  data_cadastro, nome_empresa, id_endereco, id_contato, valor_contribuicao)values(250,'12/08/1994','ANTONIO MANOEL DE MATOS',currval('endereco_id_seq'), currval('contato_id_seq'),0.00);insert into historico_status_contribuinte(data_inicial_vigencia, status)values('2001-01-01','ATIVADO');insert into contribuinte_historico_status_contribuinte(id_contribuinte, id_historico_status_contribuinte)values(250,currval('historico_status_contribuinte_id_seq'));
insert into contato(ramal)values('');insert into telefone(tipo, ddd, telefone, id_contato)values('RESIDENCIAL', '11', '38120473', currval('contato_id_seq'));insert into telefone(tipo, ddd, telefone, id_contato)values('COMERCIAL', '11','8810700', currval('contato_id_seq'));insert into endereco (data_inicial_vigencia, endereco, cep)values('2000-01-01','R PROFESSOR ARTHUR RAMOS, 222 AP81','1454010');insert into contribuinte(id,  data_cadastro, nome_empresa, id_endereco, id_contato, valor_contribuicao)values(251,'12/08/1994','CARLOS EDUARDO ALEXANDRE PEAO',currval('endereco_id_seq'), currval('contato_id_seq'),20.00);insert into historico_status_contribuinte(data_inicial_vigencia, status)values('2001-01-01','ATIVADO');insert into contribuinte_historico_status_contribuinte(id_contribuinte, id_historico_status_contribuinte)values(251,currval('historico_status_contribuinte_id_seq'));
insert into contato(ramal)values('');insert into telefone(tipo, ddd, telefone, id_contato)values('RESIDENCIAL', '', '0', currval('contato_id_seq'));insert into telefone(tipo, ddd, telefone, id_contato)values('COMERCIAL', '11','8715426', currval('contato_id_seq'));insert into endereco (data_inicial_vigencia, endereco, cep)values('2000-01-01','R DIANA, 740 - APTO. 41','5019000');insert into contribuinte(id,  data_cadastro, nome_empresa, id_endereco, id_contato, valor_contribuicao)values(252,'12/08/1994','MARCIO SANTIAGO MELARAGNO',currval('endereco_id_seq'), currval('contato_id_seq'),0.00);insert into historico_status_contribuinte(data_inicial_vigencia, status)values('2001-01-01','ATIVADO');insert into contribuinte_historico_status_contribuinte(id_contribuinte, id_historico_status_contribuinte)values(252,currval('historico_status_contribuinte_id_seq'));
insert into contato(ramal)values('');insert into telefone(tipo, ddd, telefone, id_contato)values('RESIDENCIAL', '11', '8521490', currval('contato_id_seq'));insert into telefone(tipo, ddd, telefone, id_contato)values('COMERCIAL', '','0', currval('contato_id_seq'));insert into endereco (data_inicial_vigencia, endereco, cep)values('2000-01-01','R OSCAR FREIRE, 1085 - APTO. 92','1426001');insert into contribuinte(id,  data_cadastro, nome_empresa, id_endereco, id_contato, valor_contribuicao)values(253,'12/08/1994','JOSE EDUARDO BANDEIRA DE MELLO',currval('endereco_id_seq'), currval('contato_id_seq'),0.00);insert into historico_status_contribuinte(data_inicial_vigencia, status)values('2001-01-01','ATIVADO');insert into contribuinte_historico_status_contribuinte(id_contribuinte, id_historico_status_contribuinte)values(253,currval('historico_status_contribuinte_id_seq'));
insert into contato(ramal)values('');insert into telefone(tipo, ddd, telefone, id_contato)values('RESIDENCIAL', '11', '2576251', currval('contato_id_seq'));insert into telefone(tipo, ddd, telefone, id_contato)values('COMERCIAL', '','0', currval('contato_id_seq'));insert into endereco (data_inicial_vigencia, endereco, cep)values('2000-01-01','R. NESTOR PESTANA, 30 - APTO. 23','1303010');insert into contribuinte(id,  data_cadastro, nome_empresa, id_endereco, id_contato, valor_contribuicao)values(254,'12/08/1994','ELISABETE GIANOCARO',currval('endereco_id_seq'), currval('contato_id_seq'),0.00);insert into historico_status_contribuinte(data_inicial_vigencia, status)values('2001-01-01','ATIVADO');insert into contribuinte_historico_status_contribuinte(id_contribuinte, id_historico_status_contribuinte)values(254,currval('historico_status_contribuinte_id_seq'));
insert into contato(ramal)values('');insert into telefone(tipo, ddd, telefone, id_contato)values('RESIDENCIAL', '11', '2754032', currval('contato_id_seq'));insert into telefone(tipo, ddd, telefone, id_contato)values('COMERCIAL', '','0', currval('contato_id_seq'));insert into endereco (data_inicial_vigencia, endereco, cep)values('2000-01-01','R DAS PRIMULAS, 57','4052090');insert into contribuinte(id,  data_cadastro, nome_empresa, id_endereco, id_contato, valor_contribuicao)values(255,'12/08/1994','REGINA OLGA PACHECO BASTOS',currval('endereco_id_seq'), currval('contato_id_seq'),0.00);insert into historico_status_contribuinte(data_inicial_vigencia, status)values('2001-01-01','ATIVADO');insert into contribuinte_historico_status_contribuinte(id_contribuinte, id_historico_status_contribuinte)values(255,currval('historico_status_contribuinte_id_seq'));
insert into contato(ramal)values('');insert into telefone(tipo, ddd, telefone, id_contato)values('RESIDENCIAL', '11', '8441543', currval('contato_id_seq'));insert into telefone(tipo, ddd, telefone, id_contato)values('COMERCIAL', '','0', currval('contato_id_seq'));insert into endereco (data_inicial_vigencia, endereco, cep)values('2000-01-01','R. MARCUSPEREIRA, 167 - APTO. 211','5642020');insert into contribuinte(id,  data_cadastro, nome_empresa, id_endereco, id_contato, valor_contribuicao)values(256,'12/08/1994','MARIUZA ROCHA',currval('endereco_id_seq'), currval('contato_id_seq'),0.00);insert into historico_status_contribuinte(data_inicial_vigencia, status)values('2001-01-01','ATIVADO');insert into contribuinte_historico_status_contribuinte(id_contribuinte, id_historico_status_contribuinte)values(256,currval('historico_status_contribuinte_id_seq'));
insert into contato(ramal)values('');insert into telefone(tipo, ddd, telefone, id_contato)values('RESIDENCIAL', '', '0', currval('contato_id_seq'));insert into telefone(tipo, ddd, telefone, id_contato)values('COMERCIAL', '','0', currval('contato_id_seq'));insert into endereco (data_inicial_vigencia, endereco, cep)values('2000-01-01','R. GAL RONDON, 33 - APTO. 12','11030570');insert into contribuinte(id,  data_cadastro, nome_empresa, id_endereco, id_contato, valor_contribuicao)values(257,'12/08/1994','OSWALDO CONCEICAO NETO',currval('endereco_id_seq'), currval('contato_id_seq'),0.00);insert into historico_status_contribuinte(data_inicial_vigencia, status)values('2001-01-01','ATIVADO');insert into contribuinte_historico_status_contribuinte(id_contribuinte, id_historico_status_contribuinte)values(257,currval('historico_status_contribuinte_id_seq'));
insert into contato(ramal)values('');insert into telefone(tipo, ddd, telefone, id_contato)values('RESIDENCIAL', '', '0', currval('contato_id_seq'));insert into telefone(tipo, ddd, telefone, id_contato)values('COMERCIAL', '11','2604483', currval('contato_id_seq'));insert into endereco (data_inicial_vigencia, endereco, cep)values('2000-01-01','AV. DIOGENES RIBEIRO DE LIMA, 3376','5083010');insert into contribuinte(id,  data_cadastro, nome_empresa, id_endereco, id_contato, valor_contribuicao)values(258,'12/08/1994','LEDMARK ESTRATEGIAS COMERCIAIS LTDA',currval('endereco_id_seq'), currval('contato_id_seq'),0.00);insert into historico_status_contribuinte(data_inicial_vigencia, status)values('2001-01-01','ATIVADO');insert into contribuinte_historico_status_contribuinte(id_contribuinte, id_historico_status_contribuinte)values(258,currval('historico_status_contribuinte_id_seq'));
insert into contato(ramal)values('');insert into telefone(tipo, ddd, telefone, id_contato)values('RESIDENCIAL', '', '59294708', currval('contato_id_seq'));insert into telefone(tipo, ddd, telefone, id_contato)values('COMERCIAL', '','0', currval('contato_id_seq'));insert into endereco (data_inicial_vigencia, endereco, cep)values('2000-01-01','R OLIMPIO SOARES DE CARVALHO, 265','4842370');insert into contribuinte(id,  data_cadastro, nome_empresa, id_endereco, id_contato, valor_contribuicao)values(259,'04/11/1994','CELE G. DE M. FAUSTINO',currval('endereco_id_seq'), currval('contato_id_seq'),5.00);insert into historico_status_contribuinte(data_inicial_vigencia, status)values('2001-01-01','ATIVADO');insert into contribuinte_historico_status_contribuinte(id_contribuinte, id_historico_status_contribuinte)values(259,currval('historico_status_contribuinte_id_seq'));
insert into contato(ramal)values('');insert into telefone(tipo, ddd, telefone, id_contato)values('RESIDENCIAL', '11', '38643254', currval('contato_id_seq'));insert into telefone(tipo, ddd, telefone, id_contato)values('COMERCIAL', '','0', currval('contato_id_seq'));insert into endereco (data_inicial_vigencia, endereco, cep)values('2000-01-01','R DR. CANDIDO ESPINHEIRA, 755 - PERDIZES','5004000');insert into contribuinte(id,  data_cadastro, nome_empresa, id_endereco, id_contato, valor_contribuicao)values(260,'01/12/1994','PAULO CAMPOS GAMA',currval('endereco_id_seq'), currval('contato_id_seq'),25.00);insert into historico_status_contribuinte(data_inicial_vigencia, status)values('2001-01-01','ATIVADO');insert into contribuinte_historico_status_contribuinte(id_contribuinte, id_historico_status_contribuinte)values(260,currval('historico_status_contribuinte_id_seq'));
insert into contato(ramal)values('');insert into telefone(tipo, ddd, telefone, id_contato)values('RESIDENCIAL', '11', '2624947', currval('contato_id_seq'));insert into telefone(tipo, ddd, telefone, id_contato)values('COMERCIAL', '','0', currval('contato_id_seq'));insert into endereco (data_inicial_vigencia, endereco, cep)values('2000-01-01','R. DUILIO, 529-B - APTO.153-ED.ELETRA II','5043020');insert into contribuinte(id,  data_cadastro, nome_empresa, id_endereco, id_contato, valor_contribuicao)values(261,'16/08/1994','ODILA GUIMARAES RACANELLI',currval('endereco_id_seq'), currval('contato_id_seq'),0.00);insert into historico_status_contribuinte(data_inicial_vigencia, status)values('2001-01-01','ATIVADO');insert into contribuinte_historico_status_contribuinte(id_contribuinte, id_historico_status_contribuinte)values(261,currval('historico_status_contribuinte_id_seq'));
insert into contato(ramal)values('');insert into telefone(tipo, ddd, telefone, id_contato)values('RESIDENCIAL', '', '0', currval('contato_id_seq'));insert into telefone(tipo, ddd, telefone, id_contato)values('COMERCIAL', '','0', currval('contato_id_seq'));insert into endereco (data_inicial_vigencia, endereco, cep)values('2000-01-01','RODOVIA PRESIDENTE DUTRA - KM 227','7034904');insert into contribuinte(id,  data_cadastro, nome_empresa, id_endereco, id_contato, valor_contribuicao)values(262,'09/08/1994','SILVANA FAUSTINO CARLOS',currval('endereco_id_seq'), currval('contato_id_seq'),10.00);insert into historico_status_contribuinte(data_inicial_vigencia, status)values('2001-01-01','ATIVADO');insert into contribuinte_historico_status_contribuinte(id_contribuinte, id_historico_status_contribuinte)values(262,currval('historico_status_contribuinte_id_seq'));
insert into contato(ramal)values('');insert into telefone(tipo, ddd, telefone, id_contato)values('RESIDENCIAL', '11', '575', currval('contato_id_seq'));insert into telefone(tipo, ddd, telefone, id_contato)values('COMERCIAL', '','0', currval('contato_id_seq'));insert into endereco (data_inicial_vigencia, endereco, cep)values('2000-01-01','RUA BRENO FERRAZ DO AMARAL N 97','4124020');insert into contribuinte(id,  data_cadastro, nome_empresa, id_endereco, id_contato, valor_contribuicao)values(268,'09/08/1994','JORGE LUIZ DE SOUZA SAQUETINI',currval('endereco_id_seq'), currval('contato_id_seq'),0.00);insert into historico_status_contribuinte(data_inicial_vigencia, status)values('2001-01-01','ATIVADO');insert into contribuinte_historico_status_contribuinte(id_contribuinte, id_historico_status_contribuinte)values(268,currval('historico_status_contribuinte_id_seq'));
insert into contato(ramal)values('');insert into telefone(tipo, ddd, telefone, id_contato)values('RESIDENCIAL', '', '0', currval('contato_id_seq'));insert into telefone(tipo, ddd, telefone, id_contato)values('COMERCIAL', '','0', currval('contato_id_seq'));insert into endereco (data_inicial_vigencia, endereco, cep)values('2000-01-01','RUA LUIZ GAMA, 82','7010080');insert into contribuinte(id,  data_cadastro, nome_empresa, id_endereco, id_contato, valor_contribuicao)values(272,'09/08/1994','WALTER JOSE FAGA',currval('endereco_id_seq'), currval('contato_id_seq'),0.00);insert into historico_status_contribuinte(data_inicial_vigencia, status)values('2001-01-01','ATIVADO');insert into contribuinte_historico_status_contribuinte(id_contribuinte, id_historico_status_contribuinte)values(272,currval('historico_status_contribuinte_id_seq'));
insert into contato(ramal)values('');insert into telefone(tipo, ddd, telefone, id_contato)values('RESIDENCIAL', '', '0', currval('contato_id_seq'));insert into telefone(tipo, ddd, telefone, id_contato)values('COMERCIAL', '','0', currval('contato_id_seq'));insert into endereco (data_inicial_vigencia, endereco, cep)values('2000-01-01','RODOVIA PRESIDENTE DUTRA - KM 227','7034904');insert into contribuinte(id,  data_cadastro, nome_empresa, id_endereco, id_contato, valor_contribuicao)values(280,'09/08/1994','JOSE HENRIQUE CARDOSO DE SOUZA',currval('endereco_id_seq'), currval('contato_id_seq'),0.00);insert into historico_status_contribuinte(data_inicial_vigencia, status)values('2001-01-01','ATIVADO');insert into contribuinte_historico_status_contribuinte(id_contribuinte, id_historico_status_contribuinte)values(280,currval('historico_status_contribuinte_id_seq'));
insert into contato(ramal)values('');insert into telefone(tipo, ddd, telefone, id_contato)values('RESIDENCIAL', '', '0', currval('contato_id_seq'));insert into telefone(tipo, ddd, telefone, id_contato)values('COMERCIAL', '','0', currval('contato_id_seq'));insert into endereco (data_inicial_vigencia, endereco, cep)values('2000-01-01','RODOVIA PRESIDENTE DUTRA - KM 227','7034904');insert into contribuinte(id,  data_cadastro, nome_empresa, id_endereco, id_contato, valor_contribuicao)values(281,'09/08/1994','LEONIDAS POPIC',currval('endereco_id_seq'), currval('contato_id_seq'),0.00);insert into historico_status_contribuinte(data_inicial_vigencia, status)values('2001-01-01','ATIVADO');insert into contribuinte_historico_status_contribuinte(id_contribuinte, id_historico_status_contribuinte)values(281,currval('historico_status_contribuinte_id_seq'));
insert into contato(ramal)values('');insert into telefone(tipo, ddd, telefone, id_contato)values('RESIDENCIAL', '', '0', currval('contato_id_seq'));insert into telefone(tipo, ddd, telefone, id_contato)values('COMERCIAL', '','0', currval('contato_id_seq'));insert into endereco (data_inicial_vigencia, endereco, cep)values('2000-01-01','RODOVIA PRESIDENTE DUTRA - KM 222,2','7034904');insert into contribuinte(id,  data_cadastro, nome_empresa, id_endereco, id_contato, valor_contribuicao)values(282,'09/08/1994','ELCO FRANCISCO FERREIRA',currval('endereco_id_seq'), currval('contato_id_seq'),0.00);insert into historico_status_contribuinte(data_inicial_vigencia, status)values('2001-01-01','ATIVADO');insert into contribuinte_historico_status_contribuinte(id_contribuinte, id_historico_status_contribuinte)values(282,currval('historico_status_contribuinte_id_seq'));
insert into contato(ramal)values('');insert into telefone(tipo, ddd, telefone, id_contato)values('RESIDENCIAL', '11', '62557385', currval('contato_id_seq'));insert into telefone(tipo, ddd, telefone, id_contato)values('COMERCIAL', '','0', currval('contato_id_seq'));insert into endereco (data_inicial_vigencia, endereco, cep)values('2000-01-01','R SANTO EGIDIO,709 APT.108 -ST.TERESINHA','2461011');insert into contribuinte(id,  data_cadastro, nome_empresa, id_endereco, id_contato, valor_contribuicao)values(284,'19/09/1994','CELSO DE ABREU',currval('endereco_id_seq'), currval('contato_id_seq'),50.00);insert into historico_status_contribuinte(data_inicial_vigencia, status)values('2001-01-01','ATIVADO');insert into contribuinte_historico_status_contribuinte(id_contribuinte, id_historico_status_contribuinte)values(284,currval('historico_status_contribuinte_id_seq'));
insert into contato(ramal)values('');insert into telefone(tipo, ddd, telefone, id_contato)values('RESIDENCIAL', '', '0', currval('contato_id_seq'));insert into telefone(tipo, ddd, telefone, id_contato)values('COMERCIAL', '','0', currval('contato_id_seq'));insert into endereco (data_inicial_vigencia, endereco, cep)values('2000-01-01','RODOVIA PRESIDENTE DUTRA - KM 227','7034904');insert into contribuinte(id,  data_cadastro, nome_empresa, id_endereco, id_contato, valor_contribuicao)values(285,'19/09/1994','GIANCARLO BUSTI',currval('endereco_id_seq'), currval('contato_id_seq'),0.00);insert into historico_status_contribuinte(data_inicial_vigencia, status)values('2001-01-01','ATIVADO');insert into contribuinte_historico_status_contribuinte(id_contribuinte, id_historico_status_contribuinte)values(285,currval('historico_status_contribuinte_id_seq'));
insert into contato(ramal)values('');insert into telefone(tipo, ddd, telefone, id_contato)values('RESIDENCIAL', '', '0', currval('contato_id_seq'));insert into telefone(tipo, ddd, telefone, id_contato)values('COMERCIAL', '','0', currval('contato_id_seq'));insert into endereco (data_inicial_vigencia, endereco, cep)values('2000-01-01','RODOVIA PRESIDENTE DUTRA - KM 227','7034904');insert into contribuinte(id,  data_cadastro, nome_empresa, id_endereco, id_contato, valor_contribuicao)values(286,'19/09/1994','JOSE GONCALVES',currval('endereco_id_seq'), currval('contato_id_seq'),0.00);insert into historico_status_contribuinte(data_inicial_vigencia, status)values('2001-01-01','ATIVADO');insert into contribuinte_historico_status_contribuinte(id_contribuinte, id_historico_status_contribuinte)values(286,currval('historico_status_contribuinte_id_seq'));
insert into contato(ramal)values('');insert into telefone(tipo, ddd, telefone, id_contato)values('RESIDENCIAL', '', '0', currval('contato_id_seq'));insert into telefone(tipo, ddd, telefone, id_contato)values('COMERCIAL', '','0', currval('contato_id_seq'));insert into endereco (data_inicial_vigencia, endereco, cep)values('2000-01-01','RODOVIA PRESIDENTE DUTRA - KM 227','7034904');insert into contribuinte(id,  data_cadastro, nome_empresa, id_endereco, id_contato, valor_contribuicao)values(287,'19/09/1994','LUIZ CARLOS VARELA',currval('endereco_id_seq'), currval('contato_id_seq'),0.00);insert into historico_status_contribuinte(data_inicial_vigencia, status)values('2001-01-01','ATIVADO');insert into contribuinte_historico_status_contribuinte(id_contribuinte, id_historico_status_contribuinte)values(287,currval('historico_status_contribuinte_id_seq'));
insert into contato(ramal)values('');insert into telefone(tipo, ddd, telefone, id_contato)values('RESIDENCIAL', '', '0', currval('contato_id_seq'));insert into telefone(tipo, ddd, telefone, id_contato)values('COMERCIAL', '','0', currval('contato_id_seq'));insert into endereco (data_inicial_vigencia, endereco, cep)values('2000-01-01','RODOVIA PRESIDENTE DUTRA - KM 227','7034904');insert into contribuinte(id,  data_cadastro, nome_empresa, id_endereco, id_contato, valor_contribuicao)values(289,'19/09/1994','MARCELO JACINTO DA SILVA - DEP. SOLIDO',currval('endereco_id_seq'), currval('contato_id_seq'),0.00);insert into historico_status_contribuinte(data_inicial_vigencia, status)values('2001-01-01','ATIVADO');insert into contribuinte_historico_status_contribuinte(id_contribuinte, id_historico_status_contribuinte)values(289,currval('historico_status_contribuinte_id_seq'));
insert into contato(ramal)values('');insert into telefone(tipo, ddd, telefone, id_contato)values('RESIDENCIAL', '', '0', currval('contato_id_seq'));insert into telefone(tipo, ddd, telefone, id_contato)values('COMERCIAL', '11','64616391', currval('contato_id_seq'));insert into endereco (data_inicial_vigencia, endereco, cep)values('2000-01-01','RODOVIA PRESIDENTE DUTRA - KM 222,2','7034904');insert into contribuinte(id,  data_cadastro, nome_empresa, id_endereco, id_contato, valor_contribuicao)values(290,'19/09/1994','SEBASTIAO BARBOSA',currval('endereco_id_seq'), currval('contato_id_seq'),0.00);insert into historico_status_contribuinte(data_inicial_vigencia, status)values('2001-01-01','ATIVADO');insert into contribuinte_historico_status_contribuinte(id_contribuinte, id_historico_status_contribuinte)values(290,currval('historico_status_contribuinte_id_seq'));
insert into contato(ramal)values('');insert into telefone(tipo, ddd, telefone, id_contato)values('RESIDENCIAL', '', '0', currval('contato_id_seq'));insert into telefone(tipo, ddd, telefone, id_contato)values('COMERCIAL', '','0', currval('contato_id_seq'));insert into endereco (data_inicial_vigencia, endereco, cep)values('2000-01-01','RODOVIA PRESIDENTE DUTRA - KM 227','7034904');insert into contribuinte(id,  data_cadastro, nome_empresa, id_endereco, id_contato, valor_contribuicao)values(291,'19/09/1994','IRACEMA T. SANTOS ALVES',currval('endereco_id_seq'), currval('contato_id_seq'),0.00);insert into historico_status_contribuinte(data_inicial_vigencia, status)values('2001-01-01','ATIVADO');insert into contribuinte_historico_status_contribuinte(id_contribuinte, id_historico_status_contribuinte)values(291,currval('historico_status_contribuinte_id_seq'));
insert into contato(ramal)values('');insert into telefone(tipo, ddd, telefone, id_contato)values('RESIDENCIAL', '', '0', currval('contato_id_seq'));insert into telefone(tipo, ddd, telefone, id_contato)values('COMERCIAL', '','0', currval('contato_id_seq'));insert into endereco (data_inicial_vigencia, endereco, cep)values('2000-01-01','RODOVIA PRESIDENTE DUTRA - KM 227','7034904');insert into contribuinte(id,  data_cadastro, nome_empresa, id_endereco, id_contato, valor_contribuicao)values(293,'19/09/1994','MARLI VONO',currval('endereco_id_seq'), currval('contato_id_seq'),0.00);insert into historico_status_contribuinte(data_inicial_vigencia, status)values('2001-01-01','ATIVADO');insert into contribuinte_historico_status_contribuinte(id_contribuinte, id_historico_status_contribuinte)values(293,currval('historico_status_contribuinte_id_seq'));
insert into contato(ramal)values('');insert into telefone(tipo, ddd, telefone, id_contato)values('RESIDENCIAL', '', '0', currval('contato_id_seq'));insert into telefone(tipo, ddd, telefone, id_contato)values('COMERCIAL', '','0', currval('contato_id_seq'));insert into endereco (data_inicial_vigencia, endereco, cep)values('2000-01-01','RODOVIA PRESIDENTE DUTRA - KM 227','7034904');insert into contribuinte(id,  data_cadastro, nome_empresa, id_endereco, id_contato, valor_contribuicao)values(294,'19/09/1994','BENEDITA GOMES MELO',currval('endereco_id_seq'), currval('contato_id_seq'),0.00);insert into historico_status_contribuinte(data_inicial_vigencia, status)values('2001-01-01','ATIVADO');insert into contribuinte_historico_status_contribuinte(id_contribuinte, id_historico_status_contribuinte)values(294,currval('historico_status_contribuinte_id_seq'));
insert into contato(ramal)values('');insert into telefone(tipo, ddd, telefone, id_contato)values('RESIDENCIAL', '', '0', currval('contato_id_seq'));insert into telefone(tipo, ddd, telefone, id_contato)values('COMERCIAL', '','0', currval('contato_id_seq'));insert into endereco (data_inicial_vigencia, endereco, cep)values('2000-01-01','RODOVIA PRESIDENTE DUTRA - KM 227','7034904');insert into contribuinte(id,  data_cadastro, nome_empresa, id_endereco, id_contato, valor_contribuicao)values(295,'19/09/1994','MARISA  A. DIAS DE SOUZA',currval('endereco_id_seq'), currval('contato_id_seq'),0.00);insert into historico_status_contribuinte(data_inicial_vigencia, status)values('2001-01-01','ATIVADO');insert into contribuinte_historico_status_contribuinte(id_contribuinte, id_historico_status_contribuinte)values(295,currval('historico_status_contribuinte_id_seq'));
insert into contato(ramal)values('');insert into telefone(tipo, ddd, telefone, id_contato)values('RESIDENCIAL', '', '0', currval('contato_id_seq'));insert into telefone(tipo, ddd, telefone, id_contato)values('COMERCIAL', '11','64616431', currval('contato_id_seq'));insert into endereco (data_inicial_vigencia, endereco, cep)values('2000-01-01','RODOVIA PRESIDENTE DUTRA - KM 222,2','7034904');insert into contribuinte(id,  data_cadastro, nome_empresa, id_endereco, id_contato, valor_contribuicao)values(296,'19/09/1994','DORIS RAMOS NEVES',currval('endereco_id_seq'), currval('contato_id_seq'),0.00);insert into historico_status_contribuinte(data_inicial_vigencia, status)values('2001-01-01','ATIVADO');insert into contribuinte_historico_status_contribuinte(id_contribuinte, id_historico_status_contribuinte)values(296,currval('historico_status_contribuinte_id_seq'));
insert into contato(ramal)values('');insert into telefone(tipo, ddd, telefone, id_contato)values('RESIDENCIAL', '', '0', currval('contato_id_seq'));insert into telefone(tipo, ddd, telefone, id_contato)values('COMERCIAL', '11','64616372', currval('contato_id_seq'));insert into endereco (data_inicial_vigencia, endereco, cep)values('2000-01-01','RODOVIA PRESIDENTE DUTRA - KM 222,2','7034904');insert into contribuinte(id,  data_cadastro, nome_empresa, id_endereco, id_contato, valor_contribuicao)values(297,'19/09/1994','JOSE ROMUALDO SILVA',currval('endereco_id_seq'), currval('contato_id_seq'),0.00);insert into historico_status_contribuinte(data_inicial_vigencia, status)values('2001-01-01','ATIVADO');insert into contribuinte_historico_status_contribuinte(id_contribuinte, id_historico_status_contribuinte)values(297,currval('historico_status_contribuinte_id_seq'));
insert into contato(ramal)values('');insert into telefone(tipo, ddd, telefone, id_contato)values('RESIDENCIAL', '', '0', currval('contato_id_seq'));insert into telefone(tipo, ddd, telefone, id_contato)values('COMERCIAL', '','0', currval('contato_id_seq'));insert into endereco (data_inicial_vigencia, endereco, cep)values('2000-01-01','RODOVIA PRESIDENTE DUTRA - KM 227','7034904');insert into contribuinte(id,  data_cadastro, nome_empresa, id_endereco, id_contato, valor_contribuicao)values(298,'22/09/1994','CLODOALDO SOUZA DOS SANTOS',currval('endereco_id_seq'), currval('contato_id_seq'),0.00);insert into historico_status_contribuinte(data_inicial_vigencia, status)values('2001-01-01','ATIVADO');insert into contribuinte_historico_status_contribuinte(id_contribuinte, id_historico_status_contribuinte)values(298,currval('historico_status_contribuinte_id_seq'));
insert into contato(ramal)values('');insert into telefone(tipo, ddd, telefone, id_contato)values('RESIDENCIAL', '', '0', currval('contato_id_seq'));insert into telefone(tipo, ddd, telefone, id_contato)values('COMERCIAL', '','0', currval('contato_id_seq'));insert into endereco (data_inicial_vigencia, endereco, cep)values('2000-01-01','RODOVIA PRESIDENTE DUTRA - KM 227','7034904');insert into contribuinte(id,  data_cadastro, nome_empresa, id_endereco, id_contato, valor_contribuicao)values(299,'22/09/1994','CARLA FROES',currval('endereco_id_seq'), currval('contato_id_seq'),0.00);insert into historico_status_contribuinte(data_inicial_vigencia, status)values('2001-01-01','ATIVADO');insert into contribuinte_historico_status_contribuinte(id_contribuinte, id_historico_status_contribuinte)values(299,currval('historico_status_contribuinte_id_seq'));
insert into contato(ramal)values('');insert into telefone(tipo, ddd, telefone, id_contato)values('RESIDENCIAL', '', '5127077', currval('contato_id_seq'));insert into telefone(tipo, ddd, telefone, id_contato)values('COMERCIAL', '','0', currval('contato_id_seq'));insert into endereco (data_inicial_vigencia, endereco, cep)values('2000-01-01','RUA VITORIO, 140','5780410');insert into contribuinte(id,  data_cadastro, nome_empresa, id_endereco, id_contato, valor_contribuicao)values(302,'22/09/1994','VERANICE ABRANTES MORAES',currval('endereco_id_seq'), currval('contato_id_seq'),0.00);insert into historico_status_contribuinte(data_inicial_vigencia, status)values('2001-01-01','ATIVADO');insert into contribuinte_historico_status_contribuinte(id_contribuinte, id_historico_status_contribuinte)values(302,currval('historico_status_contribuinte_id_seq'));
insert into contato(ramal)values('');insert into telefone(tipo, ddd, telefone, id_contato)values('RESIDENCIAL', '', '0', currval('contato_id_seq'));insert into telefone(tipo, ddd, telefone, id_contato)values('COMERCIAL', '','0', currval('contato_id_seq'));insert into endereco (data_inicial_vigencia, endereco, cep)values('2000-01-01','RUA BOCAIREVA, 94 APTO 51 B','6325404');insert into contribuinte(id,  data_cadastro, nome_empresa, id_endereco, id_contato, valor_contribuicao)values(303,'22/09/1994','DOUGLAS ALRANTES MARGONAR',currval('endereco_id_seq'), currval('contato_id_seq'),0.00);insert into historico_status_contribuinte(data_inicial_vigencia, status)values('2001-01-01','ATIVADO');insert into contribuinte_historico_status_contribuinte(id_contribuinte, id_historico_status_contribuinte)values(303,currval('historico_status_contribuinte_id_seq'));
insert into contato(ramal)values('');insert into telefone(tipo, ddd, telefone, id_contato)values('RESIDENCIAL', '', '0', currval('contato_id_seq'));insert into telefone(tipo, ddd, telefone, id_contato)values('COMERCIAL', '','0', currval('contato_id_seq'));insert into endereco (data_inicial_vigencia, endereco, cep)values('2000-01-01','R BIAS FORTES, 65 APTO 54 B','6329220');insert into contribuinte(id,  data_cadastro, nome_empresa, id_endereco, id_contato, valor_contribuicao)values(304,'22/09/1994','CLAUDETE LACERDA DE CAMARGO',currval('endereco_id_seq'), currval('contato_id_seq'),0.00);insert into historico_status_contribuinte(data_inicial_vigencia, status)values('2001-01-01','ATIVADO');insert into contribuinte_historico_status_contribuinte(id_contribuinte, id_historico_status_contribuinte)values(304,currval('historico_status_contribuinte_id_seq'));
insert into contato(ramal)values('');insert into telefone(tipo, ddd, telefone, id_contato)values('RESIDENCIAL', '', '0', currval('contato_id_seq'));insert into telefone(tipo, ddd, telefone, id_contato)values('COMERCIAL', '','0', currval('contato_id_seq'));insert into endereco (data_inicial_vigencia, endereco, cep)values('2000-01-01','AV TANCREDO DE ALMEIDA NEVES-1447 AP 11C','6329350');insert into contribuinte(id,  data_cadastro, nome_empresa, id_endereco, id_contato, valor_contribuicao)values(305,'22/09/1994','MARIA JOSE B. RIBEIRO',currval('endereco_id_seq'), currval('contato_id_seq'),0.00);insert into historico_status_contribuinte(data_inicial_vigencia, status)values('2001-01-01','ATIVADO');insert into contribuinte_historico_status_contribuinte(id_contribuinte, id_historico_status_contribuinte)values(305,currval('historico_status_contribuinte_id_seq'));
insert into contato(ramal)values('');insert into telefone(tipo, ddd, telefone, id_contato)values('RESIDENCIAL', '', '0', currval('contato_id_seq'));insert into telefone(tipo, ddd, telefone, id_contato)values('COMERCIAL', '','0', currval('contato_id_seq'));insert into endereco (data_inicial_vigencia, endereco, cep)values('2000-01-01','RUA DERILIO, 552 APTO 23','5043020');insert into contribuinte(id,  data_cadastro, nome_empresa, id_endereco, id_contato, valor_contribuicao)values(306,'22/09/1994','NEUZA VIEIRA DE ALMEIDA JORGE',currval('endereco_id_seq'), currval('contato_id_seq'),0.00);insert into historico_status_contribuinte(data_inicial_vigencia, status)values('2001-01-01','ATIVADO');insert into contribuinte_historico_status_contribuinte(id_contribuinte, id_historico_status_contribuinte)values(306,currval('historico_status_contribuinte_id_seq'));
insert into contato(ramal)values('');insert into telefone(tipo, ddd, telefone, id_contato)values('RESIDENCIAL', '', '64649685', currval('contato_id_seq'));insert into telefone(tipo, ddd, telefone, id_contato)values('COMERCIAL', '','0', currval('contato_id_seq'));insert into endereco (data_inicial_vigencia, endereco, cep)values('2000-01-01','R JORGE FELIPE HADAD, 720 AP.11 - MACEDO','7197070');insert into contribuinte(id,  data_cadastro, nome_empresa, id_endereco, id_contato, valor_contribuicao)values(307,'22/09/1994','VERA LUCIA TEIXEIRA',currval('endereco_id_seq'), currval('contato_id_seq'),15.00);insert into historico_status_contribuinte(data_inicial_vigencia, status)values('2001-01-01','ATIVADO');insert into contribuinte_historico_status_contribuinte(id_contribuinte, id_historico_status_contribuinte)values(307,currval('historico_status_contribuinte_id_seq'));
insert into contato(ramal)values('');insert into telefone(tipo, ddd, telefone, id_contato)values('RESIDENCIAL', '', '0', currval('contato_id_seq'));insert into telefone(tipo, ddd, telefone, id_contato)values('COMERCIAL', '','0', currval('contato_id_seq'));insert into endereco (data_inicial_vigencia, endereco, cep)values('2000-01-01','RODOVIA PRESIDENTE DUTRA - KM 227','7034904');insert into contribuinte(id,  data_cadastro, nome_empresa, id_endereco, id_contato, valor_contribuicao)values(308,'22/09/1994','MARCIA REGINA TROQUE',currval('endereco_id_seq'), currval('contato_id_seq'),0.00);insert into historico_status_contribuinte(data_inicial_vigencia, status)values('2001-01-01','ATIVADO');insert into contribuinte_historico_status_contribuinte(id_contribuinte, id_historico_status_contribuinte)values(308,currval('historico_status_contribuinte_id_seq'));
insert into contato(ramal)values('');insert into telefone(tipo, ddd, telefone, id_contato)values('RESIDENCIAL', '11', '33401984', currval('contato_id_seq'));insert into telefone(tipo, ddd, telefone, id_contato)values('COMERCIAL', '','0', currval('contato_id_seq'));insert into endereco (data_inicial_vigencia, endereco, cep)values('2000-01-01','RUA PIRACEMA, 71  APTO. 73','2460040');insert into contribuinte(id,  data_cadastro, nome_empresa, id_endereco, id_contato, valor_contribuicao)values(310,'22/09/1994','MARLENE COELHO MENDONCA',currval('endereco_id_seq'), currval('contato_id_seq'),10.00);insert into historico_status_contribuinte(data_inicial_vigencia, status)values('2001-01-01','ATIVADO');insert into contribuinte_historico_status_contribuinte(id_contribuinte, id_historico_status_contribuinte)values(310,currval('historico_status_contribuinte_id_seq'));
insert into contato(ramal)values('');insert into telefone(tipo, ddd, telefone, id_contato)values('RESIDENCIAL', '', '0', currval('contato_id_seq'));insert into telefone(tipo, ddd, telefone, id_contato)values('COMERCIAL', '','0', currval('contato_id_seq'));insert into endereco (data_inicial_vigencia, endereco, cep)values('2000-01-01','AL. JOAQUIM EUGENIO DE LIMA-696 CONJ.31','1403000');insert into contribuinte(id,  data_cadastro, nome_empresa, id_endereco, id_contato, valor_contribuicao)values(311,'22/09/1994','TABEE ALIMENTOS LTDA',currval('endereco_id_seq'), currval('contato_id_seq'),0.00);insert into historico_status_contribuinte(data_inicial_vigencia, status)values('2001-01-01','ATIVADO');insert into contribuinte_historico_status_contribuinte(id_contribuinte, id_historico_status_contribuinte)values(311,currval('historico_status_contribuinte_id_seq'));
insert into contato(ramal)values('');insert into telefone(tipo, ddd, telefone, id_contato)values('RESIDENCIAL', '', '0', currval('contato_id_seq'));insert into telefone(tipo, ddd, telefone, id_contato)values('COMERCIAL', '','0', currval('contato_id_seq'));insert into endereco (data_inicial_vigencia, endereco, cep)values('2000-01-01','R BASILIO DA CUNHA - 842 APTO 11','1544001');insert into contribuinte(id,  data_cadastro, nome_empresa, id_endereco, id_contato, valor_contribuicao)values(312,'22/09/1994','WALTER DE OLIVEIRA LIMA TEIXEIRA',currval('endereco_id_seq'), currval('contato_id_seq'),0.00);insert into historico_status_contribuinte(data_inicial_vigencia, status)values('2001-01-01','ATIVADO');insert into contribuinte_historico_status_contribuinte(id_contribuinte, id_historico_status_contribuinte)values(312,currval('historico_status_contribuinte_id_seq'));
insert into contato(ramal)values('');insert into telefone(tipo, ddd, telefone, id_contato)values('RESIDENCIAL', '21', '7764665', currval('contato_id_seq'));insert into telefone(tipo, ddd, telefone, id_contato)values('COMERCIAL', '','0', currval('contato_id_seq'));insert into endereco (data_inicial_vigencia, endereco, cep)values('2000-01-01','ROD  WASHINGTON LUIZ, 17479','25240000');insert into contribuinte(id,  data_cadastro, nome_empresa, id_endereco, id_contato, valor_contribuicao)values(314,'22/09/1994','POLIGRAN PRODUTOS PLASTICO LTDA',currval('endereco_id_seq'), currval('contato_id_seq'),0.00);insert into historico_status_contribuinte(data_inicial_vigencia, status)values('2001-01-01','ATIVADO');insert into contribuinte_historico_status_contribuinte(id_contribuinte, id_historico_status_contribuinte)values(314,currval('historico_status_contribuinte_id_seq'));
insert into contato(ramal)values('');insert into telefone(tipo, ddd, telefone, id_contato)values('RESIDENCIAL', '', '0', currval('contato_id_seq'));insert into telefone(tipo, ddd, telefone, id_contato)values('COMERCIAL', '','0', currval('contato_id_seq'));insert into endereco (data_inicial_vigencia, endereco, cep)values('2000-01-01','AV. DR. AGENOR DE ALMEIDA LOYOLA - 1136','21911310');insert into contribuinte(id,  data_cadastro, nome_empresa, id_endereco, id_contato, valor_contribuicao)values(315,'22/09/1994','MARCUS VINICIO DE ALMEIDA TORRES',currval('endereco_id_seq'), currval('contato_id_seq'),0.00);insert into historico_status_contribuinte(data_inicial_vigencia, status)values('2001-01-01','ATIVADO');insert into contribuinte_historico_status_contribuinte(id_contribuinte, id_historico_status_contribuinte)values(315,currval('historico_status_contribuinte_id_seq'));
insert into contato(ramal)values('');insert into telefone(tipo, ddd, telefone, id_contato)values('RESIDENCIAL', '', '0', currval('contato_id_seq'));insert into telefone(tipo, ddd, telefone, id_contato)values('COMERCIAL', '','0', currval('contato_id_seq'));insert into endereco (data_inicial_vigencia, endereco, cep)values('2000-01-01','AV. DR. AGENOR DE ALMEIDA LOYOLA - 1136','21911310');insert into contribuinte(id,  data_cadastro, nome_empresa, id_endereco, id_contato, valor_contribuicao)values(316,'22/09/1994','OLGA REGINA MARTINS TORRES',currval('endereco_id_seq'), currval('contato_id_seq'),0.00);insert into historico_status_contribuinte(data_inicial_vigencia, status)values('2001-01-01','ATIVADO');insert into contribuinte_historico_status_contribuinte(id_contribuinte, id_historico_status_contribuinte)values(316,currval('historico_status_contribuinte_id_seq'));
insert into contato(ramal)values('');insert into telefone(tipo, ddd, telefone, id_contato)values('RESIDENCIAL', '', '0', currval('contato_id_seq'));insert into telefone(tipo, ddd, telefone, id_contato)values('COMERCIAL', '','0', currval('contato_id_seq'));insert into endereco (data_inicial_vigencia, endereco, cep)values('2000-01-01','AV. DR. AGENOR DE ALMEIDA LOYOLA - 1136','21911310');insert into contribuinte(id,  data_cadastro, nome_empresa, id_endereco, id_contato, valor_contribuicao)values(317,'22/09/1994','MARA DE CASTRO LAUREDO',currval('endereco_id_seq'), currval('contato_id_seq'),0.00);insert into historico_status_contribuinte(data_inicial_vigencia, status)values('2001-01-01','ATIVADO');insert into contribuinte_historico_status_contribuinte(id_contribuinte, id_historico_status_contribuinte)values(317,currval('historico_status_contribuinte_id_seq'));
insert into contato(ramal)values('');insert into telefone(tipo, ddd, telefone, id_contato)values('RESIDENCIAL', '', '0', currval('contato_id_seq'));insert into telefone(tipo, ddd, telefone, id_contato)values('COMERCIAL', '','0', currval('contato_id_seq'));insert into endereco (data_inicial_vigencia, endereco, cep)values('2000-01-01','AV. DR. AGENOR DE ALMEIDA LOYOLA - 1136','21911310');insert into contribuinte(id,  data_cadastro, nome_empresa, id_endereco, id_contato, valor_contribuicao)values(318,'22/09/1994','NEUZA FONSECA DE SOUZA',currval('endereco_id_seq'), currval('contato_id_seq'),0.00);insert into historico_status_contribuinte(data_inicial_vigencia, status)values('2001-01-01','ATIVADO');insert into contribuinte_historico_status_contribuinte(id_contribuinte, id_historico_status_contribuinte)values(318,currval('historico_status_contribuinte_id_seq'));
insert into contato(ramal)values('');insert into telefone(tipo, ddd, telefone, id_contato)values('RESIDENCIAL', '', '0', currval('contato_id_seq'));insert into telefone(tipo, ddd, telefone, id_contato)values('COMERCIAL', '','0', currval('contato_id_seq'));insert into endereco (data_inicial_vigencia, endereco, cep)values('2000-01-01','AV. DR. AGENOR DE ALMEIDA LOYOLA - 1136','21911310');insert into contribuinte(id,  data_cadastro, nome_empresa, id_endereco, id_contato, valor_contribuicao)values(319,'22/09/1994','VERA LUCIA PRATES',currval('endereco_id_seq'), currval('contato_id_seq'),0.00);insert into historico_status_contribuinte(data_inicial_vigencia, status)values('2001-01-01','ATIVADO');insert into contribuinte_historico_status_contribuinte(id_contribuinte, id_historico_status_contribuinte)values(319,currval('historico_status_contribuinte_id_seq'));
insert into contato(ramal)values('');insert into telefone(tipo, ddd, telefone, id_contato)values('RESIDENCIAL', '', '0', currval('contato_id_seq'));insert into telefone(tipo, ddd, telefone, id_contato)values('COMERCIAL', '','0', currval('contato_id_seq'));insert into endereco (data_inicial_vigencia, endereco, cep)values('2000-01-01','AV. DR. AGENOR DE ALMEIDA LOYOLA - 1136','21911310');insert into contribuinte(id,  data_cadastro, nome_empresa, id_endereco, id_contato, valor_contribuicao)values(320,'22/09/1994','MARGARETH DE SOUZA LEITAO',currval('endereco_id_seq'), currval('contato_id_seq'),0.00);insert into historico_status_contribuinte(data_inicial_vigencia, status)values('2001-01-01','ATIVADO');insert into contribuinte_historico_status_contribuinte(id_contribuinte, id_historico_status_contribuinte)values(320,currval('historico_status_contribuinte_id_seq'));
insert into contato(ramal)values('');insert into telefone(tipo, ddd, telefone, id_contato)values('RESIDENCIAL', '', '0', currval('contato_id_seq'));insert into telefone(tipo, ddd, telefone, id_contato)values('COMERCIAL', '','0', currval('contato_id_seq'));insert into endereco (data_inicial_vigencia, endereco, cep)values('2000-01-01','AV. DR.AGENOR DE ALMEIDA LOYOLA - 1136','21911310');insert into contribuinte(id,  data_cadastro, nome_empresa, id_endereco, id_contato, valor_contribuicao)values(321,'22/09/1994','ALBINO DA SILVA MAIA',currval('endereco_id_seq'), currval('contato_id_seq'),0.00);insert into historico_status_contribuinte(data_inicial_vigencia, status)values('2001-01-01','ATIVADO');insert into contribuinte_historico_status_contribuinte(id_contribuinte, id_historico_status_contribuinte)values(321,currval('historico_status_contribuinte_id_seq'));
insert into contato(ramal)values('');insert into telefone(tipo, ddd, telefone, id_contato)values('RESIDENCIAL', '', '0', currval('contato_id_seq'));insert into telefone(tipo, ddd, telefone, id_contato)values('COMERCIAL', '','0', currval('contato_id_seq'));insert into endereco (data_inicial_vigencia, endereco, cep)values('2000-01-01','AV. DR. AGENOR DE ALMEIDA LOYOLA - 1136','21911310');insert into contribuinte(id,  data_cadastro, nome_empresa, id_endereco, id_contato, valor_contribuicao)values(322,'22/09/1994','RENATO MAURICIO NEVES',currval('endereco_id_seq'), currval('contato_id_seq'),0.00);insert into historico_status_contribuinte(data_inicial_vigencia, status)values('2001-01-01','ATIVADO');insert into contribuinte_historico_status_contribuinte(id_contribuinte, id_historico_status_contribuinte)values(322,currval('historico_status_contribuinte_id_seq'));
insert into contato(ramal)values('');insert into telefone(tipo, ddd, telefone, id_contato)values('RESIDENCIAL', '', '0', currval('contato_id_seq'));insert into telefone(tipo, ddd, telefone, id_contato)values('COMERCIAL', '','0', currval('contato_id_seq'));insert into endereco (data_inicial_vigencia, endereco, cep)values('2000-01-01','AV. DR. AGENOR DE ALMEIDA LOYOLA - 1136','21911310');insert into contribuinte(id,  data_cadastro, nome_empresa, id_endereco, id_contato, valor_contribuicao)values(323,'22/09/1994','MARIA DE CARVALHO',currval('endereco_id_seq'), currval('contato_id_seq'),0.00);insert into historico_status_contribuinte(data_inicial_vigencia, status)values('2001-01-01','ATIVADO');insert into contribuinte_historico_status_contribuinte(id_contribuinte, id_historico_status_contribuinte)values(323,currval('historico_status_contribuinte_id_seq'));
insert into contato(ramal)values('');insert into telefone(tipo, ddd, telefone, id_contato)values('RESIDENCIAL', '', '0', currval('contato_id_seq'));insert into telefone(tipo, ddd, telefone, id_contato)values('COMERCIAL', '','0', currval('contato_id_seq'));insert into endereco (data_inicial_vigencia, endereco, cep)values('2000-01-01','AV. DR. AGENOR DE ALMEIDA LOYOLA - 1136','21911310');insert into contribuinte(id,  data_cadastro, nome_empresa, id_endereco, id_contato, valor_contribuicao)values(324,'22/09/1994','CARLOS CASTILHO LOPES',currval('endereco_id_seq'), currval('contato_id_seq'),0.00);insert into historico_status_contribuinte(data_inicial_vigencia, status)values('2001-01-01','ATIVADO');insert into contribuinte_historico_status_contribuinte(id_contribuinte, id_historico_status_contribuinte)values(324,currval('historico_status_contribuinte_id_seq'));
insert into contato(ramal)values('');insert into telefone(tipo, ddd, telefone, id_contato)values('RESIDENCIAL', '', '0', currval('contato_id_seq'));insert into telefone(tipo, ddd, telefone, id_contato)values('COMERCIAL', '','0', currval('contato_id_seq'));insert into endereco (data_inicial_vigencia, endereco, cep)values('2000-01-01','AV. DR. AGENOR DE ALMEIDA LOYOLA - 1136','21911310');insert into contribuinte(id,  data_cadastro, nome_empresa, id_endereco, id_contato, valor_contribuicao)values(325,'22/09/1994','FLAVIO GERMANO DE SOUZA',currval('endereco_id_seq'), currval('contato_id_seq'),0.00);insert into historico_status_contribuinte(data_inicial_vigencia, status)values('2001-01-01','ATIVADO');insert into contribuinte_historico_status_contribuinte(id_contribuinte, id_historico_status_contribuinte)values(325,currval('historico_status_contribuinte_id_seq'));
insert into contato(ramal)values('');insert into telefone(tipo, ddd, telefone, id_contato)values('RESIDENCIAL', '', '0', currval('contato_id_seq'));insert into telefone(tipo, ddd, telefone, id_contato)values('COMERCIAL', '','0', currval('contato_id_seq'));insert into endereco (data_inicial_vigencia, endereco, cep)values('2000-01-01','AV. DR. AGENOR DE ALMEIDA LOYOLA - 1136','21911310');insert into contribuinte(id,  data_cadastro, nome_empresa, id_endereco, id_contato, valor_contribuicao)values(326,'22/09/1994','NILZA BARBOSA DE PAULA',currval('endereco_id_seq'), currval('contato_id_seq'),0.00);insert into historico_status_contribuinte(data_inicial_vigencia, status)values('2001-01-01','ATIVADO');insert into contribuinte_historico_status_contribuinte(id_contribuinte, id_historico_status_contribuinte)values(326,currval('historico_status_contribuinte_id_seq'));
insert into contato(ramal)values('');insert into telefone(tipo, ddd, telefone, id_contato)values('RESIDENCIAL', '', '0', currval('contato_id_seq'));insert into telefone(tipo, ddd, telefone, id_contato)values('COMERCIAL', '','0', currval('contato_id_seq'));insert into endereco (data_inicial_vigencia, endereco, cep)values('2000-01-01','AV. DR. AGENOR DE ALMEIDA LOYOLA - 1136','21911310');insert into contribuinte(id,  data_cadastro, nome_empresa, id_endereco, id_contato, valor_contribuicao)values(327,'22/09/1994','MARIA DAS DORES SOUZA',currval('endereco_id_seq'), currval('contato_id_seq'),0.00);insert into historico_status_contribuinte(data_inicial_vigencia, status)values('2001-01-01','ATIVADO');insert into contribuinte_historico_status_contribuinte(id_contribuinte, id_historico_status_contribuinte)values(327,currval('historico_status_contribuinte_id_seq'));
insert into contato(ramal)values('');insert into telefone(tipo, ddd, telefone, id_contato)values('RESIDENCIAL', '', '0', currval('contato_id_seq'));insert into telefone(tipo, ddd, telefone, id_contato)values('COMERCIAL', '','0', currval('contato_id_seq'));insert into endereco (data_inicial_vigencia, endereco, cep)values('2000-01-01','AV. DR. AGENOR DE ALMEIDA TOYOLA - 1136','21911310');insert into contribuinte(id,  data_cadastro, nome_empresa, id_endereco, id_contato, valor_contribuicao)values(328,'22/09/1994','RODRIGO ALMEIDA TORRES',currval('endereco_id_seq'), currval('contato_id_seq'),0.00);insert into historico_status_contribuinte(data_inicial_vigencia, status)values('2001-01-01','ATIVADO');insert into contribuinte_historico_status_contribuinte(id_contribuinte, id_historico_status_contribuinte)values(328,currval('historico_status_contribuinte_id_seq'));
insert into contato(ramal)values('');insert into telefone(tipo, ddd, telefone, id_contato)values('RESIDENCIAL', '', '0', currval('contato_id_seq'));insert into telefone(tipo, ddd, telefone, id_contato)values('COMERCIAL', '','0', currval('contato_id_seq'));insert into endereco (data_inicial_vigencia, endereco, cep)values('2000-01-01','AV. DR. AGENOR DE ALMEIDA LOYOLA -1136','21911310');insert into contribuinte(id,  data_cadastro, nome_empresa, id_endereco, id_contato, valor_contribuicao)values(329,'22/09/1994','SILVANA CLAUDIA DE ALMEIDA TORRES',currval('endereco_id_seq'), currval('contato_id_seq'),0.00);insert into historico_status_contribuinte(data_inicial_vigencia, status)values('2001-01-01','ATIVADO');insert into contribuinte_historico_status_contribuinte(id_contribuinte, id_historico_status_contribuinte)values(329,currval('historico_status_contribuinte_id_seq'));
insert into contato(ramal)values('');insert into telefone(tipo, ddd, telefone, id_contato)values('RESIDENCIAL', '', '0', currval('contato_id_seq'));insert into telefone(tipo, ddd, telefone, id_contato)values('COMERCIAL', '','0', currval('contato_id_seq'));insert into endereco (data_inicial_vigencia, endereco, cep)values('2000-01-01','AV. DR. AGENOR DE ALMEIDA LOYOLA - 1136','21911310');insert into contribuinte(id,  data_cadastro, nome_empresa, id_endereco, id_contato, valor_contribuicao)values(330,'22/09/1994','RUBENS RODRIGUES',currval('endereco_id_seq'), currval('contato_id_seq'),0.00);insert into historico_status_contribuinte(data_inicial_vigencia, status)values('2001-01-01','ATIVADO');insert into contribuinte_historico_status_contribuinte(id_contribuinte, id_historico_status_contribuinte)values(330,currval('historico_status_contribuinte_id_seq'));
insert into contato(ramal)values('');insert into telefone(tipo, ddd, telefone, id_contato)values('RESIDENCIAL', '21', '7764665', currval('contato_id_seq'));insert into telefone(tipo, ddd, telefone, id_contato)values('COMERCIAL', '','0', currval('contato_id_seq'));insert into endereco (data_inicial_vigencia, endereco, cep)values('2000-01-01','ROD. WASHINGTON LUIZ, 17479','25240000');insert into contribuinte(id,  data_cadastro, nome_empresa, id_endereco, id_contato, valor_contribuicao)values(331,'22/09/1994','JOSE CARLOS ALMEIDA TORRES',currval('endereco_id_seq'), currval('contato_id_seq'),0.00);insert into historico_status_contribuinte(data_inicial_vigencia, status)values('2001-01-01','ATIVADO');insert into contribuinte_historico_status_contribuinte(id_contribuinte, id_historico_status_contribuinte)values(331,currval('historico_status_contribuinte_id_seq'));
insert into contato(ramal)values('');insert into telefone(tipo, ddd, telefone, id_contato)values('RESIDENCIAL', '', '38626536', currval('contato_id_seq'));insert into telefone(tipo, ddd, telefone, id_contato)values('COMERCIAL', '','0', currval('contato_id_seq'));insert into endereco (data_inicial_vigencia, endereco, cep)values('2000-01-01','RUA BARAO DE BANANAL, 604 APTO. 71','5024000');insert into contribuinte(id,  data_cadastro, nome_empresa, id_endereco, id_contato, valor_contribuicao)values(332,'22/09/1994','BRAZ DO CARMO RUSSO',currval('endereco_id_seq'), currval('contato_id_seq'),0.00);insert into historico_status_contribuinte(data_inicial_vigencia, status)values('2001-01-01','ATIVADO');insert into contribuinte_historico_status_contribuinte(id_contribuinte, id_historico_status_contribuinte)values(332,currval('historico_status_contribuinte_id_seq'));
insert into contato(ramal)values('');insert into telefone(tipo, ddd, telefone, id_contato)values('RESIDENCIAL', '', '0', currval('contato_id_seq'));insert into telefone(tipo, ddd, telefone, id_contato)values('COMERCIAL', '','0', currval('contato_id_seq'));insert into endereco (data_inicial_vigencia, endereco, cep)values('2000-01-01','AV.IBIJAU - 322 - AP. 131','4524020');insert into contribuinte(id,  data_cadastro, nome_empresa, id_endereco, id_contato, valor_contribuicao)values(333,'22/09/1994','ANTONIO CARLOS GASPARIN',currval('endereco_id_seq'), currval('contato_id_seq'),0.00);insert into historico_status_contribuinte(data_inicial_vigencia, status)values('2001-01-01','ATIVADO');insert into contribuinte_historico_status_contribuinte(id_contribuinte, id_historico_status_contribuinte)values(333,currval('historico_status_contribuinte_id_seq'));
insert into contato(ramal)values('');insert into telefone(tipo, ddd, telefone, id_contato)values('RESIDENCIAL', '', '0', currval('contato_id_seq'));insert into telefone(tipo, ddd, telefone, id_contato)values('COMERCIAL', '','0', currval('contato_id_seq'));insert into endereco (data_inicial_vigencia, endereco, cep)values('2000-01-01','RUA OTAVIO TAVARES, 248','2632080');insert into contribuinte(id,  data_cadastro, nome_empresa, id_endereco, id_contato, valor_contribuicao)values(340,'23/09/1994','JANICE APARECIDA JORGE CELEGUIM',currval('endereco_id_seq'), currval('contato_id_seq'),0.00);insert into historico_status_contribuinte(data_inicial_vigencia, status)values('2001-01-01','ATIVADO');insert into contribuinte_historico_status_contribuinte(id_contribuinte, id_historico_status_contribuinte)values(340,currval('historico_status_contribuinte_id_seq'));
insert into contato(ramal)values('');insert into telefone(tipo, ddd, telefone, id_contato)values('RESIDENCIAL', '', '0', currval('contato_id_seq'));insert into telefone(tipo, ddd, telefone, id_contato)values('COMERCIAL', '','0', currval('contato_id_seq'));insert into endereco (data_inicial_vigencia, endereco, cep)values('2000-01-01','ALAMEDA SANTOS - 2359 - AP. 172','1419002');insert into contribuinte(id,  data_cadastro, nome_empresa, id_endereco, id_contato, valor_contribuicao)values(341,'01/12/1995','DECIO RIBEIRO DOS SANTOS',currval('endereco_id_seq'), currval('contato_id_seq'),0.00);insert into historico_status_contribuinte(data_inicial_vigencia, status)values('2001-01-01','ATIVADO');insert into contribuinte_historico_status_contribuinte(id_contribuinte, id_historico_status_contribuinte)values(341,currval('historico_status_contribuinte_id_seq'));
insert into contato(ramal)values('');insert into telefone(tipo, ddd, telefone, id_contato)values('RESIDENCIAL', '', '0', currval('contato_id_seq'));insert into telefone(tipo, ddd, telefone, id_contato)values('COMERCIAL', '','0', currval('contato_id_seq'));insert into endereco (data_inicial_vigencia, endereco, cep)values('2000-01-01','AV. ENG. LUIS CARLOS BERRINI, 962 - 4 AN','4571000');insert into contribuinte(id,  data_cadastro, nome_empresa, id_endereco, id_contato, valor_contribuicao)values(342,'01/12/1995','TTI -TRANSPACIFIC TRANSITARIO INTL LTDA',currval('endereco_id_seq'), currval('contato_id_seq'),0.00);insert into historico_status_contribuinte(data_inicial_vigencia, status)values('2001-01-01','ATIVADO');insert into contribuinte_historico_status_contribuinte(id_contribuinte, id_historico_status_contribuinte)values(342,currval('historico_status_contribuinte_id_seq'));
insert into contato(ramal)values('');insert into telefone(tipo, ddd, telefone, id_contato)values('RESIDENCIAL', '', '0', currval('contato_id_seq'));insert into telefone(tipo, ddd, telefone, id_contato)values('COMERCIAL', '','0', currval('contato_id_seq'));insert into endereco (data_inicial_vigencia, endereco, cep)values('2000-01-01','RUA BREVES, 738','4645001');insert into contribuinte(id,  data_cadastro, nome_empresa, id_endereco, id_contato, valor_contribuicao)values(343,'01/12/1995','PAULO ROBERTO AL. ASSAL',currval('endereco_id_seq'), currval('contato_id_seq'),0.00);insert into historico_status_contribuinte(data_inicial_vigencia, status)values('2001-01-01','ATIVADO');insert into contribuinte_historico_status_contribuinte(id_contribuinte, id_historico_status_contribuinte)values(343,currval('historico_status_contribuinte_id_seq'));
insert into contato(ramal)values('');insert into telefone(tipo, ddd, telefone, id_contato)values('RESIDENCIAL', '13', '32193453', currval('contato_id_seq'));insert into telefone(tipo, ddd, telefone, id_contato)values('COMERCIAL', '','0', currval('contato_id_seq'));insert into endereco (data_inicial_vigencia, endereco, cep)values('2000-01-01','RUA GALEAO CARVALHAL,23 AP32 GONZAGA','11055201');insert into contribuinte(id,  data_cadastro, nome_empresa, id_endereco, id_contato, valor_contribuicao)values(344,'01/12/1995','AUGUSTO CARLOS DE CARVALHO',currval('endereco_id_seq'), currval('contato_id_seq'),10.00);insert into historico_status_contribuinte(data_inicial_vigencia, status)values('2001-01-01','ATIVADO');insert into contribuinte_historico_status_contribuinte(id_contribuinte, id_historico_status_contribuinte)values(344,currval('historico_status_contribuinte_id_seq'));
insert into contato(ramal)values('');insert into telefone(tipo, ddd, telefone, id_contato)values('RESIDENCIAL', '11', '38643254', currval('contato_id_seq'));insert into telefone(tipo, ddd, telefone, id_contato)values('COMERCIAL', '','0', currval('contato_id_seq'));insert into endereco (data_inicial_vigencia, endereco, cep)values('2000-01-01','R DR. CANDIDO ESPINHEIRA, 755 - PERDIZES','5004000');insert into contribuinte(id,  data_cadastro, nome_empresa, id_endereco, id_contato, valor_contribuicao)values(345,'01/12/1994','MARIA FLORENCIA CAMPOS GAMA',currval('endereco_id_seq'), currval('contato_id_seq'),25.00);insert into historico_status_contribuinte(data_inicial_vigencia, status)values('2001-01-01','ATIVADO');insert into contribuinte_historico_status_contribuinte(id_contribuinte, id_historico_status_contribuinte)values(345,currval('historico_status_contribuinte_id_seq'));
insert into contato(ramal)values('');insert into telefone(tipo, ddd, telefone, id_contato)values('RESIDENCIAL', '', '0', currval('contato_id_seq'));insert into telefone(tipo, ddd, telefone, id_contato)values('COMERCIAL', '','0', currval('contato_id_seq'));insert into endereco (data_inicial_vigencia, endereco, cep)values('2000-01-01','AV. WASHINGTON LUIZ, 3569','4627000');insert into contribuinte(id,  data_cadastro, nome_empresa, id_endereco, id_contato, valor_contribuicao)values(347,'01/12/1995','MARCAIL RIBEIRO DOS SANTOS FILHO',currval('endereco_id_seq'), currval('contato_id_seq'),0.00);insert into historico_status_contribuinte(data_inicial_vigencia, status)values('2001-01-01','ATIVADO');insert into contribuinte_historico_status_contribuinte(id_contribuinte, id_historico_status_contribuinte)values(347,currval('historico_status_contribuinte_id_seq'));
insert into contato(ramal)values('');insert into telefone(tipo, ddd, telefone, id_contato)values('RESIDENCIAL', '', '0', currval('contato_id_seq'));insert into telefone(tipo, ddd, telefone, id_contato)values('COMERCIAL', '','0', currval('contato_id_seq'));insert into endereco (data_inicial_vigencia, endereco, cep)values('2000-01-01','R KANSAS, 267','4558000');insert into contribuinte(id,  data_cadastro, nome_empresa, id_endereco, id_contato, valor_contribuicao)values(348,'01/12/1995','HELOISA CARVALHO RIBEIRO DOS SANTOS',currval('endereco_id_seq'), currval('contato_id_seq'),0.00);insert into historico_status_contribuinte(data_inicial_vigencia, status)values('2001-01-01','ATIVADO');insert into contribuinte_historico_status_contribuinte(id_contribuinte, id_historico_status_contribuinte)values(348,currval('historico_status_contribuinte_id_seq'));
insert into contato(ramal)values('');insert into telefone(tipo, ddd, telefone, id_contato)values('RESIDENCIAL', '', '0', currval('contato_id_seq'));insert into telefone(tipo, ddd, telefone, id_contato)values('COMERCIAL', '','0', currval('contato_id_seq'));insert into endereco (data_inicial_vigencia, endereco, cep)values('2000-01-01','R KANSAS, 267','4558000');insert into contribuinte(id,  data_cadastro, nome_empresa, id_endereco, id_contato, valor_contribuicao)values(349,'01/12/1995','RODRIGO RIBEIRO DOS SANTOS',currval('endereco_id_seq'), currval('contato_id_seq'),0.00);insert into historico_status_contribuinte(data_inicial_vigencia, status)values('2001-01-01','ATIVADO');insert into contribuinte_historico_status_contribuinte(id_contribuinte, id_historico_status_contribuinte)values(349,currval('historico_status_contribuinte_id_seq'));
insert into contato(ramal)values('');insert into telefone(tipo, ddd, telefone, id_contato)values('RESIDENCIAL', '', '0', currval('contato_id_seq'));insert into telefone(tipo, ddd, telefone, id_contato)values('COMERCIAL', '','0', currval('contato_id_seq'));insert into endereco (data_inicial_vigencia, endereco, cep)values('2000-01-01','RUA ABELARDO V. CESAR, 45 - AP. 172','4635080');insert into contribuinte(id,  data_cadastro, nome_empresa, id_endereco, id_contato, valor_contribuicao)values(350,'01/12/1995','MARCELO BARROS CAPRA',currval('endereco_id_seq'), currval('contato_id_seq'),0.00);insert into historico_status_contribuinte(data_inicial_vigencia, status)values('2001-01-01','ATIVADO');insert into contribuinte_historico_status_contribuinte(id_contribuinte, id_historico_status_contribuinte)values(350,currval('historico_status_contribuinte_id_seq'));
insert into contato(ramal)values('fax');insert into telefone(tipo, ddd, telefone, id_contato)values('RESIDENCIAL', '11', '6694', currval('contato_id_seq'));insert into telefone(tipo, ddd, telefone, id_contato)values('COMERCIAL', '11','66935765', currval('contato_id_seq'));insert into endereco (data_inicial_vigencia, endereco, cep)values('2000-01-01','RUA CAJURU, 374','3057000');insert into contribuinte(id,  data_cadastro, nome_empresa, id_endereco, id_contato, valor_contribuicao)values(351,'01/12/1995','MATRA EMBALAGENS LTDA.',currval('endereco_id_seq'), currval('contato_id_seq'),0.00);insert into historico_status_contribuinte(data_inicial_vigencia, status)values('2001-01-01','ATIVADO');insert into contribuinte_historico_status_contribuinte(id_contribuinte, id_historico_status_contribuinte)values(351,currval('historico_status_contribuinte_id_seq'));
insert into contato(ramal)values('');insert into telefone(tipo, ddd, telefone, id_contato)values('RESIDENCIAL', '', '0', currval('contato_id_seq'));insert into telefone(tipo, ddd, telefone, id_contato)values('COMERCIAL', '11','64616259', currval('contato_id_seq'));insert into endereco (data_inicial_vigencia, endereco, cep)values('2000-01-01','RODOVIA PRESIDENTE DUTRA KM 222,2','7034904');insert into contribuinte(id,  data_cadastro, nome_empresa, id_endereco, id_contato, valor_contribuicao)values(352,'01/12/1995','MARCOS EDUARDO CAMATA',currval('endereco_id_seq'), currval('contato_id_seq'),0.00);insert into historico_status_contribuinte(data_inicial_vigencia, status)values('2001-01-01','ATIVADO');insert into contribuinte_historico_status_contribuinte(id_contribuinte, id_historico_status_contribuinte)values(352,currval('historico_status_contribuinte_id_seq'));
insert into contato(ramal)values('');insert into telefone(tipo, ddd, telefone, id_contato)values('RESIDENCIAL', '', '0', currval('contato_id_seq'));insert into telefone(tipo, ddd, telefone, id_contato)values('COMERCIAL', '','0', currval('contato_id_seq'));insert into endereco (data_inicial_vigencia, endereco, cep)values('2000-01-01','RUA HILTON NUNES,NUM 9C JD.ROSA FRANCA','7081240');insert into contribuinte(id,  data_cadastro, nome_empresa, id_endereco, id_contato, valor_contribuicao)values(353,'01/12/1995','APARECIDA L. VONO PALHARDI',currval('endereco_id_seq'), currval('contato_id_seq'),0.00);insert into historico_status_contribuinte(data_inicial_vigencia, status)values('2001-01-01','ATIVADO');insert into contribuinte_historico_status_contribuinte(id_contribuinte, id_historico_status_contribuinte)values(353,currval('historico_status_contribuinte_id_seq'));
insert into contato(ramal)values('');insert into telefone(tipo, ddd, telefone, id_contato)values('RESIDENCIAL', '', '0', currval('contato_id_seq'));insert into telefone(tipo, ddd, telefone, id_contato)values('COMERCIAL', '','0', currval('contato_id_seq'));insert into endereco (data_inicial_vigencia, endereco, cep)values('2000-01-01','RODOVIA PRESIDENTE DUTRA KM 227','7034904');insert into contribuinte(id,  data_cadastro, nome_empresa, id_endereco, id_contato, valor_contribuicao)values(354,'01/12/1995','NEUSA DE FATIMA DA SILVA',currval('endereco_id_seq'), currval('contato_id_seq'),0.00);insert into historico_status_contribuinte(data_inicial_vigencia, status)values('2001-01-01','ATIVADO');insert into contribuinte_historico_status_contribuinte(id_contribuinte, id_historico_status_contribuinte)values(354,currval('historico_status_contribuinte_id_seq'));
insert into contato(ramal)values('');insert into telefone(tipo, ddd, telefone, id_contato)values('RESIDENCIAL', '', '0', currval('contato_id_seq'));insert into telefone(tipo, ddd, telefone, id_contato)values('COMERCIAL', '','0', currval('contato_id_seq'));insert into endereco (data_inicial_vigencia, endereco, cep)values('2000-01-01','R ISMAEL NERY, 738 - AP. 54 A','2333000');insert into contribuinte(id,  data_cadastro, nome_empresa, id_endereco, id_contato, valor_contribuicao)values(355,'01/12/1995','JUSSARA APARECIDA DA COSTA',currval('endereco_id_seq'), currval('contato_id_seq'),0.00);insert into historico_status_contribuinte(data_inicial_vigencia, status)values('2001-01-01','ATIVADO');insert into contribuinte_historico_status_contribuinte(id_contribuinte, id_historico_status_contribuinte)values(355,currval('historico_status_contribuinte_id_seq'));
insert into contato(ramal)values('');insert into telefone(tipo, ddd, telefone, id_contato)values('RESIDENCIAL', '', '0', currval('contato_id_seq'));insert into telefone(tipo, ddd, telefone, id_contato)values('COMERCIAL', '','0', currval('contato_id_seq'));insert into endereco (data_inicial_vigencia, endereco, cep)values('2000-01-01','R MANOEL QUERINO, 248 - C - 3','2312000');insert into contribuinte(id,  data_cadastro, nome_empresa, id_endereco, id_contato, valor_contribuicao)values(356,'01/12/1995','ELOIZA MARIA DUCINI',currval('endereco_id_seq'), currval('contato_id_seq'),0.00);insert into historico_status_contribuinte(data_inicial_vigencia, status)values('2001-01-01','ATIVADO');insert into contribuinte_historico_status_contribuinte(id_contribuinte, id_historico_status_contribuinte)values(356,currval('historico_status_contribuinte_id_seq'));
insert into contato(ramal)values('');insert into telefone(tipo, ddd, telefone, id_contato)values('RESIDENCIAL', '11', '38469704', currval('contato_id_seq'));insert into telefone(tipo, ddd, telefone, id_contato)values('COMERCIAL', '','0', currval('contato_id_seq'));insert into endereco (data_inicial_vigencia, endereco, cep)values('2000-01-01','R DAS PORCELANAS,206 - JABAQUARA','4323090');insert into contribuinte(id,  data_cadastro, nome_empresa, id_endereco, id_contato, valor_contribuicao)values(357,'01/12/1995','ARIANE TEIXEIRA DE C. WAFELMAN HARTOGS',currval('endereco_id_seq'), currval('contato_id_seq'),50.00);insert into historico_status_contribuinte(data_inicial_vigencia, status)values('2001-01-01','ATIVADO');insert into contribuinte_historico_status_contribuinte(id_contribuinte, id_historico_status_contribuinte)values(357,currval('historico_status_contribuinte_id_seq'));
insert into contato(ramal)values('');insert into telefone(tipo, ddd, telefone, id_contato)values('RESIDENCIAL', '', '0', currval('contato_id_seq'));insert into telefone(tipo, ddd, telefone, id_contato)values('COMERCIAL', '','0', currval('contato_id_seq'));insert into endereco (data_inicial_vigencia, endereco, cep)values('2000-01-01','RODOVIA PRESIDENTE DUTRA KM 227','7034904');insert into contribuinte(id,  data_cadastro, nome_empresa, id_endereco, id_contato, valor_contribuicao)values(358,'10/05/1994','DAVID MAGNI DO A.COSTA',currval('endereco_id_seq'), currval('contato_id_seq'),0.00);insert into historico_status_contribuinte(data_inicial_vigencia, status)values('2001-01-01','ATIVADO');insert into contribuinte_historico_status_contribuinte(id_contribuinte, id_historico_status_contribuinte)values(358,currval('historico_status_contribuinte_id_seq'));
insert into contato(ramal)values('');insert into telefone(tipo, ddd, telefone, id_contato)values('RESIDENCIAL', '', '0', currval('contato_id_seq'));insert into telefone(tipo, ddd, telefone, id_contato)values('COMERCIAL', '','0', currval('contato_id_seq'));insert into endereco (data_inicial_vigencia, endereco, cep)values('2000-01-01','R BOCAIUVA PREDIO 94 APTO.32-A COHAB V','6329230');insert into contribuinte(id,  data_cadastro, nome_empresa, id_endereco, id_contato, valor_contribuicao)values(359,'10/06/1994','JAIR BENEDITO GABRIEL',currval('endereco_id_seq'), currval('contato_id_seq'),0.00);insert into historico_status_contribuinte(data_inicial_vigencia, status)values('2001-01-01','ATIVADO');insert into contribuinte_historico_status_contribuinte(id_contribuinte, id_historico_status_contribuinte)values(359,currval('historico_status_contribuinte_id_seq'));
insert into contato(ramal)values('');insert into telefone(tipo, ddd, telefone, id_contato)values('RESIDENCIAL', '', '0', currval('contato_id_seq'));insert into telefone(tipo, ddd, telefone, id_contato)values('COMERCIAL', '','0', currval('contato_id_seq'));insert into endereco (data_inicial_vigencia, endereco, cep)values('2000-01-01','R.ALBERTO DE FARIA,749 ALTO DE PINHEIROS','5459000');insert into contribuinte(id,  data_cadastro, nome_empresa, id_endereco, id_contato, valor_contribuicao)values(360,'10/06/1994','TITO DE OLIVEIRA HESKETH',currval('endereco_id_seq'), currval('contato_id_seq'),0.00);insert into historico_status_contribuinte(data_inicial_vigencia, status)values('2001-01-01','ATIVADO');insert into contribuinte_historico_status_contribuinte(id_contribuinte, id_historico_status_contribuinte)values(360,currval('historico_status_contribuinte_id_seq'));
insert into contato(ramal)values('');insert into telefone(tipo, ddd, telefone, id_contato)values('RESIDENCIAL', '', '0', currval('contato_id_seq'));insert into telefone(tipo, ddd, telefone, id_contato)values('COMERCIAL', '','0', currval('contato_id_seq'));insert into endereco (data_inicial_vigencia, endereco, cep)values('2000-01-01','AL.JOAQUIM EUGENIO DE LIMA,97 APTO.71','1403001');insert into contribuinte(id,  data_cadastro, nome_empresa, id_endereco, id_contato, valor_contribuicao)values(361,'10/10/1994','SARA LEVI',currval('endereco_id_seq'), currval('contato_id_seq'),0.00);insert into historico_status_contribuinte(data_inicial_vigencia, status)values('2001-01-01','ATIVADO');insert into contribuinte_historico_status_contribuinte(id_contribuinte, id_historico_status_contribuinte)values(361,currval('historico_status_contribuinte_id_seq'));
insert into contato(ramal)values('');insert into telefone(tipo, ddd, telefone, id_contato)values('RESIDENCIAL', '11', '8535633', currval('contato_id_seq'));insert into telefone(tipo, ddd, telefone, id_contato)values('COMERCIAL', '','0', currval('contato_id_seq'));insert into endereco (data_inicial_vigencia, endereco, cep)values('2000-01-01','R.CAPOTE VALENTE, 154 - AP.11','5409000');insert into contribuinte(id,  data_cadastro, nome_empresa, id_endereco, id_contato, valor_contribuicao)values(362,'10/10/1994','AUREA MARIA PIOVESAN MARTINELLI',currval('endereco_id_seq'), currval('contato_id_seq'),10.00);insert into historico_status_contribuinte(data_inicial_vigencia, status)values('2001-01-01','ATIVADO');insert into contribuinte_historico_status_contribuinte(id_contribuinte, id_historico_status_contribuinte)values(362,currval('historico_status_contribuinte_id_seq'));
insert into contato(ramal)values('');insert into telefone(tipo, ddd, telefone, id_contato)values('RESIDENCIAL', '', '0', currval('contato_id_seq'));insert into telefone(tipo, ddd, telefone, id_contato)values('COMERCIAL', '','0', currval('contato_id_seq'));insert into endereco (data_inicial_vigencia, endereco, cep)values('2000-01-01','RUA DUILIO, 552 AP.21 - VILA ROMANA','5043020');insert into contribuinte(id,  data_cadastro, nome_empresa, id_endereco, id_contato, valor_contribuicao)values(363,'10/10/1994','ZULMIRA COPIANO CORAZZA',currval('endereco_id_seq'), currval('contato_id_seq'),0.00);insert into historico_status_contribuinte(data_inicial_vigencia, status)values('2001-01-01','ATIVADO');insert into contribuinte_historico_status_contribuinte(id_contribuinte, id_historico_status_contribuinte)values(363,currval('historico_status_contribuinte_id_seq'));
insert into contato(ramal)values('');insert into telefone(tipo, ddd, telefone, id_contato)values('RESIDENCIAL', '', '0', currval('contato_id_seq'));insert into telefone(tipo, ddd, telefone, id_contato)values('COMERCIAL', '','0', currval('contato_id_seq'));insert into endereco (data_inicial_vigencia, endereco, cep)values('2000-01-01','RODOVIA PRESIDENTE DUTRA KM 227','7034904');insert into contribuinte(id,  data_cadastro, nome_empresa, id_endereco, id_contato, valor_contribuicao)values(364,'13/10/1994','DAMIANA APARECIDA DE SOUZA',currval('endereco_id_seq'), currval('contato_id_seq'),0.00);insert into historico_status_contribuinte(data_inicial_vigencia, status)values('2001-01-01','ATIVADO');insert into contribuinte_historico_status_contribuinte(id_contribuinte, id_historico_status_contribuinte)values(364,currval('historico_status_contribuinte_id_seq'));
insert into contato(ramal)values('');insert into telefone(tipo, ddd, telefone, id_contato)values('RESIDENCIAL', '', '0', currval('contato_id_seq'));insert into telefone(tipo, ddd, telefone, id_contato)values('COMERCIAL', '11','64616302', currval('contato_id_seq'));insert into endereco (data_inicial_vigencia, endereco, cep)values('2000-01-01','RODOVIA PRESIDENTE DUTRA KM 222,2','7034904');insert into contribuinte(id,  data_cadastro, nome_empresa, id_endereco, id_contato, valor_contribuicao)values(367,'13/10/1994','SEBASTIAO JOSE MACIEL',currval('endereco_id_seq'), currval('contato_id_seq'),0.00);insert into historico_status_contribuinte(data_inicial_vigencia, status)values('2001-01-01','ATIVADO');insert into contribuinte_historico_status_contribuinte(id_contribuinte, id_historico_status_contribuinte)values(367,currval('historico_status_contribuinte_id_seq'));
insert into contato(ramal)values('');insert into telefone(tipo, ddd, telefone, id_contato)values('RESIDENCIAL', '', '0', currval('contato_id_seq'));insert into telefone(tipo, ddd, telefone, id_contato)values('COMERCIAL', '','0', currval('contato_id_seq'));insert into endereco (data_inicial_vigencia, endereco, cep)values('2000-01-01','RODOVIA PRESIDENTE DUTRA KM 227','7034904');insert into contribuinte(id,  data_cadastro, nome_empresa, id_endereco, id_contato, valor_contribuicao)values(368,'13/10/1994','MANOEL GOMES CHAVES',currval('endereco_id_seq'), currval('contato_id_seq'),0.00);insert into historico_status_contribuinte(data_inicial_vigencia, status)values('2001-01-01','ATIVADO');insert into contribuinte_historico_status_contribuinte(id_contribuinte, id_historico_status_contribuinte)values(368,currval('historico_status_contribuinte_id_seq'));
insert into contato(ramal)values('6441');insert into telefone(tipo, ddd, telefone, id_contato)values('RESIDENCIAL', '', '64616108', currval('contato_id_seq'));insert into telefone(tipo, ddd, telefone, id_contato)values('COMERCIAL', '','0', currval('contato_id_seq'));insert into endereco (data_inicial_vigencia, endereco, cep)values('2000-01-01','RUA COTOXO, 637 - AP.73   -  PERDIZES','5021000');insert into contribuinte(id,  data_cadastro, nome_empresa, id_endereco, id_contato, valor_contribuicao)values(369,'13/10/1994','ANDREA DE OLIVEIRA',currval('endereco_id_seq'), currval('contato_id_seq'),0.00);insert into historico_status_contribuinte(data_inicial_vigencia, status)values('2001-01-01','ATIVADO');insert into contribuinte_historico_status_contribuinte(id_contribuinte, id_historico_status_contribuinte)values(369,currval('historico_status_contribuinte_id_seq'));
insert into contato(ramal)values('');insert into telefone(tipo, ddd, telefone, id_contato)values('RESIDENCIAL', '', '0', currval('contato_id_seq'));insert into telefone(tipo, ddd, telefone, id_contato)values('COMERCIAL', '','0', currval('contato_id_seq'));insert into endereco (data_inicial_vigencia, endereco, cep)values('2000-01-01','R.CARDOSO DE ALMEIDA,1165 AP.43-PERDIZES','5013001');insert into contribuinte(id,  data_cadastro, nome_empresa, id_endereco, id_contato, valor_contribuicao)values(371,'20/10/1994','MYRNA M. T. RAIMONDI',currval('endereco_id_seq'), currval('contato_id_seq'),0.00);insert into historico_status_contribuinte(data_inicial_vigencia, status)values('2001-01-01','ATIVADO');insert into contribuinte_historico_status_contribuinte(id_contribuinte, id_historico_status_contribuinte)values(371,currval('historico_status_contribuinte_id_seq'));
insert into contato(ramal)values('');insert into telefone(tipo, ddd, telefone, id_contato)values('RESIDENCIAL', '', '0', currval('contato_id_seq'));insert into telefone(tipo, ddd, telefone, id_contato)values('COMERCIAL', '','0', currval('contato_id_seq'));insert into endereco (data_inicial_vigencia, endereco, cep)values('2000-01-01','AV.BOA VIAGEM,5802/501-EDF.RIO ARAGUAIA','52050000');insert into contribuinte(id,  data_cadastro, nome_empresa, id_endereco, id_contato, valor_contribuicao)values(372,'20/10/1994','PAULO DRUMMOND DOS REIS',currval('endereco_id_seq'), currval('contato_id_seq'),0.00);insert into historico_status_contribuinte(data_inicial_vigencia, status)values('2001-01-01','ATIVADO');insert into contribuinte_historico_status_contribuinte(id_contribuinte, id_historico_status_contribuinte)values(372,currval('historico_status_contribuinte_id_seq'));
insert into contato(ramal)values('');insert into telefone(tipo, ddd, telefone, id_contato)values('RESIDENCIAL', '', '0', currval('contato_id_seq'));insert into telefone(tipo, ddd, telefone, id_contato)values('COMERCIAL', '11','64616401', currval('contato_id_seq'));insert into endereco (data_inicial_vigencia, endereco, cep)values('2000-01-01','RODOVIA PRESIDENTE DUTRA KM 222,2','7034904');insert into contribuinte(id,  data_cadastro, nome_empresa, id_endereco, id_contato, valor_contribuicao)values(373,'24/10/1994','LUCIDALVA AGUIAR ABREU',currval('endereco_id_seq'), currval('contato_id_seq'),0.00);insert into historico_status_contribuinte(data_inicial_vigencia, status)values('2001-01-01','ATIVADO');insert into contribuinte_historico_status_contribuinte(id_contribuinte, id_historico_status_contribuinte)values(373,currval('historico_status_contribuinte_id_seq'));
insert into contato(ramal)values('7589');insert into telefone(tipo, ddd, telefone, id_contato)values('RESIDENCIAL', '11', '64427589', currval('contato_id_seq'));insert into telefone(tipo, ddd, telefone, id_contato)values('COMERCIAL', '','0', currval('contato_id_seq'));insert into endereco (data_inicial_vigencia, endereco, cep)values('2000-01-01','R. GUARATINGUETA, 427 - GOPOUVA','7022030');insert into contribuinte(id,  data_cadastro, nome_empresa, id_endereco, id_contato, valor_contribuicao)values(374,'24/10/1994','ARMINDA SOUZA DA SILVA',currval('endereco_id_seq'), currval('contato_id_seq'),10.00);insert into historico_status_contribuinte(data_inicial_vigencia, status)values('2001-01-01','ATIVADO');insert into contribuinte_historico_status_contribuinte(id_contribuinte, id_historico_status_contribuinte)values(374,currval('historico_status_contribuinte_id_seq'));
insert into contato(ramal)values('');insert into telefone(tipo, ddd, telefone, id_contato)values('RESIDENCIAL', '', '0', currval('contato_id_seq'));insert into telefone(tipo, ddd, telefone, id_contato)values('COMERCIAL', '','0', currval('contato_id_seq'));insert into endereco (data_inicial_vigencia, endereco, cep)values('2000-01-01','RODOVIA PRESIDENTE DUTRA KM 227','7034904');insert into contribuinte(id,  data_cadastro, nome_empresa, id_endereco, id_contato, valor_contribuicao)values(375,'24/10/1994','HELENA A.A.EVARISTO',currval('endereco_id_seq'), currval('contato_id_seq'),0.00);insert into historico_status_contribuinte(data_inicial_vigencia, status)values('2001-01-01','ATIVADO');insert into contribuinte_historico_status_contribuinte(id_contribuinte, id_historico_status_contribuinte)values(375,currval('historico_status_contribuinte_id_seq'));
insert into contato(ramal)values('');insert into telefone(tipo, ddd, telefone, id_contato)values('RESIDENCIAL', '', '0', currval('contato_id_seq'));insert into telefone(tipo, ddd, telefone, id_contato)values('COMERCIAL', '','0', currval('contato_id_seq'));insert into endereco (data_inicial_vigencia, endereco, cep)values('2000-01-01','RODOVIA PRESIDENTE DUTRA KM 227','7034904');insert into contribuinte(id,  data_cadastro, nome_empresa, id_endereco, id_contato, valor_contribuicao)values(376,'24/10/1994','FABIANA PUPPIO',currval('endereco_id_seq'), currval('contato_id_seq'),0.00);insert into historico_status_contribuinte(data_inicial_vigencia, status)values('2001-01-01','ATIVADO');insert into contribuinte_historico_status_contribuinte(id_contribuinte, id_historico_status_contribuinte)values(376,currval('historico_status_contribuinte_id_seq'));
insert into contato(ramal)values('');insert into telefone(tipo, ddd, telefone, id_contato)values('RESIDENCIAL', '', '64646378', currval('contato_id_seq'));insert into telefone(tipo, ddd, telefone, id_contato)values('COMERCIAL', '','0', currval('contato_id_seq'));insert into endereco (data_inicial_vigencia, endereco, cep)values('2000-01-01','RODOVIA PRESIDENTE DUTRA KM 222,2','7034904');insert into contribuinte(id,  data_cadastro, nome_empresa, id_endereco, id_contato, valor_contribuicao)values(377,'24/10/1994','ANAIDE TEIXEIRA SANTANA',currval('endereco_id_seq'), currval('contato_id_seq'),0.00);insert into historico_status_contribuinte(data_inicial_vigencia, status)values('2001-01-01','ATIVADO');insert into contribuinte_historico_status_contribuinte(id_contribuinte, id_historico_status_contribuinte)values(377,currval('historico_status_contribuinte_id_seq'));
insert into contato(ramal)values('');insert into telefone(tipo, ddd, telefone, id_contato)values('RESIDENCIAL', '', '0', currval('contato_id_seq'));insert into telefone(tipo, ddd, telefone, id_contato)values('COMERCIAL', '','0', currval('contato_id_seq'));insert into endereco (data_inicial_vigencia, endereco, cep)values('2000-01-01','RODOVIA PRESIDENTE DUTRA KM 227','7034904');insert into contribuinte(id,  data_cadastro, nome_empresa, id_endereco, id_contato, valor_contribuicao)values(378,'24/10/1994','ARISTON TOMAS DE SOUZA',currval('endereco_id_seq'), currval('contato_id_seq'),0.00);insert into historico_status_contribuinte(data_inicial_vigencia, status)values('2001-01-01','ATIVADO');insert into contribuinte_historico_status_contribuinte(id_contribuinte, id_historico_status_contribuinte)values(378,currval('historico_status_contribuinte_id_seq'));
insert into contato(ramal)values('6364');insert into telefone(tipo, ddd, telefone, id_contato)values('RESIDENCIAL', '11', '64222791', currval('contato_id_seq'));insert into telefone(tipo, ddd, telefone, id_contato)values('COMERCIAL', '','0', currval('contato_id_seq'));insert into endereco (data_inicial_vigencia, endereco, cep)values('2000-01-01','R. MARIA GABELONE CANATO, 16 - GOPOUVA','7022220');insert into contribuinte(id,  data_cadastro, nome_empresa, id_endereco, id_contato, valor_contribuicao)values(379,'24/10/1994','BENEDITO ALEIXO DE MORAES',currval('endereco_id_seq'), currval('contato_id_seq'),10.00);insert into historico_status_contribuinte(data_inicial_vigencia, status)values('2001-01-01','ATIVADO');insert into contribuinte_historico_status_contribuinte(id_contribuinte, id_historico_status_contribuinte)values(379,currval('historico_status_contribuinte_id_seq'));
insert into contato(ramal)values('');insert into telefone(tipo, ddd, telefone, id_contato)values('RESIDENCIAL', '11', '22364569', currval('contato_id_seq'));insert into telefone(tipo, ddd, telefone, id_contato)values('COMERCIAL', '','0', currval('contato_id_seq'));insert into endereco (data_inicial_vigencia, endereco, cep)values('2000-01-01','R.VOLUNT DA PATRIA 4110,AP 152 BLOCO B','2402500');insert into contribuinte(id,  data_cadastro, nome_empresa, id_endereco, id_contato, valor_contribuicao)values(380,'31/08/1995','WILSON MACHADO',currval('endereco_id_seq'), currval('contato_id_seq'),50.00);insert into historico_status_contribuinte(data_inicial_vigencia, status)values('2001-01-01','ATIVADO');insert into contribuinte_historico_status_contribuinte(id_contribuinte, id_historico_status_contribuinte)values(380,currval('historico_status_contribuinte_id_seq'));
insert into contato(ramal)values('');insert into telefone(tipo, ddd, telefone, id_contato)values('RESIDENCIAL', '11', '64120812', currval('contato_id_seq'));insert into telefone(tipo, ddd, telefone, id_contato)values('COMERCIAL', '','0', currval('contato_id_seq'));insert into endereco (data_inicial_vigencia, endereco, cep)values('2000-01-01','AV. SANTANA DO MUNDAU, 1440','7242190');insert into contribuinte(id,  data_cadastro, nome_empresa, id_endereco, id_contato, valor_contribuicao)values(381,'22/08/1995','MAGALY SOARES',currval('endereco_id_seq'), currval('contato_id_seq'),10.00);insert into historico_status_contribuinte(data_inicial_vigencia, status)values('2001-01-01','ATIVADO');insert into contribuinte_historico_status_contribuinte(id_contribuinte, id_historico_status_contribuinte)values(381,currval('historico_status_contribuinte_id_seq'));
insert into contato(ramal)values('');insert into telefone(tipo, ddd, telefone, id_contato)values('RESIDENCIAL', '11', '39312188', currval('contato_id_seq'));insert into telefone(tipo, ddd, telefone, id_contato)values('COMERCIAL', '','0', currval('contato_id_seq'));insert into endereco (data_inicial_vigencia, endereco, cep)values('2000-01-01','RUA DR.ELVIRA CARRILHO, 253 - FREG.DO O','2729010');insert into contribuinte(id,  data_cadastro, nome_empresa, id_endereco, id_contato, valor_contribuicao)values(382,'22/09/1995','MARILIZIA PEREIRA DE C.RODRIGUES',currval('endereco_id_seq'), currval('contato_id_seq'),20.00);insert into historico_status_contribuinte(data_inicial_vigencia, status)values('2001-01-01','ATIVADO');insert into contribuinte_historico_status_contribuinte(id_contribuinte, id_historico_status_contribuinte)values(382,currval('historico_status_contribuinte_id_seq'));
insert into contato(ramal)values('');insert into telefone(tipo, ddd, telefone, id_contato)values('RESIDENCIAL', '11', '8685541', currval('contato_id_seq'));insert into telefone(tipo, ddd, telefone, id_contato)values('COMERCIAL', '','0', currval('contato_id_seq'));insert into endereco (data_inicial_vigencia, endereco, cep)values('2000-01-01','AV. NOSSA SENHORA DA ASSUNCAO, 736','5359001');insert into contribuinte(id,  data_cadastro, nome_empresa, id_endereco, id_contato, valor_contribuicao)values(383,'28/09/1995','ALCON LAB. BRASIL LTDA. A/C SRTA CLAUDIA',currval('endereco_id_seq'), currval('contato_id_seq'),500.00);insert into historico_status_contribuinte(data_inicial_vigencia, status)values('2001-01-01','ATIVADO');insert into contribuinte_historico_status_contribuinte(id_contribuinte, id_historico_status_contribuinte)values(383,currval('historico_status_contribuinte_id_seq'));
insert into contato(ramal)values('');insert into telefone(tipo, ddd, telefone, id_contato)values('RESIDENCIAL', '', '37677530', currval('contato_id_seq'));insert into telefone(tipo, ddd, telefone, id_contato)values('COMERCIAL', '','0', currval('contato_id_seq'));insert into endereco (data_inicial_vigencia, endereco, cep)values('2000-01-01','R. DIOGO ALVARES, 1074 CASA 19 COND.CARM','6706903');insert into contribuinte(id,  data_cadastro, nome_empresa, id_endereco, id_contato, valor_contribuicao)values(385,'24/10/1995','CARLOS ALBERTO LOUREIRO',currval('endereco_id_seq'), currval('contato_id_seq'),20.00);insert into historico_status_contribuinte(data_inicial_vigencia, status)values('2001-01-01','ATIVADO');insert into contribuinte_historico_status_contribuinte(id_contribuinte, id_historico_status_contribuinte)values(385,currval('historico_status_contribuinte_id_seq'));
insert into contato(ramal)values('');insert into telefone(tipo, ddd, telefone, id_contato)values('RESIDENCIAL', '', '0', currval('contato_id_seq'));insert into telefone(tipo, ddd, telefone, id_contato)values('COMERCIAL', '','0', currval('contato_id_seq'));insert into endereco (data_inicial_vigencia, endereco, cep)values('2000-01-01','R.JURUBATUBA, 110B - PQ.JUREMA','7240180');insert into contribuinte(id,  data_cadastro, nome_empresa, id_endereco, id_contato, valor_contribuicao)values(386,'16/11/1994','CLEIDE DA SILVA BONFIM ANTONIO',currval('endereco_id_seq'), currval('contato_id_seq'),0.00);insert into historico_status_contribuinte(data_inicial_vigencia, status)values('2001-01-01','ATIVADO');insert into contribuinte_historico_status_contribuinte(id_contribuinte, id_historico_status_contribuinte)values(386,currval('historico_status_contribuinte_id_seq'));
insert into contato(ramal)values('');insert into telefone(tipo, ddd, telefone, id_contato)values('RESIDENCIAL', '', '0', currval('contato_id_seq'));insert into telefone(tipo, ddd, telefone, id_contato)values('COMERCIAL', '','0', currval('contato_id_seq'));insert into endereco (data_inicial_vigencia, endereco, cep)values('2000-01-01','R.VICTOR COSTA, 8A - JD.PARAVENTI','7123010');insert into contribuinte(id,  data_cadastro, nome_empresa, id_endereco, id_contato, valor_contribuicao)values(387,'16/11/1994','MARCIA MARIA ALVES',currval('endereco_id_seq'), currval('contato_id_seq'),10.00);insert into historico_status_contribuinte(data_inicial_vigencia, status)values('2001-01-01','ATIVADO');insert into contribuinte_historico_status_contribuinte(id_contribuinte, id_historico_status_contribuinte)values(387,currval('historico_status_contribuinte_id_seq'));
insert into contato(ramal)values('');insert into telefone(tipo, ddd, telefone, id_contato)values('RESIDENCIAL', '', '0', currval('contato_id_seq'));insert into telefone(tipo, ddd, telefone, id_contato)values('COMERCIAL', '','0', currval('contato_id_seq'));insert into endereco (data_inicial_vigencia, endereco, cep)values('2000-01-01','R.PROF.MARIO BRAZOLIN, 12 - GOPOUVA','7092010');insert into contribuinte(id,  data_cadastro, nome_empresa, id_endereco, id_contato, valor_contribuicao)values(388,'16/11/1994','DILANE APARECIDA CALIXTO',currval('endereco_id_seq'), currval('contato_id_seq'),0.00);insert into historico_status_contribuinte(data_inicial_vigencia, status)values('2001-01-01','ATIVADO');insert into contribuinte_historico_status_contribuinte(id_contribuinte, id_historico_status_contribuinte)values(388,currval('historico_status_contribuinte_id_seq'));
insert into contato(ramal)values('');insert into telefone(tipo, ddd, telefone, id_contato)values('RESIDENCIAL', '', '0', currval('contato_id_seq'));insert into telefone(tipo, ddd, telefone, id_contato)values('COMERCIAL', '','0', currval('contato_id_seq'));insert into endereco (data_inicial_vigencia, endereco, cep)values('2000-01-01','R SAO BENTO TRAIRI,26 - JD.SAO JOAO','7151310');insert into contribuinte(id,  data_cadastro, nome_empresa, id_endereco, id_contato, valor_contribuicao)values(389,'16/11/1994','ROSELI VIEIRA DOS SANTOS',currval('endereco_id_seq'), currval('contato_id_seq'),0.00);insert into historico_status_contribuinte(data_inicial_vigencia, status)values('2001-01-01','ATIVADO');insert into contribuinte_historico_status_contribuinte(id_contribuinte, id_historico_status_contribuinte)values(389,currval('historico_status_contribuinte_id_seq'));
insert into contato(ramal)values('');insert into telefone(tipo, ddd, telefone, id_contato)values('RESIDENCIAL', '', '7049194', currval('contato_id_seq'));insert into telefone(tipo, ddd, telefone, id_contato)values('COMERCIAL', '','0', currval('contato_id_seq'));insert into endereco (data_inicial_vigencia, endereco, cep)values('2000-01-01','AV.AUTONOMISTAS, 1496 - VILA CAMPESINA','6020902');insert into contribuinte(id,  data_cadastro, nome_empresa, id_endereco, id_contato, valor_contribuicao)values(392,'18/11/1994','ROBINSON DE OLIVEIRA BARROS',currval('endereco_id_seq'), currval('contato_id_seq'),0.00);insert into historico_status_contribuinte(data_inicial_vigencia, status)values('2001-01-01','ATIVADO');insert into contribuinte_historico_status_contribuinte(id_contribuinte, id_historico_status_contribuinte)values(392,currval('historico_status_contribuinte_id_seq'));
insert into contato(ramal)values('');insert into telefone(tipo, ddd, telefone, id_contato)values('RESIDENCIAL', '', '37667928', currval('contato_id_seq'));insert into telefone(tipo, ddd, telefone, id_contato)values('COMERCIAL', '','0', currval('contato_id_seq'));insert into endereco (data_inicial_vigencia, endereco, cep)values('2000-01-01','RUA MIOSOTIS,364 - JD.DAS FLORES','6110230');insert into contribuinte(id,  data_cadastro, nome_empresa, id_endereco, id_contato, valor_contribuicao)values(393,'18/11/1994','MARIA EUGENIA BATISTA',currval('endereco_id_seq'), currval('contato_id_seq'),0.00);insert into historico_status_contribuinte(data_inicial_vigencia, status)values('2001-01-01','ATIVADO');insert into contribuinte_historico_status_contribuinte(id_contribuinte, id_historico_status_contribuinte)values(393,currval('historico_status_contribuinte_id_seq'));
insert into contato(ramal)values('');insert into telefone(tipo, ddd, telefone, id_contato)values('RESIDENCIAL', '', '8316114', currval('contato_id_seq'));insert into telefone(tipo, ddd, telefone, id_contato)values('COMERCIAL', '','0', currval('contato_id_seq'));insert into endereco (data_inicial_vigencia, endereco, cep)values('2000-01-01','RUA PADRE GUIDO DEL FORO,64 - PIRITUBA','5142120');insert into contribuinte(id,  data_cadastro, nome_empresa, id_endereco, id_contato, valor_contribuicao)values(394,'18/11/1994','ELAINE DA SILVA LUMBERT',currval('endereco_id_seq'), currval('contato_id_seq'),0.00);insert into historico_status_contribuinte(data_inicial_vigencia, status)values('2001-01-01','ATIVADO');insert into contribuinte_historico_status_contribuinte(id_contribuinte, id_historico_status_contribuinte)values(394,currval('historico_status_contribuinte_id_seq'));
insert into contato(ramal)values('');insert into telefone(tipo, ddd, telefone, id_contato)values('RESIDENCIAL', '', '0', currval('contato_id_seq'));insert into telefone(tipo, ddd, telefone, id_contato)values('COMERCIAL', '','0', currval('contato_id_seq'));insert into endereco (data_inicial_vigencia, endereco, cep)values('2000-01-01','ROD.PRES.DUTRA,KM 227 - PORTO DA IGREJA','7034904');insert into contribuinte(id,  data_cadastro, nome_empresa, id_endereco, id_contato, valor_contribuicao)values(395,'18/11/1994','IARA B.BORGES PINTO',currval('endereco_id_seq'), currval('contato_id_seq'),0.00);insert into historico_status_contribuinte(data_inicial_vigencia, status)values('2001-01-01','ATIVADO');insert into contribuinte_historico_status_contribuinte(id_contribuinte, id_historico_status_contribuinte)values(395,currval('historico_status_contribuinte_id_seq'));
insert into contato(ramal)values('');insert into telefone(tipo, ddd, telefone, id_contato)values('RESIDENCIAL', '', '0', currval('contato_id_seq'));insert into telefone(tipo, ddd, telefone, id_contato)values('COMERCIAL', '','0', currval('contato_id_seq'));insert into endereco (data_inicial_vigencia, endereco, cep)values('2000-01-01','ROD.PRES.DUTRA, KM.227 - PORTO DA IGREJA','7034904');insert into contribuinte(id,  data_cadastro, nome_empresa, id_endereco, id_contato, valor_contribuicao)values(400,'18/11/1994','VALDIRENE R.LOURENCO',currval('endereco_id_seq'), currval('contato_id_seq'),0.00);insert into historico_status_contribuinte(data_inicial_vigencia, status)values('2001-01-01','ATIVADO');insert into contribuinte_historico_status_contribuinte(id_contribuinte, id_historico_status_contribuinte)values(400,currval('historico_status_contribuinte_id_seq'));
insert into contato(ramal)values('');insert into telefone(tipo, ddd, telefone, id_contato)values('RESIDENCIAL', '', '0', currval('contato_id_seq'));insert into telefone(tipo, ddd, telefone, id_contato)values('COMERCIAL', '','0', currval('contato_id_seq'));insert into endereco (data_inicial_vigencia, endereco, cep)values('2000-01-01','ROD.PRES.DUTRA, KM.227 - PORTO DA IGREJA','7034904');insert into contribuinte(id,  data_cadastro, nome_empresa, id_endereco, id_contato, valor_contribuicao)values(401,'18/11/1994','AMERICO RODRIGUES DA ROCHA',currval('endereco_id_seq'), currval('contato_id_seq'),0.00);insert into historico_status_contribuinte(data_inicial_vigencia, status)values('2001-01-01','ATIVADO');insert into contribuinte_historico_status_contribuinte(id_contribuinte, id_historico_status_contribuinte)values(401,currval('historico_status_contribuinte_id_seq'));
insert into contato(ramal)values('');insert into telefone(tipo, ddd, telefone, id_contato)values('RESIDENCIAL', '', '0', currval('contato_id_seq'));insert into telefone(tipo, ddd, telefone, id_contato)values('COMERCIAL', '','0', currval('contato_id_seq'));insert into endereco (data_inicial_vigencia, endereco, cep)values('2000-01-01','R. OSCAR FREIRE, 1436 - APTO. 52','5407010');insert into contribuinte(id,  data_cadastro, nome_empresa, id_endereco, id_contato, valor_contribuicao)values(402,'18/11/1994','HENRIQUE VOLASCO FILHO',currval('endereco_id_seq'), currval('contato_id_seq'),0.00);insert into historico_status_contribuinte(data_inicial_vigencia, status)values('2001-01-01','ATIVADO');insert into contribuinte_historico_status_contribuinte(id_contribuinte, id_historico_status_contribuinte)values(402,currval('historico_status_contribuinte_id_seq'));
insert into contato(ramal)values('');insert into telefone(tipo, ddd, telefone, id_contato)values('RESIDENCIAL', '', '0', currval('contato_id_seq'));insert into telefone(tipo, ddd, telefone, id_contato)values('COMERCIAL', '11','239', currval('contato_id_seq'));insert into endereco (data_inicial_vigencia, endereco, cep)values('2000-01-01','AV. PARADA PINTO, 3420 - BL.08 - AP. 127','2611900');insert into contribuinte(id,  data_cadastro, nome_empresa, id_endereco, id_contato, valor_contribuicao)values(404,'18/11/1994','CONSTANCIA M.MATTOS PIASENTIN',currval('endereco_id_seq'), currval('contato_id_seq'),20.00);insert into historico_status_contribuinte(data_inicial_vigencia, status)values('2001-01-01','ATIVADO');insert into contribuinte_historico_status_contribuinte(id_contribuinte, id_historico_status_contribuinte)values(404,currval('historico_status_contribuinte_id_seq'));
insert into contato(ramal)values('');insert into telefone(tipo, ddd, telefone, id_contato)values('RESIDENCIAL', '', '0', currval('contato_id_seq'));insert into telefone(tipo, ddd, telefone, id_contato)values('COMERCIAL', '','0', currval('contato_id_seq'));insert into endereco (data_inicial_vigencia, endereco, cep)values('2000-01-01','R 11 DE ABRIL, 02 - BL. 11 - APTO. 11','7032150');insert into contribuinte(id,  data_cadastro, nome_empresa, id_endereco, id_contato, valor_contribuicao)values(405,'18/11/1994','WALTER PINTO JR.',currval('endereco_id_seq'), currval('contato_id_seq'),0.00);insert into historico_status_contribuinte(data_inicial_vigencia, status)values('2001-01-01','ATIVADO');insert into contribuinte_historico_status_contribuinte(id_contribuinte, id_historico_status_contribuinte)values(405,currval('historico_status_contribuinte_id_seq'));
insert into contato(ramal)values('');insert into telefone(tipo, ddd, telefone, id_contato)values('RESIDENCIAL', '', '0', currval('contato_id_seq'));insert into telefone(tipo, ddd, telefone, id_contato)values('COMERCIAL', '','0', currval('contato_id_seq'));insert into endereco (data_inicial_vigencia, endereco, cep)values('2000-01-01','R SILVANO DE ALMEIDA, 394','2723110');insert into contribuinte(id,  data_cadastro, nome_empresa, id_endereco, id_contato, valor_contribuicao)values(406,'18/11/1994','NORIVALDO PANZARINI',currval('endereco_id_seq'), currval('contato_id_seq'),0.00);insert into historico_status_contribuinte(data_inicial_vigencia, status)values('2001-01-01','ATIVADO');insert into contribuinte_historico_status_contribuinte(id_contribuinte, id_historico_status_contribuinte)values(406,currval('historico_status_contribuinte_id_seq'));
insert into contato(ramal)values('');insert into telefone(tipo, ddd, telefone, id_contato)values('RESIDENCIAL', '', '0', currval('contato_id_seq'));insert into telefone(tipo, ddd, telefone, id_contato)values('COMERCIAL', '','0', currval('contato_id_seq'));insert into endereco (data_inicial_vigencia, endereco, cep)values('2000-01-01','R DA MATA, 57 - APTO. 41','4531020');insert into contribuinte(id,  data_cadastro, nome_empresa, id_endereco, id_contato, valor_contribuicao)values(407,'18/11/1994','MANOEL ALBA',currval('endereco_id_seq'), currval('contato_id_seq'),0.00);insert into historico_status_contribuinte(data_inicial_vigencia, status)values('2001-01-01','ATIVADO');insert into contribuinte_historico_status_contribuinte(id_contribuinte, id_historico_status_contribuinte)values(407,currval('historico_status_contribuinte_id_seq'));
insert into contato(ramal)values('');insert into telefone(tipo, ddd, telefone, id_contato)values('RESIDENCIAL', '', '0', currval('contato_id_seq'));insert into telefone(tipo, ddd, telefone, id_contato)values('COMERCIAL', '','0', currval('contato_id_seq'));insert into endereco (data_inicial_vigencia, endereco, cep)values('2000-01-01','R. ANTONIO RIBEIRO DE MORAES, 482-C/47','2751000');insert into contribuinte(id,  data_cadastro, nome_empresa, id_endereco, id_contato, valor_contribuicao)values(408,'18/11/1994','MAGALI CHAMISO C.DE OLIVEIRA',currval('endereco_id_seq'), currval('contato_id_seq'),0.00);insert into historico_status_contribuinte(data_inicial_vigencia, status)values('2001-01-01','ATIVADO');insert into contribuinte_historico_status_contribuinte(id_contribuinte, id_historico_status_contribuinte)values(408,currval('historico_status_contribuinte_id_seq'));
insert into contato(ramal)values('');insert into telefone(tipo, ddd, telefone, id_contato)values('RESIDENCIAL', '', '0', currval('contato_id_seq'));insert into telefone(tipo, ddd, telefone, id_contato)values('COMERCIAL', '','0', currval('contato_id_seq'));insert into endereco (data_inicial_vigencia, endereco, cep)values('2000-01-01','AV. JUSCELINO KUBITSCHECK,1830-5ª TORRE2','4543900');insert into contribuinte(id,  data_cadastro, nome_empresa, id_endereco, id_contato, valor_contribuicao)values(409,'18/11/1994','ERNST & YOUNG SISTEMAS DE COMPUTACAO LT.',currval('endereco_id_seq'), currval('contato_id_seq'),0.00);insert into historico_status_contribuinte(data_inicial_vigencia, status)values('2001-01-01','ATIVADO');insert into contribuinte_historico_status_contribuinte(id_contribuinte, id_historico_status_contribuinte)values(409,currval('historico_status_contribuinte_id_seq'));
insert into contato(ramal)values('');insert into telefone(tipo, ddd, telefone, id_contato)values('RESIDENCIAL', '', '0', currval('contato_id_seq'));insert into telefone(tipo, ddd, telefone, id_contato)values('COMERCIAL', '','5257863', currval('contato_id_seq'));insert into endereco (data_inicial_vigencia, endereco, cep)values('2000-01-01','AV 11 DE JUNHO,911 AP.1308-V.CLEMENTINO','4041053');insert into contribuinte(id,  data_cadastro, nome_empresa, id_endereco, id_contato, valor_contribuicao)values(410,'18/11/1994','MARIA IZABEL SOARES DE MELLO',currval('endereco_id_seq'), currval('contato_id_seq'),0.00);insert into historico_status_contribuinte(data_inicial_vigencia, status)values('2001-01-01','ATIVADO');insert into contribuinte_historico_status_contribuinte(id_contribuinte, id_historico_status_contribuinte)values(410,currval('historico_status_contribuinte_id_seq'));
insert into contato(ramal)values('');insert into telefone(tipo, ddd, telefone, id_contato)values('RESIDENCIAL', '', '2023230', currval('contato_id_seq'));insert into telefone(tipo, ddd, telefone, id_contato)values('COMERCIAL', '','0', currval('contato_id_seq'));insert into endereco (data_inicial_vigencia, endereco, cep)values('2000-01-01','AV. ANTENOR NAVARRO, 29 - JD.BRASIL','2224000');insert into contribuinte(id,  data_cadastro, nome_empresa, id_endereco, id_contato, valor_contribuicao)values(411,'18/11/1994','MARIA EMILIA DA C. CONCEICAO',currval('endereco_id_seq'), currval('contato_id_seq'),10.00);insert into historico_status_contribuinte(data_inicial_vigencia, status)values('2001-01-01','ATIVADO');insert into contribuinte_historico_status_contribuinte(id_contribuinte, id_historico_status_contribuinte)values(411,currval('historico_status_contribuinte_id_seq'));
insert into contato(ramal)values('');insert into telefone(tipo, ddd, telefone, id_contato)values('RESIDENCIAL', '', '0', currval('contato_id_seq'));insert into telefone(tipo, ddd, telefone, id_contato)values('COMERCIAL', '','0', currval('contato_id_seq'));insert into endereco (data_inicial_vigencia, endereco, cep)values('2000-01-01','AV.ANTENOR NAVARRO, 50 - JD.BRASIL','2224000');insert into contribuinte(id,  data_cadastro, nome_empresa, id_endereco, id_contato, valor_contribuicao)values(412,'18/11/1994','CRISTIANE AP.TEIXEIRA',currval('endereco_id_seq'), currval('contato_id_seq'),0.00);insert into historico_status_contribuinte(data_inicial_vigencia, status)values('2001-01-01','ATIVADO');insert into contribuinte_historico_status_contribuinte(id_contribuinte, id_historico_status_contribuinte)values(412,currval('historico_status_contribuinte_id_seq'));
insert into contato(ramal)values('');insert into telefone(tipo, ddd, telefone, id_contato)values('RESIDENCIAL', '', '9512680', currval('contato_id_seq'));insert into telefone(tipo, ddd, telefone, id_contato)values('COMERCIAL', '','0', currval('contato_id_seq'));insert into endereco (data_inicial_vigencia, endereco, cep)values('2000-01-01','RUA PASCOAL TAMBASCO, 97 - JD.BRASIL','2210120');insert into contribuinte(id,  data_cadastro, nome_empresa, id_endereco, id_contato, valor_contribuicao)values(413,'18/11/1994','DINEUZA S. MARQUES',currval('endereco_id_seq'), currval('contato_id_seq'),0.00);insert into historico_status_contribuinte(data_inicial_vigencia, status)values('2001-01-01','ATIVADO');insert into contribuinte_historico_status_contribuinte(id_contribuinte, id_historico_status_contribuinte)values(413,currval('historico_status_contribuinte_id_seq'));
insert into contato(ramal)values('');insert into telefone(tipo, ddd, telefone, id_contato)values('RESIDENCIAL', '', '0', currval('contato_id_seq'));insert into telefone(tipo, ddd, telefone, id_contato)values('COMERCIAL', '','0', currval('contato_id_seq'));insert into endereco (data_inicial_vigencia, endereco, cep)values('2000-01-01','RUA DO ORFANATO, NUM 181','18320000');insert into contribuinte(id,  data_cadastro, nome_empresa, id_endereco, id_contato, valor_contribuicao)values(415,'18/11/1994','ARMANDO CARRIE DE LIMA',currval('endereco_id_seq'), currval('contato_id_seq'),0.00);insert into historico_status_contribuinte(data_inicial_vigencia, status)values('2001-01-01','ATIVADO');insert into contribuinte_historico_status_contribuinte(id_contribuinte, id_historico_status_contribuinte)values(415,currval('historico_status_contribuinte_id_seq'));
insert into contato(ramal)values('221');insert into telefone(tipo, ddd, telefone, id_contato)values('RESIDENCIAL', '11', '38452299', currval('contato_id_seq'));insert into telefone(tipo, ddd, telefone, id_contato)values('COMERCIAL', '','0', currval('contato_id_seq'));insert into endereco (data_inicial_vigencia, endereco, cep)values('2000-01-01','RUA GOMES DE CARVALHO, 1996 - VL.OLIMPIA','4547905');insert into contribuinte(id,  data_cadastro, nome_empresa, id_endereco, id_contato, valor_contribuicao)values(416,'21/11/1994','L.NICCOLINI IND GRAFICA LTDA.',currval('endereco_id_seq'), currval('contato_id_seq'),300.00);insert into historico_status_contribuinte(data_inicial_vigencia, status)values('2001-01-01','ATIVADO');insert into contribuinte_historico_status_contribuinte(id_contribuinte, id_historico_status_contribuinte)values(416,currval('historico_status_contribuinte_id_seq'));
insert into contato(ramal)values('');insert into telefone(tipo, ddd, telefone, id_contato)values('RESIDENCIAL', '', '9746858', currval('contato_id_seq'));insert into telefone(tipo, ddd, telefone, id_contato)values('COMERCIAL', '','0', currval('contato_id_seq'));insert into endereco (data_inicial_vigencia, endereco, cep)values('2000-01-01','R EDUARDO VICENTE NASSER, 164-CANTAREIRA','2344050');insert into contribuinte(id,  data_cadastro, nome_empresa, id_endereco, id_contato, valor_contribuicao)values(417,'23/11/1994','RAUL PEDRO TOSCANO',currval('endereco_id_seq'), currval('contato_id_seq'),0.00);insert into historico_status_contribuinte(data_inicial_vigencia, status)values('2001-01-01','ATIVADO');insert into contribuinte_historico_status_contribuinte(id_contribuinte, id_historico_status_contribuinte)values(417,currval('historico_status_contribuinte_id_seq'));
insert into contato(ramal)values('');insert into telefone(tipo, ddd, telefone, id_contato)values('RESIDENCIAL', '', '4393411', currval('contato_id_seq'));insert into telefone(tipo, ddd, telefone, id_contato)values('COMERCIAL', '','0', currval('contato_id_seq'));insert into endereco (data_inicial_vigencia, endereco, cep)values('2000-01-01','R. NITEROI, 65 - JARDIM MARSOLA','13231310');insert into contribuinte(id,  data_cadastro, nome_empresa, id_endereco, id_contato, valor_contribuicao)values(419,'13/12/1994','ROSALINA YOSHO KAWAMOTO',currval('endereco_id_seq'), currval('contato_id_seq'),0.00);insert into historico_status_contribuinte(data_inicial_vigencia, status)values('2001-01-01','ATIVADO');insert into contribuinte_historico_status_contribuinte(id_contribuinte, id_historico_status_contribuinte)values(419,currval('historico_status_contribuinte_id_seq'));
insert into contato(ramal)values('');insert into telefone(tipo, ddd, telefone, id_contato)values('RESIDENCIAL', '11', '9616257', currval('contato_id_seq'));insert into telefone(tipo, ddd, telefone, id_contato)values('COMERCIAL', '11','64616257', currval('contato_id_seq'));insert into endereco (data_inicial_vigencia, endereco, cep)values('2000-01-01','RODOVIA PRESIDENTE DUTRA , KM 222,2','7034904');insert into contribuinte(id,  data_cadastro, nome_empresa, id_endereco, id_contato, valor_contribuicao)values(421,'14/12/1994','LUCIANO JOAO MIGNELLA FILHO',currval('endereco_id_seq'), currval('contato_id_seq'),0.00);insert into historico_status_contribuinte(data_inicial_vigencia, status)values('2001-01-01','ATIVADO');insert into contribuinte_historico_status_contribuinte(id_contribuinte, id_historico_status_contribuinte)values(421,currval('historico_status_contribuinte_id_seq'));
insert into contato(ramal)values('');insert into telefone(tipo, ddd, telefone, id_contato)values('RESIDENCIAL', '11', '9616000', currval('contato_id_seq'));insert into telefone(tipo, ddd, telefone, id_contato)values('COMERCIAL', '11','64616257', currval('contato_id_seq'));insert into endereco (data_inicial_vigencia, endereco, cep)values('2000-01-01','RODOVIA PRESIDENTE DUTRA, KM 222,2','7034904');insert into contribuinte(id,  data_cadastro, nome_empresa, id_endereco, id_contato, valor_contribuicao)values(422,'14/12/1994','LIVIA SANTANA FERREIRA',currval('endereco_id_seq'), currval('contato_id_seq'),0.00);insert into historico_status_contribuinte(data_inicial_vigencia, status)values('2001-01-01','ATIVADO');insert into contribuinte_historico_status_contribuinte(id_contribuinte, id_historico_status_contribuinte)values(422,currval('historico_status_contribuinte_id_seq'));
insert into contato(ramal)values('');insert into telefone(tipo, ddd, telefone, id_contato)values('RESIDENCIAL', '11', '9616000', currval('contato_id_seq'));insert into telefone(tipo, ddd, telefone, id_contato)values('COMERCIAL', '','0', currval('contato_id_seq'));insert into endereco (data_inicial_vigencia, endereco, cep)values('2000-01-01','RODOVIA PRESIDENTE DUTRA, KM 227','7034904');insert into contribuinte(id,  data_cadastro, nome_empresa, id_endereco, id_contato, valor_contribuicao)values(423,'14/12/1994','MARIA CRISTINA TORDINO LUGLI',currval('endereco_id_seq'), currval('contato_id_seq'),10.00);insert into historico_status_contribuinte(data_inicial_vigencia, status)values('2001-01-01','ATIVADO');insert into contribuinte_historico_status_contribuinte(id_contribuinte, id_historico_status_contribuinte)values(423,currval('historico_status_contribuinte_id_seq'));
insert into contato(ramal)values('');insert into telefone(tipo, ddd, telefone, id_contato)values('RESIDENCIAL', '11', '9616000', currval('contato_id_seq'));insert into telefone(tipo, ddd, telefone, id_contato)values('COMERCIAL', '','0', currval('contato_id_seq'));insert into endereco (data_inicial_vigencia, endereco, cep)values('2000-01-01','RODOVIA PRESIDENTE DUTRA, KM 227','7034904');insert into contribuinte(id,  data_cadastro, nome_empresa, id_endereco, id_contato, valor_contribuicao)values(424,'14/12/1994','GILVAN XAVIER DA CRUZ',currval('endereco_id_seq'), currval('contato_id_seq'),0.00);insert into historico_status_contribuinte(data_inicial_vigencia, status)values('2001-01-01','ATIVADO');insert into contribuinte_historico_status_contribuinte(id_contribuinte, id_historico_status_contribuinte)values(424,currval('historico_status_contribuinte_id_seq'));
insert into contato(ramal)values('');insert into telefone(tipo, ddd, telefone, id_contato)values('RESIDENCIAL', '11', '9616000', currval('contato_id_seq'));insert into telefone(tipo, ddd, telefone, id_contato)values('COMERCIAL', '11','64616251', currval('contato_id_seq'));insert into endereco (data_inicial_vigencia, endereco, cep)values('2000-01-01','RODOVIA PRESIDENTE DUTRA, KM 222,2','7034904');insert into contribuinte(id,  data_cadastro, nome_empresa, id_endereco, id_contato, valor_contribuicao)values(425,'14/12/1994','SHIRLEY MARIA DE LIMA',currval('endereco_id_seq'), currval('contato_id_seq'),0.00);insert into historico_status_contribuinte(data_inicial_vigencia, status)values('2001-01-01','ATIVADO');insert into contribuinte_historico_status_contribuinte(id_contribuinte, id_historico_status_contribuinte)values(425,currval('historico_status_contribuinte_id_seq'));
insert into contato(ramal)values('');insert into telefone(tipo, ddd, telefone, id_contato)values('RESIDENCIAL', '11', '9616000', currval('contato_id_seq'));insert into telefone(tipo, ddd, telefone, id_contato)values('COMERCIAL', '11','64616293', currval('contato_id_seq'));insert into endereco (data_inicial_vigencia, endereco, cep)values('2000-01-01','RODOVIA PRESIDENTE DUTRA, KM 222,2','7034904');insert into contribuinte(id,  data_cadastro, nome_empresa, id_endereco, id_contato, valor_contribuicao)values(426,'14/12/1994','CLEUZA SANTIAGO DA COSTA',currval('endereco_id_seq'), currval('contato_id_seq'),0.00);insert into historico_status_contribuinte(data_inicial_vigencia, status)values('2001-01-01','ATIVADO');insert into contribuinte_historico_status_contribuinte(id_contribuinte, id_historico_status_contribuinte)values(426,currval('historico_status_contribuinte_id_seq'));
insert into contato(ramal)values('');insert into telefone(tipo, ddd, telefone, id_contato)values('RESIDENCIAL', '11', '9616000', currval('contato_id_seq'));insert into telefone(tipo, ddd, telefone, id_contato)values('COMERCIAL', '','0', currval('contato_id_seq'));insert into endereco (data_inicial_vigencia, endereco, cep)values('2000-01-01','RODOVIA PRESIDENTE DUTRA, KM 227','7034904');insert into contribuinte(id,  data_cadastro, nome_empresa, id_endereco, id_contato, valor_contribuicao)values(427,'14/12/1994','ALAIDE CARDOSO DE ARAUJO',currval('endereco_id_seq'), currval('contato_id_seq'),10.00);insert into historico_status_contribuinte(data_inicial_vigencia, status)values('2001-01-01','ATIVADO');insert into contribuinte_historico_status_contribuinte(id_contribuinte, id_historico_status_contribuinte)values(427,currval('historico_status_contribuinte_id_seq'));
insert into contato(ramal)values('');insert into telefone(tipo, ddd, telefone, id_contato)values('RESIDENCIAL', '11', '9616000', currval('contato_id_seq'));insert into telefone(tipo, ddd, telefone, id_contato)values('COMERCIAL', '','0', currval('contato_id_seq'));insert into endereco (data_inicial_vigencia, endereco, cep)values('2000-01-01','RODOVIA PRESIDENTE DUTRA, KM 227','7034904');insert into contribuinte(id,  data_cadastro, nome_empresa, id_endereco, id_contato, valor_contribuicao)values(428,'14/12/1994','INEZ MAGALI LEMA',currval('endereco_id_seq'), currval('contato_id_seq'),0.00);insert into historico_status_contribuinte(data_inicial_vigencia, status)values('2001-01-01','ATIVADO');insert into contribuinte_historico_status_contribuinte(id_contribuinte, id_historico_status_contribuinte)values(428,currval('historico_status_contribuinte_id_seq'));
insert into contato(ramal)values('');insert into telefone(tipo, ddd, telefone, id_contato)values('RESIDENCIAL', '11', '9616000', currval('contato_id_seq'));insert into telefone(tipo, ddd, telefone, id_contato)values('COMERCIAL', '','0', currval('contato_id_seq'));insert into endereco (data_inicial_vigencia, endereco, cep)values('2000-01-01','RODOVIA PRESIDENTE DUTRA, KM 227','7034904');insert into contribuinte(id,  data_cadastro, nome_empresa, id_endereco, id_contato, valor_contribuicao)values(429,'14/12/1994','GILMARA NETTO DE ALMEIDA',currval('endereco_id_seq'), currval('contato_id_seq'),0.00);insert into historico_status_contribuinte(data_inicial_vigencia, status)values('2001-01-01','ATIVADO');insert into contribuinte_historico_status_contribuinte(id_contribuinte, id_historico_status_contribuinte)values(429,currval('historico_status_contribuinte_id_seq'));
insert into contato(ramal)values('');insert into telefone(tipo, ddd, telefone, id_contato)values('RESIDENCIAL', '11', '9616000', currval('contato_id_seq'));insert into telefone(tipo, ddd, telefone, id_contato)values('COMERCIAL', '','0', currval('contato_id_seq'));insert into endereco (data_inicial_vigencia, endereco, cep)values('2000-01-01','RODOVIA PRESIDENTE DUTRA, KM 227','7034904');insert into contribuinte(id,  data_cadastro, nome_empresa, id_endereco, id_contato, valor_contribuicao)values(430,'14/12/1994','LUCIANA AP. P. GOUVEA',currval('endereco_id_seq'), currval('contato_id_seq'),0.00);insert into historico_status_contribuinte(data_inicial_vigencia, status)values('2001-01-01','ATIVADO');insert into contribuinte_historico_status_contribuinte(id_contribuinte, id_historico_status_contribuinte)values(430,currval('historico_status_contribuinte_id_seq'));
insert into contato(ramal)values('');insert into telefone(tipo, ddd, telefone, id_contato)values('RESIDENCIAL', '11', '961', currval('contato_id_seq'));insert into telefone(tipo, ddd, telefone, id_contato)values('COMERCIAL', '11','64616238', currval('contato_id_seq'));insert into endereco (data_inicial_vigencia, endereco, cep)values('2000-01-01','RODOVIA PRESIDENTE DUTRA, KM 222,2','7034904');insert into contribuinte(id,  data_cadastro, nome_empresa, id_endereco, id_contato, valor_contribuicao)values(431,'14/12/1994','ADRIANA M.M. SANTIAGO',currval('endereco_id_seq'), currval('contato_id_seq'),0.00);insert into historico_status_contribuinte(data_inicial_vigencia, status)values('2001-01-01','ATIVADO');insert into contribuinte_historico_status_contribuinte(id_contribuinte, id_historico_status_contribuinte)values(431,currval('historico_status_contribuinte_id_seq'));
insert into contato(ramal)values('');insert into telefone(tipo, ddd, telefone, id_contato)values('RESIDENCIAL', '11', '9616000', currval('contato_id_seq'));insert into telefone(tipo, ddd, telefone, id_contato)values('COMERCIAL', '11','64616263', currval('contato_id_seq'));insert into endereco (data_inicial_vigencia, endereco, cep)values('2000-01-01','RODOVIA PRESIDENTE DUTRA, KM 222,2','7034904');insert into contribuinte(id,  data_cadastro, nome_empresa, id_endereco, id_contato, valor_contribuicao)values(432,'15/12/1994','CLAUDIO ORTIZ  ROBLES',currval('endereco_id_seq'), currval('contato_id_seq'),0.00);insert into historico_status_contribuinte(data_inicial_vigencia, status)values('2001-01-01','ATIVADO');insert into contribuinte_historico_status_contribuinte(id_contribuinte, id_historico_status_contribuinte)values(432,currval('historico_status_contribuinte_id_seq'));
insert into contato(ramal)values('');insert into telefone(tipo, ddd, telefone, id_contato)values('RESIDENCIAL', '11', '9616000', currval('contato_id_seq'));insert into telefone(tipo, ddd, telefone, id_contato)values('COMERCIAL', '','0', currval('contato_id_seq'));insert into endereco (data_inicial_vigencia, endereco, cep)values('2000-01-01','RODOVIA PRESIDENTE DUTRA, KM 227','7034904');insert into contribuinte(id,  data_cadastro, nome_empresa, id_endereco, id_contato, valor_contribuicao)values(433,'15/12/1994','CLEUZA SANCHES DE ASSUNCAO',currval('endereco_id_seq'), currval('contato_id_seq'),0.00);insert into historico_status_contribuinte(data_inicial_vigencia, status)values('2001-01-01','ATIVADO');insert into contribuinte_historico_status_contribuinte(id_contribuinte, id_historico_status_contribuinte)values(433,currval('historico_status_contribuinte_id_seq'));
insert into contato(ramal)values('');insert into telefone(tipo, ddd, telefone, id_contato)values('RESIDENCIAL', '', '0', currval('contato_id_seq'));insert into telefone(tipo, ddd, telefone, id_contato)values('COMERCIAL', '','0', currval('contato_id_seq'));insert into endereco (data_inicial_vigencia, endereco, cep)values('2000-01-01','R ADALBERTO KEWINGI, 82','1139050');insert into contribuinte(id,  data_cadastro, nome_empresa, id_endereco, id_contato, valor_contribuicao)values(435,'17/01/1995','CLOVIS BENEDITO NASCIMENTO',currval('endereco_id_seq'), currval('contato_id_seq'),0.00);insert into historico_status_contribuinte(data_inicial_vigencia, status)values('2001-01-01','ATIVADO');insert into contribuinte_historico_status_contribuinte(id_contribuinte, id_historico_status_contribuinte)values(435,currval('historico_status_contribuinte_id_seq'));
insert into contato(ramal)values('');insert into telefone(tipo, ddd, telefone, id_contato)values('RESIDENCIAL', '', '0', currval('contato_id_seq'));insert into telefone(tipo, ddd, telefone, id_contato)values('COMERCIAL', '','0', currval('contato_id_seq'));insert into endereco (data_inicial_vigencia, endereco, cep)values('2000-01-01','RUA XANBINAS, 68','3035050');insert into contribuinte(id,  data_cadastro, nome_empresa, id_endereco, id_contato, valor_contribuicao)values(436,'17/01/1995','HERCULES WILLIAN MADSO',currval('endereco_id_seq'), currval('contato_id_seq'),0.00);insert into historico_status_contribuinte(data_inicial_vigencia, status)values('2001-01-01','ATIVADO');insert into contribuinte_historico_status_contribuinte(id_contribuinte, id_historico_status_contribuinte)values(436,currval('historico_status_contribuinte_id_seq'));
insert into contato(ramal)values('');insert into telefone(tipo, ddd, telefone, id_contato)values('RESIDENCIAL', '', '0', currval('contato_id_seq'));insert into telefone(tipo, ddd, telefone, id_contato)values('COMERCIAL', '','0', currval('contato_id_seq'));insert into endereco (data_inicial_vigencia, endereco, cep)values('2000-01-01','AV MIGUEL DE CASTRO, 142','2950000');insert into contribuinte(id,  data_cadastro, nome_empresa, id_endereco, id_contato, valor_contribuicao)values(437,'17/01/1995','NELCI BIANCHINI',currval('endereco_id_seq'), currval('contato_id_seq'),0.00);insert into historico_status_contribuinte(data_inicial_vigencia, status)values('2001-01-01','ATIVADO');insert into contribuinte_historico_status_contribuinte(id_contribuinte, id_historico_status_contribuinte)values(437,currval('historico_status_contribuinte_id_seq'));
insert into contato(ramal)values('');insert into telefone(tipo, ddd, telefone, id_contato)values('RESIDENCIAL', '', '0', currval('contato_id_seq'));insert into telefone(tipo, ddd, telefone, id_contato)values('COMERCIAL', '','0', currval('contato_id_seq'));insert into endereco (data_inicial_vigencia, endereco, cep)values('2000-01-01','R LAERCIO DE AGUIAR PENTEADO, 14','3962080');insert into contribuinte(id,  data_cadastro, nome_empresa, id_endereco, id_contato, valor_contribuicao)values(438,'17/01/1995','CLAUDINEI DE SOUZA MELCHIER',currval('endereco_id_seq'), currval('contato_id_seq'),0.00);insert into historico_status_contribuinte(data_inicial_vigencia, status)values('2001-01-01','ATIVADO');insert into contribuinte_historico_status_contribuinte(id_contribuinte, id_historico_status_contribuinte)values(438,currval('historico_status_contribuinte_id_seq'));
insert into contato(ramal)values('');insert into telefone(tipo, ddd, telefone, id_contato)values('RESIDENCIAL', '', '0', currval('contato_id_seq'));insert into telefone(tipo, ddd, telefone, id_contato)values('COMERCIAL', '','0', currval('contato_id_seq'));insert into endereco (data_inicial_vigencia, endereco, cep)values('2000-01-01','R ANA JANE, 125','2550100');insert into contribuinte(id,  data_cadastro, nome_empresa, id_endereco, id_contato, valor_contribuicao)values(439,'17/01/1995','JOSE FRANCISCO CARVALHO FILHO',currval('endereco_id_seq'), currval('contato_id_seq'),0.00);insert into historico_status_contribuinte(data_inicial_vigencia, status)values('2001-01-01','ATIVADO');insert into contribuinte_historico_status_contribuinte(id_contribuinte, id_historico_status_contribuinte)values(439,currval('historico_status_contribuinte_id_seq'));
insert into contato(ramal)values('');insert into telefone(tipo, ddd, telefone, id_contato)values('RESIDENCIAL', '', '0', currval('contato_id_seq'));insert into telefone(tipo, ddd, telefone, id_contato)values('COMERCIAL', '','0', currval('contato_id_seq'));insert into endereco (data_inicial_vigencia, endereco, cep)values('2000-01-01','RUA BELISARIO CAMPANHA, 216','2521000');insert into contribuinte(id,  data_cadastro, nome_empresa, id_endereco, id_contato, valor_contribuicao)values(440,'18/01/1995','CARLOS ALBERTO FRANCISCO',currval('endereco_id_seq'), currval('contato_id_seq'),0.00);insert into historico_status_contribuinte(data_inicial_vigencia, status)values('2001-01-01','ATIVADO');insert into contribuinte_historico_status_contribuinte(id_contribuinte, id_historico_status_contribuinte)values(440,currval('historico_status_contribuinte_id_seq'));
insert into contato(ramal)values('');insert into telefone(tipo, ddd, telefone, id_contato)values('RESIDENCIAL', '', '0', currval('contato_id_seq'));insert into telefone(tipo, ddd, telefone, id_contato)values('COMERCIAL', '','0', currval('contato_id_seq'));insert into endereco (data_inicial_vigencia, endereco, cep)values('2000-01-01','R CONJUNTO SITIO CONCEICAO, 104','8473090');insert into contribuinte(id,  data_cadastro, nome_empresa, id_endereco, id_contato, valor_contribuicao)values(442,'19/01/1995','JOAO CESARIO DE SOUZA NETO',currval('endereco_id_seq'), currval('contato_id_seq'),0.00);insert into historico_status_contribuinte(data_inicial_vigencia, status)values('2001-01-01','ATIVADO');insert into contribuinte_historico_status_contribuinte(id_contribuinte, id_historico_status_contribuinte)values(442,currval('historico_status_contribuinte_id_seq'));
insert into contato(ramal)values('');insert into telefone(tipo, ddd, telefone, id_contato)values('RESIDENCIAL', '11', '2954359', currval('contato_id_seq'));insert into telefone(tipo, ddd, telefone, id_contato)values('COMERCIAL', '','0', currval('contato_id_seq'));insert into endereco (data_inicial_vigencia, endereco, cep)values('2000-01-01','RUA MARTINS PENA,285 TATUAPE','3066000');insert into contribuinte(id,  data_cadastro, nome_empresa, id_endereco, id_contato, valor_contribuicao)values(443,'24/01/1995','LINCOLN ARRUDA',currval('endereco_id_seq'), currval('contato_id_seq'),10.00);insert into historico_status_contribuinte(data_inicial_vigencia, status)values('2001-01-01','ATIVADO');insert into contribuinte_historico_status_contribuinte(id_contribuinte, id_historico_status_contribuinte)values(443,currval('historico_status_contribuinte_id_seq'));
insert into contato(ramal)values('');insert into telefone(tipo, ddd, telefone, id_contato)values('RESIDENCIAL', '61', '3408193', currval('contato_id_seq'));insert into telefone(tipo, ddd, telefone, id_contato)values('COMERCIAL', '','0', currval('contato_id_seq'));insert into endereco (data_inicial_vigencia, endereco, cep)values('2000-01-01','SQN 315 - BL I - APTO. 406 -ASA NORTE','70774090');insert into contribuinte(id,  data_cadastro, nome_empresa, id_endereco, id_contato, valor_contribuicao)values(444,'26/01/1995','ALINE WANDERER',currval('endereco_id_seq'), currval('contato_id_seq'),5.00);insert into historico_status_contribuinte(data_inicial_vigencia, status)values('2001-01-01','ATIVADO');insert into contribuinte_historico_status_contribuinte(id_contribuinte, id_historico_status_contribuinte)values(444,currval('historico_status_contribuinte_id_seq'));
insert into contato(ramal)values('');insert into telefone(tipo, ddd, telefone, id_contato)values('RESIDENCIAL', '62', '2420', currval('contato_id_seq'));insert into telefone(tipo, ddd, telefone, id_contato)values('COMERCIAL', '62','241', currval('contato_id_seq'));insert into endereco (data_inicial_vigencia, endereco, cep)values('2000-01-01','RUA 1131 NUM. 168 -ST.MARTISTA','74180100');insert into contribuinte(id,  data_cadastro, nome_empresa, id_endereco, id_contato, valor_contribuicao)values(445,'26/01/1995','SIRLENE DE ARAUJO MENDONCA',currval('endereco_id_seq'), currval('contato_id_seq'),0.00);insert into historico_status_contribuinte(data_inicial_vigencia, status)values('2001-01-01','ATIVADO');insert into contribuinte_historico_status_contribuinte(id_contribuinte, id_historico_status_contribuinte)values(445,currval('historico_status_contribuinte_id_seq'));
insert into contato(ramal)values('');insert into telefone(tipo, ddd, telefone, id_contato)values('RESIDENCIAL', '', '0', currval('contato_id_seq'));insert into telefone(tipo, ddd, telefone, id_contato)values('COMERCIAL', '','0', currval('contato_id_seq'));insert into endereco (data_inicial_vigencia, endereco, cep)values('2000-01-01','RUA BAGE, 230 CJ 72 A','4012140');insert into contribuinte(id,  data_cadastro, nome_empresa, id_endereco, id_contato, valor_contribuicao)values(446,'08/02/1995','WALDIR D ANDREA',currval('endereco_id_seq'), currval('contato_id_seq'),0.00);insert into historico_status_contribuinte(data_inicial_vigencia, status)values('2001-01-01','ATIVADO');insert into contribuinte_historico_status_contribuinte(id_contribuinte, id_historico_status_contribuinte)values(446,currval('historico_status_contribuinte_id_seq'));
insert into contato(ramal)values('');insert into telefone(tipo, ddd, telefone, id_contato)values('RESIDENCIAL', '', '2118341', currval('contato_id_seq'));insert into telefone(tipo, ddd, telefone, id_contato)values('COMERCIAL', '','0', currval('contato_id_seq'));insert into endereco (data_inicial_vigencia, endereco, cep)values('2000-01-01','RUA PE.CARLOS N. DE SOUZA ARANHA,128','5450010');insert into contribuinte(id,  data_cadastro, nome_empresa, id_endereco, id_contato, valor_contribuicao)values(447,'08/02/1995','MARIA STELA CAMARGO RABELLO',currval('endereco_id_seq'), currval('contato_id_seq'),0.00);insert into historico_status_contribuinte(data_inicial_vigencia, status)values('2001-01-01','ATIVADO');insert into contribuinte_historico_status_contribuinte(id_contribuinte, id_historico_status_contribuinte)values(447,currval('historico_status_contribuinte_id_seq'));
insert into contato(ramal)values('');insert into telefone(tipo, ddd, telefone, id_contato)values('RESIDENCIAL', '11', '37449568', currval('contato_id_seq'));insert into telefone(tipo, ddd, telefone, id_contato)values('COMERCIAL', '','0', currval('contato_id_seq'));insert into endereco (data_inicial_vigencia, endereco, cep)values('2000-01-01','R FREDERICO GUARINON,125-APTO.170-ED.SOL','5713460');insert into contribuinte(id,  data_cadastro, nome_empresa, id_endereco, id_contato, valor_contribuicao)values(448,'21/02/1995','ASSIS RICARDO MARTINEZ',currval('endereco_id_seq'), currval('contato_id_seq'),0.00);insert into historico_status_contribuinte(data_inicial_vigencia, status)values('2001-01-01','ATIVADO');insert into contribuinte_historico_status_contribuinte(id_contribuinte, id_historico_status_contribuinte)values(448,currval('historico_status_contribuinte_id_seq'));
insert into contato(ramal)values('');insert into telefone(tipo, ddd, telefone, id_contato)values('RESIDENCIAL', '', '0', currval('contato_id_seq'));insert into telefone(tipo, ddd, telefone, id_contato)values('COMERCIAL', '','0', currval('contato_id_seq'));insert into endereco (data_inicial_vigencia, endereco, cep)values('2000-01-01','RUA 81 NUM. 98 VILA UNIAO','1300000');insert into contribuinte(id,  data_cadastro, nome_empresa, id_endereco, id_contato, valor_contribuicao)values(449,'07/03/1995','JOSE LUIZ TREVISANI JUNIOR',currval('endereco_id_seq'), currval('contato_id_seq'),0.00);insert into historico_status_contribuinte(data_inicial_vigencia, status)values('2001-01-01','ATIVADO');insert into contribuinte_historico_status_contribuinte(id_contribuinte, id_historico_status_contribuinte)values(449,currval('historico_status_contribuinte_id_seq'));
insert into contato(ramal)values('');insert into telefone(tipo, ddd, telefone, id_contato)values('RESIDENCIAL', '', '8163966', currval('contato_id_seq'));insert into telefone(tipo, ddd, telefone, id_contato)values('COMERCIAL', '','0', currval('contato_id_seq'));insert into endereco (data_inicial_vigencia, endereco, cep)values('2000-01-01','R JOSE ALVES CUNHA LIMA, 159 AP 114 BL 2','5360050');insert into contribuinte(id,  data_cadastro, nome_empresa, id_endereco, id_contato, valor_contribuicao)values(450,'14/03/1995','JANE APARECIDA MARQUES',currval('endereco_id_seq'), currval('contato_id_seq'),0.00);insert into historico_status_contribuinte(data_inicial_vigencia, status)values('2001-01-01','ATIVADO');insert into contribuinte_historico_status_contribuinte(id_contribuinte, id_historico_status_contribuinte)values(450,currval('historico_status_contribuinte_id_seq'));
insert into contato(ramal)values('');insert into telefone(tipo, ddd, telefone, id_contato)values('RESIDENCIAL', '', '0', currval('contato_id_seq'));insert into telefone(tipo, ddd, telefone, id_contato)values('COMERCIAL', '','0', currval('contato_id_seq'));insert into endereco (data_inicial_vigencia, endereco, cep)values('2000-01-01','R. MARIANO PROCOPIO, 263/104','25804060');insert into contribuinte(id,  data_cadastro, nome_empresa, id_endereco, id_contato, valor_contribuicao)values(451,'14/03/1995','LAERT JEFERSON DE AGUIAR',currval('endereco_id_seq'), currval('contato_id_seq'),0.00);insert into historico_status_contribuinte(data_inicial_vigencia, status)values('2001-01-01','ATIVADO');insert into contribuinte_historico_status_contribuinte(id_contribuinte, id_historico_status_contribuinte)values(451,currval('historico_status_contribuinte_id_seq'));
insert into contato(ramal)values('');insert into telefone(tipo, ddd, telefone, id_contato)values('RESIDENCIAL', '', '0', currval('contato_id_seq'));insert into telefone(tipo, ddd, telefone, id_contato)values('COMERCIAL', '','0', currval('contato_id_seq'));insert into endereco (data_inicial_vigencia, endereco, cep)values('2000-01-01','RUA ALVARO DE CARVALHO,48 6.AND','1050000');insert into contribuinte(id,  data_cadastro, nome_empresa, id_endereco, id_contato, valor_contribuicao)values(452,'17/03/1995','EDMILSON DIAS LOUREIRO',currval('endereco_id_seq'), currval('contato_id_seq'),0.00);insert into historico_status_contribuinte(data_inicial_vigencia, status)values('2001-01-01','ATIVADO');insert into contribuinte_historico_status_contribuinte(id_contribuinte, id_historico_status_contribuinte)values(452,currval('historico_status_contribuinte_id_seq'));
insert into contato(ramal)values('');insert into telefone(tipo, ddd, telefone, id_contato)values('RESIDENCIAL', '41', '223', currval('contato_id_seq'));insert into telefone(tipo, ddd, telefone, id_contato)values('COMERCIAL', '','0', currval('contato_id_seq'));insert into endereco (data_inicial_vigencia, endereco, cep)values('2000-01-01','AV GETULIO VARGAS, 557','80230030');insert into contribuinte(id,  data_cadastro, nome_empresa, id_endereco, id_contato, valor_contribuicao)values(453,'30/03/1995','ANTONIO CARLOS COLBER',currval('endereco_id_seq'), currval('contato_id_seq'),0.00);insert into historico_status_contribuinte(data_inicial_vigencia, status)values('2001-01-01','ATIVADO');insert into contribuinte_historico_status_contribuinte(id_contribuinte, id_historico_status_contribuinte)values(453,currval('historico_status_contribuinte_id_seq'));
insert into contato(ramal)values('');insert into telefone(tipo, ddd, telefone, id_contato)values('RESIDENCIAL', '', '0', currval('contato_id_seq'));insert into telefone(tipo, ddd, telefone, id_contato)values('COMERCIAL', '','0', currval('contato_id_seq'));insert into endereco (data_inicial_vigencia, endereco, cep)values('2000-01-01','R SAMIA HADDAD, 150 APTO.82','5709050');insert into contribuinte(id,  data_cadastro, nome_empresa, id_endereco, id_contato, valor_contribuicao)values(454,'31/03/1995','MARIA BEATRIZ CAMARGO LEMOS',currval('endereco_id_seq'), currval('contato_id_seq'),0.00);insert into historico_status_contribuinte(data_inicial_vigencia, status)values('2001-01-01','ATIVADO');insert into contribuinte_historico_status_contribuinte(id_contribuinte, id_historico_status_contribuinte)values(454,currval('historico_status_contribuinte_id_seq'));
insert into contato(ramal)values('');insert into telefone(tipo, ddd, telefone, id_contato)values('RESIDENCIAL', '', '2609458', currval('contato_id_seq'));insert into telefone(tipo, ddd, telefone, id_contato)values('COMERCIAL', '','0', currval('contato_id_seq'));insert into endereco (data_inicial_vigencia, endereco, cep)values('2000-01-01','RUA BAICURI, 399','5469030');insert into contribuinte(id,  data_cadastro, nome_empresa, id_endereco, id_contato, valor_contribuicao)values(455,'07/04/1995','NAGE MENTRIE SANTA MARRONE RIBEIRO',currval('endereco_id_seq'), currval('contato_id_seq'),0.00);insert into historico_status_contribuinte(data_inicial_vigencia, status)values('2001-01-01','ATIVADO');insert into contribuinte_historico_status_contribuinte(id_contribuinte, id_historico_status_contribuinte)values(455,currval('historico_status_contribuinte_id_seq'));
insert into contato(ramal)values('');insert into telefone(tipo, ddd, telefone, id_contato)values('RESIDENCIAL', '', '64120812', currval('contato_id_seq'));insert into telefone(tipo, ddd, telefone, id_contato)values('COMERCIAL', '','0', currval('contato_id_seq'));insert into endereco (data_inicial_vigencia, endereco, cep)values('2000-01-01','AV. SANTANA DO MUNDAU, 1440','7242190');insert into contribuinte(id,  data_cadastro, nome_empresa, id_endereco, id_contato, valor_contribuicao)values(456,'07/04/1995','IVANI TRINANES SOARES SOARES',currval('endereco_id_seq'), currval('contato_id_seq'),20.00);insert into historico_status_contribuinte(data_inicial_vigencia, status)values('2001-01-01','ATIVADO');insert into contribuinte_historico_status_contribuinte(id_contribuinte, id_historico_status_contribuinte)values(456,currval('historico_status_contribuinte_id_seq'));
insert into contato(ramal)values('');insert into telefone(tipo, ddd, telefone, id_contato)values('RESIDENCIAL', '', '8280705', currval('contato_id_seq'));insert into telefone(tipo, ddd, telefone, id_contato)values('COMERCIAL', '','0', currval('contato_id_seq'));insert into endereco (data_inicial_vigencia, endereco, cep)values('2000-01-01','RUA FIANDEIRAS 479 APTO.54','4545003');insert into contribuinte(id,  data_cadastro, nome_empresa, id_endereco, id_contato, valor_contribuicao)values(457,'08/05/1995','CELIA MARIA CAVALLINI',currval('endereco_id_seq'), currval('contato_id_seq'),10.00);insert into historico_status_contribuinte(data_inicial_vigencia, status)values('2001-01-01','ATIVADO');insert into contribuinte_historico_status_contribuinte(id_contribuinte, id_historico_status_contribuinte)values(457,currval('historico_status_contribuinte_id_seq'));
insert into contato(ramal)values('');insert into telefone(tipo, ddd, telefone, id_contato)values('RESIDENCIAL', '11', '8280705', currval('contato_id_seq'));insert into telefone(tipo, ddd, telefone, id_contato)values('COMERCIAL', '','0', currval('contato_id_seq'));insert into endereco (data_inicial_vigencia, endereco, cep)values('2000-01-01','RUA PARA,241 APTO.82','1243020');insert into contribuinte(id,  data_cadastro, nome_empresa, id_endereco, id_contato, valor_contribuicao)values(458,'08/05/1995','PAOLO G. BRENTANI',currval('endereco_id_seq'), currval('contato_id_seq'),10.00);insert into historico_status_contribuinte(data_inicial_vigencia, status)values('2001-01-01','ATIVADO');insert into contribuinte_historico_status_contribuinte(id_contribuinte, id_historico_status_contribuinte)values(458,currval('historico_status_contribuinte_id_seq'));
insert into contato(ramal)values('');insert into telefone(tipo, ddd, telefone, id_contato)values('RESIDENCIAL', '11', '28324052', currval('contato_id_seq'));insert into telefone(tipo, ddd, telefone, id_contato)values('COMERCIAL', '','0', currval('contato_id_seq'));insert into endereco (data_inicial_vigencia, endereco, cep)values('2000-01-01','RUA FAUSTO 357 AP 172','4285080');insert into contribuinte(id,  data_cadastro, nome_empresa, id_endereco, id_contato, valor_contribuicao)values(459,'25/05/1995','LUIZ ROBERTO CORREA SALVADOR',currval('endereco_id_seq'), currval('contato_id_seq'),0.00);insert into historico_status_contribuinte(data_inicial_vigencia, status)values('2001-01-01','ATIVADO');insert into contribuinte_historico_status_contribuinte(id_contribuinte, id_historico_status_contribuinte)values(459,currval('historico_status_contribuinte_id_seq'));
insert into contato(ramal)values('');insert into telefone(tipo, ddd, telefone, id_contato)values('RESIDENCIAL', '11', '94072451', currval('contato_id_seq'));insert into telefone(tipo, ddd, telefone, id_contato)values('COMERCIAL', '','0', currval('contato_id_seq'));insert into endereco (data_inicial_vigencia, endereco, cep)values('2000-01-01','AV. ITAMARATI, 2512','9271410');insert into contribuinte(id,  data_cadastro, nome_empresa, id_endereco, id_contato, valor_contribuicao)values(460,'01/06/1995','OTAVIO SANCHES',currval('endereco_id_seq'), currval('contato_id_seq'),120.00);insert into historico_status_contribuinte(data_inicial_vigencia, status)values('2001-01-01','ATIVADO');insert into contribuinte_historico_status_contribuinte(id_contribuinte, id_historico_status_contribuinte)values(460,currval('historico_status_contribuinte_id_seq'));
insert into contato(ramal)values('');insert into telefone(tipo, ddd, telefone, id_contato)values('RESIDENCIAL', '', '0', currval('contato_id_seq'));insert into telefone(tipo, ddd, telefone, id_contato)values('COMERCIAL', '','0', currval('contato_id_seq'));insert into endereco (data_inicial_vigencia, endereco, cep)values('2000-01-01','RUA IBIAPABA NUM. 480','5625020');insert into contribuinte(id,  data_cadastro, nome_empresa, id_endereco, id_contato, valor_contribuicao)values(461,'02/06/1995','MONICA APARECIDA TEIXEIRA MARMO',currval('endereco_id_seq'), currval('contato_id_seq'),0.00);insert into historico_status_contribuinte(data_inicial_vigencia, status)values('2001-01-01','ATIVADO');insert into contribuinte_historico_status_contribuinte(id_contribuinte, id_historico_status_contribuinte)values(461,currval('historico_status_contribuinte_id_seq'));
insert into contato(ramal)values('');insert into telefone(tipo, ddd, telefone, id_contato)values('RESIDENCIAL', '', '2031709', currval('contato_id_seq'));insert into telefone(tipo, ddd, telefone, id_contato)values('COMERCIAL', '','0', currval('contato_id_seq'));insert into endereco (data_inicial_vigencia, endereco, cep)values('2000-01-01','RUA FRANCISCO DE TAVES, NUM 41','2348030');insert into contribuinte(id,  data_cadastro, nome_empresa, id_endereco, id_contato, valor_contribuicao)values(463,'02/06/1995','ERNESTINA ZAHARY',currval('endereco_id_seq'), currval('contato_id_seq'),10.00);insert into historico_status_contribuinte(data_inicial_vigencia, status)values('2001-01-01','ATIVADO');insert into contribuinte_historico_status_contribuinte(id_contribuinte, id_historico_status_contribuinte)values(463,currval('historico_status_contribuinte_id_seq'));
insert into contato(ramal)values('');insert into telefone(tipo, ddd, telefone, id_contato)values('RESIDENCIAL', '', '0', currval('contato_id_seq'));insert into telefone(tipo, ddd, telefone, id_contato)values('COMERCIAL', '','0', currval('contato_id_seq'));insert into endereco (data_inicial_vigencia, endereco, cep)values('2000-01-01','R SALDANHA DA GAMA, 191','5081000');insert into contribuinte(id,  data_cadastro, nome_empresa, id_endereco, id_contato, valor_contribuicao)values(464,'02/06/1995','HAYDEE CABRAL RAPOSO DE MELLO',currval('endereco_id_seq'), currval('contato_id_seq'),0.00);insert into historico_status_contribuinte(data_inicial_vigencia, status)values('2001-01-01','ATIVADO');insert into contribuinte_historico_status_contribuinte(id_contribuinte, id_historico_status_contribuinte)values(464,currval('historico_status_contribuinte_id_seq'));
insert into contato(ramal)values('');insert into telefone(tipo, ddd, telefone, id_contato)values('RESIDENCIAL', '', '2621936', currval('contato_id_seq'));insert into telefone(tipo, ddd, telefone, id_contato)values('COMERCIAL', '','0', currval('contato_id_seq'));insert into endereco (data_inicial_vigencia, endereco, cep)values('2000-01-01','RUA JOAO FRAISSAT, 227','5048040');insert into contribuinte(id,  data_cadastro, nome_empresa, id_endereco, id_contato, valor_contribuicao)values(465,'02/06/1995','MARILDA CORAINE',currval('endereco_id_seq'), currval('contato_id_seq'),10.00);insert into historico_status_contribuinte(data_inicial_vigencia, status)values('2001-01-01','ATIVADO');insert into contribuinte_historico_status_contribuinte(id_contribuinte, id_historico_status_contribuinte)values(465,currval('historico_status_contribuinte_id_seq'));
insert into contato(ramal)values('');insert into telefone(tipo, ddd, telefone, id_contato)values('RESIDENCIAL', '', '0', currval('contato_id_seq'));insert into telefone(tipo, ddd, telefone, id_contato)values('COMERCIAL', '','0', currval('contato_id_seq'));insert into endereco (data_inicial_vigencia, endereco, cep)values('2000-01-01','RUA ITAPICURU 488 APTO.101','5006000');insert into contribuinte(id,  data_cadastro, nome_empresa, id_endereco, id_contato, valor_contribuicao)values(466,'02/06/1995','REGINA HELENA FERREIRA MORGANTETTI',currval('endereco_id_seq'), currval('contato_id_seq'),0.00);insert into historico_status_contribuinte(data_inicial_vigencia, status)values('2001-01-01','ATIVADO');insert into contribuinte_historico_status_contribuinte(id_contribuinte, id_historico_status_contribuinte)values(466,currval('historico_status_contribuinte_id_seq'));
insert into contato(ramal)values('');insert into telefone(tipo, ddd, telefone, id_contato)values('RESIDENCIAL', '', '9529816', currval('contato_id_seq'));insert into telefone(tipo, ddd, telefone, id_contato)values('COMERCIAL', '','0', currval('contato_id_seq'));insert into endereco (data_inicial_vigencia, endereco, cep)values('2000-01-01','RUA TURIM 53 P.DO TREMEMBE','2348040');insert into contribuinte(id,  data_cadastro, nome_empresa, id_endereco, id_contato, valor_contribuicao)values(467,'02/06/1995','TERESA TANAKA',currval('endereco_id_seq'), currval('contato_id_seq'),0.00);insert into historico_status_contribuinte(data_inicial_vigencia, status)values('2001-01-01','ATIVADO');insert into contribuinte_historico_status_contribuinte(id_contribuinte, id_historico_status_contribuinte)values(467,currval('historico_status_contribuinte_id_seq'));
insert into contato(ramal)values('');insert into telefone(tipo, ddd, telefone, id_contato)values('RESIDENCIAL', '', '2608676', currval('contato_id_seq'));insert into telefone(tipo, ddd, telefone, id_contato)values('COMERCIAL', '','0', currval('contato_id_seq'));insert into endereco (data_inicial_vigencia, endereco, cep)values('2000-01-01','R MILTON HOCHETTI, 79','5303080');insert into contribuinte(id,  data_cadastro, nome_empresa, id_endereco, id_contato, valor_contribuicao)values(468,'02/06/1995','ROSA THEREZINHA MILITO CAVALCANTI',currval('endereco_id_seq'), currval('contato_id_seq'),0.00);insert into historico_status_contribuinte(data_inicial_vigencia, status)values('2001-01-01','ATIVADO');insert into contribuinte_historico_status_contribuinte(id_contribuinte, id_historico_status_contribuinte)values(468,currval('historico_status_contribuinte_id_seq'));
insert into contato(ramal)values('6125');insert into telefone(tipo, ddd, telefone, id_contato)values('RESIDENCIAL', '11', '69581358', currval('contato_id_seq'));insert into telefone(tipo, ddd, telefone, id_contato)values('COMERCIAL', '','0', currval('contato_id_seq'));insert into endereco (data_inicial_vigencia, endereco, cep)values('2000-01-01','R. CEL. AMERICO FONTENELLE,362 V.GRANADA','3659010');insert into contribuinte(id,  data_cadastro, nome_empresa, id_endereco, id_contato, valor_contribuicao)values(469,'14/06/1995','LEILA COMINOTTI',currval('endereco_id_seq'), currval('contato_id_seq'),10.00);insert into historico_status_contribuinte(data_inicial_vigencia, status)values('2001-01-01','ATIVADO');insert into contribuinte_historico_status_contribuinte(id_contribuinte, id_historico_status_contribuinte)values(469,currval('historico_status_contribuinte_id_seq'));
insert into contato(ramal)values('');insert into telefone(tipo, ddd, telefone, id_contato)values('RESIDENCIAL', '', '0', currval('contato_id_seq'));insert into telefone(tipo, ddd, telefone, id_contato)values('COMERCIAL', '','0', currval('contato_id_seq'));insert into endereco (data_inicial_vigencia, endereco, cep)values('2000-01-01','R LACERDA MARQUES, 719  LAUZANE PTA.','2441200');insert into contribuinte(id,  data_cadastro, nome_empresa, id_endereco, id_contato, valor_contribuicao)values(470,'14/06/1995','NILZE BRIZOLA DE ALMEIDA',currval('endereco_id_seq'), currval('contato_id_seq'),0.00);insert into historico_status_contribuinte(data_inicial_vigencia, status)values('2001-01-01','ATIVADO');insert into contribuinte_historico_status_contribuinte(id_contribuinte, id_historico_status_contribuinte)values(470,currval('historico_status_contribuinte_id_seq'));
insert into contato(ramal)values('');insert into telefone(tipo, ddd, telefone, id_contato)values('RESIDENCIAL', '', '0', currval('contato_id_seq'));insert into telefone(tipo, ddd, telefone, id_contato)values('COMERCIAL', '','0', currval('contato_id_seq'));insert into endereco (data_inicial_vigencia, endereco, cep)values('2000-01-01','COND.ESPIRITO SANTO, BL.09 APTO.24 P.CEC','7090911');insert into contribuinte(id,  data_cadastro, nome_empresa, id_endereco, id_contato, valor_contribuicao)values(471,'14/06/1995','ANDREA ALMENDROS VILHEGAS',currval('endereco_id_seq'), currval('contato_id_seq'),10.00);insert into historico_status_contribuinte(data_inicial_vigencia, status)values('2001-01-01','ATIVADO');insert into contribuinte_historico_status_contribuinte(id_contribuinte, id_historico_status_contribuinte)values(471,currval('historico_status_contribuinte_id_seq'));
insert into contato(ramal)values('');insert into telefone(tipo, ddd, telefone, id_contato)values('RESIDENCIAL', '', '8755110', currval('contato_id_seq'));insert into telefone(tipo, ddd, telefone, id_contato)values('COMERCIAL', '','0', currval('contato_id_seq'));insert into endereco (data_inicial_vigencia, endereco, cep)values('2000-01-01','R GEORGE PILLI, 73','2962210');insert into contribuinte(id,  data_cadastro, nome_empresa, id_endereco, id_contato, valor_contribuicao)values(472,'28/06/1995','LUIZ CARLOS SCORBAIOLI',currval('endereco_id_seq'), currval('contato_id_seq'),0.00);insert into historico_status_contribuinte(data_inicial_vigencia, status)values('2001-01-01','ATIVADO');insert into contribuinte_historico_status_contribuinte(id_contribuinte, id_historico_status_contribuinte)values(472,currval('historico_status_contribuinte_id_seq'));
insert into contato(ramal)values('');insert into telefone(tipo, ddd, telefone, id_contato)values('RESIDENCIAL', '11', '30229328', currval('contato_id_seq'));insert into telefone(tipo, ddd, telefone, id_contato)values('COMERCIAL', '','0', currval('contato_id_seq'));insert into endereco (data_inicial_vigencia, endereco, cep)values('2000-01-01','RUA SALVADOR CARUJO, 18','5054060');insert into contribuinte(id,  data_cadastro, nome_empresa, id_endereco, id_contato, valor_contribuicao)values(473,'28/06/1995','JOAO MARCIO FERRARA',currval('endereco_id_seq'), currval('contato_id_seq'),0.00);insert into historico_status_contribuinte(data_inicial_vigencia, status)values('2001-01-01','ATIVADO');insert into contribuinte_historico_status_contribuinte(id_contribuinte, id_historico_status_contribuinte)values(473,currval('historico_status_contribuinte_id_seq'));
insert into contato(ramal)values('');insert into telefone(tipo, ddd, telefone, id_contato)values('RESIDENCIAL', '', '5311216', currval('contato_id_seq'));insert into telefone(tipo, ddd, telefone, id_contato)values('COMERCIAL', '','0', currval('contato_id_seq'));insert into endereco (data_inicial_vigencia, endereco, cep)values('2000-01-01','AV. MORUMBI NUM. 8439','4703002');insert into contribuinte(id,  data_cadastro, nome_empresa, id_endereco, id_contato, valor_contribuicao)values(474,'28/06/1995','OSNI REZENDE',currval('endereco_id_seq'), currval('contato_id_seq'),0.00);insert into historico_status_contribuinte(data_inicial_vigencia, status)values('2001-01-01','ATIVADO');insert into contribuinte_historico_status_contribuinte(id_contribuinte, id_historico_status_contribuinte)values(474,currval('historico_status_contribuinte_id_seq'));
insert into contato(ramal)values('');insert into telefone(tipo, ddd, telefone, id_contato)values('RESIDENCIAL', '', '2994675', currval('contato_id_seq'));insert into telefone(tipo, ddd, telefone, id_contato)values('COMERCIAL', '','0', currval('contato_id_seq'));insert into endereco (data_inicial_vigencia, endereco, cep)values('2000-01-01','RUA PEDRO DOLL, 79','2404000');insert into contribuinte(id,  data_cadastro, nome_empresa, id_endereco, id_contato, valor_contribuicao)values(475,'28/06/1995','MARISA ORSONI CHAGAS BARROS',currval('endereco_id_seq'), currval('contato_id_seq'),10.00);insert into historico_status_contribuinte(data_inicial_vigencia, status)values('2001-01-01','ATIVADO');insert into contribuinte_historico_status_contribuinte(id_contribuinte, id_historico_status_contribuinte)values(475,currval('historico_status_contribuinte_id_seq'));
insert into contato(ramal)values('');insert into telefone(tipo, ddd, telefone, id_contato)values('RESIDENCIAL', '', '2823872', currval('contato_id_seq'));insert into telefone(tipo, ddd, telefone, id_contato)values('COMERCIAL', '','0', currval('contato_id_seq'));insert into endereco (data_inicial_vigencia, endereco, cep)values('2000-01-01','RUA DOS FRANCESES 445, 6. ANDAR','1329010');insert into contribuinte(id,  data_cadastro, nome_empresa, id_endereco, id_contato, valor_contribuicao)values(476,'28/06/1995','MARIO DA SILVA',currval('endereco_id_seq'), currval('contato_id_seq'),0.00);insert into historico_status_contribuinte(data_inicial_vigencia, status)values('2001-01-01','ATIVADO');insert into contribuinte_historico_status_contribuinte(id_contribuinte, id_historico_status_contribuinte)values(476,currval('historico_status_contribuinte_id_seq'));
insert into contato(ramal)values('');insert into telefone(tipo, ddd, telefone, id_contato)values('RESIDENCIAL', '', '0', currval('contato_id_seq'));insert into telefone(tipo, ddd, telefone, id_contato)values('COMERCIAL', '','0', currval('contato_id_seq'));insert into endereco (data_inicial_vigencia, endereco, cep)values('2000-01-01','RUA MATARAZZO, 107 APTO. 14','1128010');insert into contribuinte(id,  data_cadastro, nome_empresa, id_endereco, id_contato, valor_contribuicao)values(477,'28/06/1995','CARLOS ALBERTO BARONE',currval('endereco_id_seq'), currval('contato_id_seq'),0.00);insert into historico_status_contribuinte(data_inicial_vigencia, status)values('2001-01-01','ATIVADO');insert into contribuinte_historico_status_contribuinte(id_contribuinte, id_historico_status_contribuinte)values(477,currval('historico_status_contribuinte_id_seq'));
insert into contato(ramal)values('');insert into telefone(tipo, ddd, telefone, id_contato)values('RESIDENCIAL', '11', '2412558', currval('contato_id_seq'));insert into telefone(tipo, ddd, telefone, id_contato)values('COMERCIAL', '','0', currval('contato_id_seq'));insert into endereco (data_inicial_vigencia, endereco, cep)values('2000-01-01','R. VICENTE LEPORACE, 1439 - APTO. 121','4619034');insert into contribuinte(id,  data_cadastro, nome_empresa, id_endereco, id_contato, valor_contribuicao)values(478,'02/07/1995','NICOLAU MARINO',currval('endereco_id_seq'), currval('contato_id_seq'),30.00);insert into historico_status_contribuinte(data_inicial_vigencia, status)values('2001-01-01','ATIVADO');insert into contribuinte_historico_status_contribuinte(id_contribuinte, id_historico_status_contribuinte)values(478,currval('historico_status_contribuinte_id_seq'));
insert into contato(ramal)values('');insert into telefone(tipo, ddd, telefone, id_contato)values('RESIDENCIAL', '11', '8567289', currval('contato_id_seq'));insert into telefone(tipo, ddd, telefone, id_contato)values('COMERCIAL', '','0', currval('contato_id_seq'));insert into endereco (data_inicial_vigencia, endereco, cep)values('2000-01-01','R. DR. HOMEM DE MELLO, 239 APTO 152','5407000');insert into contribuinte(id,  data_cadastro, nome_empresa, id_endereco, id_contato, valor_contribuicao)values(479,'01/08/1995','MARCOS ANTONIO DE SOUZA',currval('endereco_id_seq'), currval('contato_id_seq'),0.00);insert into historico_status_contribuinte(data_inicial_vigencia, status)values('2001-01-01','ATIVADO');insert into contribuinte_historico_status_contribuinte(id_contribuinte, id_historico_status_contribuinte)values(479,currval('historico_status_contribuinte_id_seq'));
insert into contato(ramal)values('');insert into telefone(tipo, ddd, telefone, id_contato)values('RESIDENCIAL', '', '0', currval('contato_id_seq'));insert into telefone(tipo, ddd, telefone, id_contato)values('COMERCIAL', '','0', currval('contato_id_seq'));insert into endereco (data_inicial_vigencia, endereco, cep)values('2000-01-01','R. DR. CESAR, 606 - APTO. 11','2013002');insert into contribuinte(id,  data_cadastro, nome_empresa, id_endereco, id_contato, valor_contribuicao)values(480,'08/08/1995','GUSTAVO MARCELO VINENT (DR.)',currval('endereco_id_seq'), currval('contato_id_seq'),30.00);insert into historico_status_contribuinte(data_inicial_vigencia, status)values('2001-01-01','ATIVADO');insert into contribuinte_historico_status_contribuinte(id_contribuinte, id_historico_status_contribuinte)values(480,currval('historico_status_contribuinte_id_seq'));
insert into contato(ramal)values('');insert into telefone(tipo, ddd, telefone, id_contato)values('RESIDENCIAL', '11', '8365067', currval('contato_id_seq'));insert into telefone(tipo, ddd, telefone, id_contato)values('COMERCIAL', '','0', currval('contato_id_seq'));insert into endereco (data_inicial_vigencia, endereco, cep)values('2000-01-01','R. DOMINGOS SERGIO DOS ANJOS, 277','5136170');insert into contribuinte(id,  data_cadastro, nome_empresa, id_endereco, id_contato, valor_contribuicao)values(482,'06/11/1995','TANIA CRISTINA MININI',currval('endereco_id_seq'), currval('contato_id_seq'),10.00);insert into historico_status_contribuinte(data_inicial_vigencia, status)values('2001-01-01','ATIVADO');insert into contribuinte_historico_status_contribuinte(id_contribuinte, id_historico_status_contribuinte)values(482,currval('historico_status_contribuinte_id_seq'));
insert into contato(ramal)values('');insert into telefone(tipo, ddd, telefone, id_contato)values('RESIDENCIAL', '11', '81369111', currval('contato_id_seq'));insert into telefone(tipo, ddd, telefone, id_contato)values('COMERCIAL', '','0', currval('contato_id_seq'));insert into endereco (data_inicial_vigencia, endereco, cep)values('2000-01-01','R KARL RICHTER, 105 - APTO. 112','5709030');insert into contribuinte(id,  data_cadastro, nome_empresa, id_endereco, id_contato, valor_contribuicao)values(483,'17/11/1995','CARLOS MAUACCAD',currval('endereco_id_seq'), currval('contato_id_seq'),0.00);insert into historico_status_contribuinte(data_inicial_vigencia, status)values('2001-01-01','ATIVADO');insert into contribuinte_historico_status_contribuinte(id_contribuinte, id_historico_status_contribuinte)values(483,currval('historico_status_contribuinte_id_seq'));
insert into contato(ramal)values('');insert into telefone(tipo, ddd, telefone, id_contato)values('RESIDENCIAL', '', '0', currval('contato_id_seq'));insert into telefone(tipo, ddd, telefone, id_contato)values('COMERCIAL', '','0', currval('contato_id_seq'));insert into endereco (data_inicial_vigencia, endereco, cep)values('2000-01-01','TESTE','12345678');insert into contribuinte(id,  data_cadastro, nome_empresa, id_endereco, id_contato, valor_contribuicao)values(484,'17/11/1995','MARIA LUCIA ROCHA LEAO',currval('endereco_id_seq'), currval('contato_id_seq'),0.00);insert into historico_status_contribuinte(data_inicial_vigencia, status)values('2001-01-01','ATIVADO');insert into contribuinte_historico_status_contribuinte(id_contribuinte, id_historico_status_contribuinte)values(484,currval('historico_status_contribuinte_id_seq'));
insert into contato(ramal)values('');insert into telefone(tipo, ddd, telefone, id_contato)values('RESIDENCIAL', '', '0', currval('contato_id_seq'));insert into telefone(tipo, ddd, telefone, id_contato)values('COMERCIAL', '','0', currval('contato_id_seq'));insert into endereco (data_inicial_vigencia, endereco, cep)values('2000-01-01','R. KARL RICHTER, 69 APTO 121','5709030');insert into contribuinte(id,  data_cadastro, nome_empresa, id_endereco, id_contato, valor_contribuicao)values(485,'17/11/1995','RENATO HOPPE BARREIRA',currval('endereco_id_seq'), currval('contato_id_seq'),0.00);insert into historico_status_contribuinte(data_inicial_vigencia, status)values('2001-01-01','ATIVADO');insert into contribuinte_historico_status_contribuinte(id_contribuinte, id_historico_status_contribuinte)values(485,currval('historico_status_contribuinte_id_seq'));
insert into contato(ramal)values('');insert into telefone(tipo, ddd, telefone, id_contato)values('RESIDENCIAL', '11', '4690215', currval('contato_id_seq'));insert into telefone(tipo, ddd, telefone, id_contato)values('COMERCIAL', '','0', currval('contato_id_seq'));insert into endereco (data_inicial_vigencia, endereco, cep)values('2000-01-01','R JOAO CARDOSO DOS SANTOS, 400','8770030');insert into contribuinte(id,  data_cadastro, nome_empresa, id_endereco, id_contato, valor_contribuicao)values(486,'27/11/1995','MARIA LUCIA NUNES DE ALMEIDA',currval('endereco_id_seq'), currval('contato_id_seq'),0.00);insert into historico_status_contribuinte(data_inicial_vigencia, status)values('2001-01-01','ATIVADO');insert into contribuinte_historico_status_contribuinte(id_contribuinte, id_historico_status_contribuinte)values(486,currval('historico_status_contribuinte_id_seq'));
insert into contato(ramal)values('214');insert into telefone(tipo, ddd, telefone, id_contato)values('RESIDENCIAL', '19', '2581000', currval('contato_id_seq'));insert into telefone(tipo, ddd, telefone, id_contato)values('COMERCIAL', '','0', currval('contato_id_seq'));insert into endereco (data_inicial_vigencia, endereco, cep)values('2000-01-01','R. 13 DE MAIO, 1161','13131600');insert into contribuinte(id,  data_cadastro, nome_empresa, id_endereco, id_contato, valor_contribuicao)values(487,'30/11/1995','JOSE ALVARO BELTRAMELLI',currval('endereco_id_seq'), currval('contato_id_seq'),20.00);insert into historico_status_contribuinte(data_inicial_vigencia, status)values('2001-01-01','ATIVADO');insert into contribuinte_historico_status_contribuinte(id_contribuinte, id_historico_status_contribuinte)values(487,currval('historico_status_contribuinte_id_seq'));
insert into contato(ramal)values('');insert into telefone(tipo, ddd, telefone, id_contato)values('RESIDENCIAL', '', '0', currval('contato_id_seq'));insert into telefone(tipo, ddd, telefone, id_contato)values('COMERCIAL', '','0', currval('contato_id_seq'));insert into endereco (data_inicial_vigencia, endereco, cep)values('2000-01-01','R ANTONIO MARIA BRANDAO, 738','13063071');insert into contribuinte(id,  data_cadastro, nome_empresa, id_endereco, id_contato, valor_contribuicao)values(488,'30/11/1995','ANTONIO JOSE DE ALENCAR RODRIGUES',currval('endereco_id_seq'), currval('contato_id_seq'),0.00);insert into historico_status_contribuinte(data_inicial_vigencia, status)values('2001-01-01','ATIVADO');insert into contribuinte_historico_status_contribuinte(id_contribuinte, id_historico_status_contribuinte)values(488,currval('historico_status_contribuinte_id_seq'));
insert into contato(ramal)values('');insert into telefone(tipo, ddd, telefone, id_contato)values('RESIDENCIAL', '19', '2581000', currval('contato_id_seq'));insert into telefone(tipo, ddd, telefone, id_contato)values('COMERCIAL', '','0', currval('contato_id_seq'));insert into endereco (data_inicial_vigencia, endereco, cep)values('2000-01-01','R. 13 DE MAIO, 1161','13131590');insert into contribuinte(id,  data_cadastro, nome_empresa, id_endereco, id_contato, valor_contribuicao)values(489,'30/11/1995','SHIGUEO UCHIYAMA',currval('endereco_id_seq'), currval('contato_id_seq'),10.00);insert into historico_status_contribuinte(data_inicial_vigencia, status)values('2001-01-01','ATIVADO');insert into contribuinte_historico_status_contribuinte(id_contribuinte, id_historico_status_contribuinte)values(489,currval('historico_status_contribuinte_id_seq'));
insert into contato(ramal)values('');insert into telefone(tipo, ddd, telefone, id_contato)values('RESIDENCIAL', '', '64616194', currval('contato_id_seq'));insert into telefone(tipo, ddd, telefone, id_contato)values('COMERCIAL', '','0', currval('contato_id_seq'));insert into endereco (data_inicial_vigencia, endereco, cep)values('2000-01-01','RODOVIA PRES. DUTRA, KM 222,2','7034904');insert into contribuinte(id,  data_cadastro, nome_empresa, id_endereco, id_contato, valor_contribuicao)values(490,'30/11/1995','LUZIMAR DE CARVALHO PINTO -CONTR.QUALIDA',currval('endereco_id_seq'), currval('contato_id_seq'),0.00);insert into historico_status_contribuinte(data_inicial_vigencia, status)values('2001-01-01','ATIVADO');insert into contribuinte_historico_status_contribuinte(id_contribuinte, id_historico_status_contribuinte)values(490,currval('historico_status_contribuinte_id_seq'));
insert into contato(ramal)values('');insert into telefone(tipo, ddd, telefone, id_contato)values('RESIDENCIAL', '', '0', currval('contato_id_seq'));insert into telefone(tipo, ddd, telefone, id_contato)values('COMERCIAL', '','0', currval('contato_id_seq'));insert into endereco (data_inicial_vigencia, endereco, cep)values('2000-01-01','R RUBI, 53','13088440');insert into contribuinte(id,  data_cadastro, nome_empresa, id_endereco, id_contato, valor_contribuicao)values(491,'30/11/1995','JOSE ROBERTO B. RIBEIRO',currval('endereco_id_seq'), currval('contato_id_seq'),0.00);insert into historico_status_contribuinte(data_inicial_vigencia, status)values('2001-01-01','ATIVADO');insert into contribuinte_historico_status_contribuinte(id_contribuinte, id_historico_status_contribuinte)values(491,currval('historico_status_contribuinte_id_seq'));
insert into contato(ramal)values('');insert into telefone(tipo, ddd, telefone, id_contato)values('RESIDENCIAL', '11', '47985905', currval('contato_id_seq'));insert into telefone(tipo, ddd, telefone, id_contato)values('COMERCIAL', '','0', currval('contato_id_seq'));insert into endereco (data_inicial_vigencia, endereco, cep)values('2000-01-01','RUA RANGEL PESTANA, 15 -AP.21 - CENTRO','8710240');insert into contribuinte(id,  data_cadastro, nome_empresa, id_endereco, id_contato, valor_contribuicao)values(493,'01/12/1995','FRANCISCO CLAUDIO TAVARES',currval('endereco_id_seq'), currval('contato_id_seq'),10.00);insert into historico_status_contribuinte(data_inicial_vigencia, status)values('2001-01-01','ATIVADO');insert into contribuinte_historico_status_contribuinte(id_contribuinte, id_historico_status_contribuinte)values(493,currval('historico_status_contribuinte_id_seq'));
insert into contato(ramal)values('');insert into telefone(tipo, ddd, telefone, id_contato)values('RESIDENCIAL', '11', '9412903', currval('contato_id_seq'));insert into telefone(tipo, ddd, telefone, id_contato)values('COMERCIAL', '','0', currval('contato_id_seq'));insert into endereco (data_inicial_vigencia, endereco, cep)values('2000-01-01','R. ANTONIO DE BARROS, 2637','3401001');insert into contribuinte(id,  data_cadastro, nome_empresa, id_endereco, id_contato, valor_contribuicao)values(495,'21/12/1995','CONCEICAO AP. SOARES',currval('endereco_id_seq'), currval('contato_id_seq'),0.00);insert into historico_status_contribuinte(data_inicial_vigencia, status)values('2001-01-01','ATIVADO');insert into contribuinte_historico_status_contribuinte(id_contribuinte, id_historico_status_contribuinte)values(495,currval('historico_status_contribuinte_id_seq'));
insert into contato(ramal)values('');insert into telefone(tipo, ddd, telefone, id_contato)values('RESIDENCIAL', '', '0', currval('contato_id_seq'));insert into telefone(tipo, ddd, telefone, id_contato)values('COMERCIAL', '','0', currval('contato_id_seq'));insert into endereco (data_inicial_vigencia, endereco, cep)values('2000-01-01','R. WLADIMIR HERZOG, 90 - APTO. 34-C','9760510');insert into contribuinte(id,  data_cadastro, nome_empresa, id_endereco, id_contato, valor_contribuicao)values(497,'30/01/1996','ELIANA GOMES',currval('endereco_id_seq'), currval('contato_id_seq'),0.00);insert into historico_status_contribuinte(data_inicial_vigencia, status)values('2001-01-01','ATIVADO');insert into contribuinte_historico_status_contribuinte(id_contribuinte, id_historico_status_contribuinte)values(497,currval('historico_status_contribuinte_id_seq'));
insert into contato(ramal)values('');insert into telefone(tipo, ddd, telefone, id_contato)values('RESIDENCIAL', '35', '7312141', currval('contato_id_seq'));insert into telefone(tipo, ddd, telefone, id_contato)values('COMERCIAL', '','0', currval('contato_id_seq'));insert into endereco (data_inicial_vigencia, endereco, cep)values('2000-01-01','R. JOAO FERNANDES LOBO, 175','37795000');insert into contribuinte(id,  data_cadastro, nome_empresa, id_endereco, id_contato, valor_contribuicao)values(500,'30/01/1996','ADRIANA PINTO',currval('endereco_id_seq'), currval('contato_id_seq'),0.00);insert into historico_status_contribuinte(data_inicial_vigencia, status)values('2001-01-01','ATIVADO');insert into contribuinte_historico_status_contribuinte(id_contribuinte, id_historico_status_contribuinte)values(500,currval('historico_status_contribuinte_id_seq'));
insert into contato(ramal)values('');insert into telefone(tipo, ddd, telefone, id_contato)values('RESIDENCIAL', '11', '712407', currval('contato_id_seq'));insert into telefone(tipo, ddd, telefone, id_contato)values('COMERCIAL', '','0', currval('contato_id_seq'));insert into endereco (data_inicial_vigencia, endereco, cep)values('2000-01-01','R JOAO PESSOA, 162','19400000');insert into contribuinte(id,  data_cadastro, nome_empresa, id_endereco, id_contato, valor_contribuicao)values(504,'30/01/1996','ANA MARIA MIGUEL',currval('endereco_id_seq'), currval('contato_id_seq'),0.00);insert into historico_status_contribuinte(data_inicial_vigencia, status)values('2001-01-01','ATIVADO');insert into contribuinte_historico_status_contribuinte(id_contribuinte, id_historico_status_contribuinte)values(504,currval('historico_status_contribuinte_id_seq'));
insert into contato(ramal)values('');insert into telefone(tipo, ddd, telefone, id_contato)values('RESIDENCIAL', '', '0', currval('contato_id_seq'));insert into telefone(tipo, ddd, telefone, id_contato)values('COMERCIAL', '','0', currval('contato_id_seq'));insert into endereco (data_inicial_vigencia, endereco, cep)values('2000-01-01','R. MARIO WHATELEY, 333','5083140');insert into contribuinte(id,  data_cadastro, nome_empresa, id_endereco, id_contato, valor_contribuicao)values(505,'30/01/1996','ANGELA MARIA MIYOKO FUKUSHIMA',currval('endereco_id_seq'), currval('contato_id_seq'),0.00);insert into historico_status_contribuinte(data_inicial_vigencia, status)values('2001-01-01','ATIVADO');insert into contribuinte_historico_status_contribuinte(id_contribuinte, id_historico_status_contribuinte)values(505,currval('historico_status_contribuinte_id_seq'));
insert into contato(ramal)values('');insert into telefone(tipo, ddd, telefone, id_contato)values('RESIDENCIAL', '11', '8727643', currval('contato_id_seq'));insert into telefone(tipo, ddd, telefone, id_contato)values('COMERCIAL', '','0', currval('contato_id_seq'));insert into endereco (data_inicial_vigencia, endereco, cep)values('2000-01-01','R ITAPICURU, 369 / 1601','5006000');insert into contribuinte(id,  data_cadastro, nome_empresa, id_endereco, id_contato, valor_contribuicao)values(507,'30/01/1996','ROSELY CORDON',currval('endereco_id_seq'), currval('contato_id_seq'),0.00);insert into historico_status_contribuinte(data_inicial_vigencia, status)values('2001-01-01','ATIVADO');insert into contribuinte_historico_status_contribuinte(id_contribuinte, id_historico_status_contribuinte)values(507,currval('historico_status_contribuinte_id_seq'));
insert into contato(ramal)values('');insert into telefone(tipo, ddd, telefone, id_contato)values('RESIDENCIAL', '', '0', currval('contato_id_seq'));insert into telefone(tipo, ddd, telefone, id_contato)values('COMERCIAL', '','0', currval('contato_id_seq'));insert into endereco (data_inicial_vigencia, endereco, cep)values('2000-01-01','R. PEDRO MARLINI, 289','14802190');insert into contribuinte(id,  data_cadastro, nome_empresa, id_endereco, id_contato, valor_contribuicao)values(509,'30/01/1996','SONIA PARECIDA AUTULLO RAMOS',currval('endereco_id_seq'), currval('contato_id_seq'),0.00);insert into historico_status_contribuinte(data_inicial_vigencia, status)values('2001-01-01','ATIVADO');insert into contribuinte_historico_status_contribuinte(id_contribuinte, id_historico_status_contribuinte)values(509,currval('historico_status_contribuinte_id_seq'));
insert into contato(ramal)values('');insert into telefone(tipo, ddd, telefone, id_contato)values('RESIDENCIAL', '11', '2771026', currval('contato_id_seq'));insert into telefone(tipo, ddd, telefone, id_contato)values('COMERCIAL', '','0', currval('contato_id_seq'));insert into endereco (data_inicial_vigencia, endereco, cep)values('2000-01-01','R. GAMA CERQUEIRA, 324','1539020');insert into contribuinte(id,  data_cadastro, nome_empresa, id_endereco, id_contato, valor_contribuicao)values(510,'30/01/1996','MARIA THEREZINHA B. DE MOURA',currval('endereco_id_seq'), currval('contato_id_seq'),0.00);insert into historico_status_contribuinte(data_inicial_vigencia, status)values('2001-01-01','ATIVADO');insert into contribuinte_historico_status_contribuinte(id_contribuinte, id_historico_status_contribuinte)values(510,currval('historico_status_contribuinte_id_seq'));
insert into contato(ramal)values('');insert into telefone(tipo, ddd, telefone, id_contato)values('RESIDENCIAL', '11', '2744918', currval('contato_id_seq'));insert into telefone(tipo, ddd, telefone, id_contato)values('COMERCIAL', '','0', currval('contato_id_seq'));insert into endereco (data_inicial_vigencia, endereco, cep)values('2000-01-01','R SALVADOR SIMOES, 35','4276000');insert into contribuinte(id,  data_cadastro, nome_empresa, id_endereco, id_contato, valor_contribuicao)values(516,'30/01/1996','SELMA G. O. S. MARQUES',currval('endereco_id_seq'), currval('contato_id_seq'),15.00);insert into historico_status_contribuinte(data_inicial_vigencia, status)values('2001-01-01','ATIVADO');insert into contribuinte_historico_status_contribuinte(id_contribuinte, id_historico_status_contribuinte)values(516,currval('historico_status_contribuinte_id_seq'));
insert into contato(ramal)values('');insert into telefone(tipo, ddd, telefone, id_contato)values('RESIDENCIAL', '14', '6561551', currval('contato_id_seq'));insert into telefone(tipo, ddd, telefone, id_contato)values('COMERCIAL', '','0', currval('contato_id_seq'));insert into endereco (data_inicial_vigencia, endereco, cep)values('2000-01-01','R.SEN.LACERDA FRANCO, 550','17360000');insert into contribuinte(id,  data_cadastro, nome_empresa, id_endereco, id_contato, valor_contribuicao)values(519,'30/01/1996','LUIS AUGUSTO PACHECO',currval('endereco_id_seq'), currval('contato_id_seq'),0.00);insert into historico_status_contribuinte(data_inicial_vigencia, status)values('2001-01-01','ATIVADO');insert into contribuinte_historico_status_contribuinte(id_contribuinte, id_historico_status_contribuinte)values(519,currval('historico_status_contribuinte_id_seq'));
insert into contato(ramal)values('');insert into telefone(tipo, ddd, telefone, id_contato)values('RESIDENCIAL', '94', '416480', currval('contato_id_seq'));insert into telefone(tipo, ddd, telefone, id_contato)values('COMERCIAL', '','0', currval('contato_id_seq'));insert into endereco (data_inicial_vigencia, endereco, cep)values('2000-01-01','R WALDEMAR BARBOSA, 46','13485106');insert into contribuinte(id,  data_cadastro, nome_empresa, id_endereco, id_contato, valor_contribuicao)values(520,'30/01/1996','MARCO ANTONIO SIMABULO',currval('endereco_id_seq'), currval('contato_id_seq'),0.00);insert into historico_status_contribuinte(data_inicial_vigencia, status)values('2001-01-01','ATIVADO');insert into contribuinte_historico_status_contribuinte(id_contribuinte, id_historico_status_contribuinte)values(520,currval('historico_status_contribuinte_id_seq'));
insert into contato(ramal)values('');insert into telefone(tipo, ddd, telefone, id_contato)values('RESIDENCIAL', '', '0', currval('contato_id_seq'));insert into telefone(tipo, ddd, telefone, id_contato)values('COMERCIAL', '','0', currval('contato_id_seq'));insert into endereco (data_inicial_vigencia, endereco, cep)values('2000-01-01','AV. DOS TEXTEIS, 1507','8490600');insert into contribuinte(id,  data_cadastro, nome_empresa, id_endereco, id_contato, valor_contribuicao)values(523,'30/01/1996','FRANCISCO DE PAULA SOUZA NETO',currval('endereco_id_seq'), currval('contato_id_seq'),0.00);insert into historico_status_contribuinte(data_inicial_vigencia, status)values('2001-01-01','ATIVADO');insert into contribuinte_historico_status_contribuinte(id_contribuinte, id_historico_status_contribuinte)values(523,currval('historico_status_contribuinte_id_seq'));
insert into contato(ramal)values('');insert into telefone(tipo, ddd, telefone, id_contato)values('RESIDENCIAL', '11', '2145866', currval('contato_id_seq'));insert into telefone(tipo, ddd, telefone, id_contato)values('COMERCIAL', '','0', currval('contato_id_seq'));insert into endereco (data_inicial_vigencia, endereco, cep)values('2000-01-01','AV IPIRANGA, 345 - 11 AND. CJ.1104','1046010');insert into contribuinte(id,  data_cadastro, nome_empresa, id_endereco, id_contato, valor_contribuicao)values(524,'30/01/1996','JOSE BEZERRA',currval('endereco_id_seq'), currval('contato_id_seq'),0.00);insert into historico_status_contribuinte(data_inicial_vigencia, status)values('2001-01-01','ATIVADO');insert into contribuinte_historico_status_contribuinte(id_contribuinte, id_historico_status_contribuinte)values(524,currval('historico_status_contribuinte_id_seq'));
insert into contato(ramal)values('');insert into telefone(tipo, ddd, telefone, id_contato)values('RESIDENCIAL', '11', '5751611', currval('contato_id_seq'));insert into telefone(tipo, ddd, telefone, id_contato)values('COMERCIAL', '','0', currval('contato_id_seq'));insert into endereco (data_inicial_vigencia, endereco, cep)values('2000-01-01','R. FRANCA PINTO, 756  /  132','4016003');insert into contribuinte(id,  data_cadastro, nome_empresa, id_endereco, id_contato, valor_contribuicao)values(526,'30/01/1996','MICHIYO ASO SAKATA',currval('endereco_id_seq'), currval('contato_id_seq'),0.00);insert into historico_status_contribuinte(data_inicial_vigencia, status)values('2001-01-01','ATIVADO');insert into contribuinte_historico_status_contribuinte(id_contribuinte, id_historico_status_contribuinte)values(526,currval('historico_status_contribuinte_id_seq'));
insert into contato(ramal)values('');insert into telefone(tipo, ddd, telefone, id_contato)values('RESIDENCIAL', '11', '2182245', currval('contato_id_seq'));insert into telefone(tipo, ddd, telefone, id_contato)values('COMERCIAL', '','0', currval('contato_id_seq'));insert into endereco (data_inicial_vigencia, endereco, cep)values('2000-01-01','R ITAPURA, 129        TATUAPE','3310000');insert into contribuinte(id,  data_cadastro, nome_empresa, id_endereco, id_contato, valor_contribuicao)values(530,'30/01/1996','JOSE MARIO NOGUEIRA JUNIOR',currval('endereco_id_seq'), currval('contato_id_seq'),0.00);insert into historico_status_contribuinte(data_inicial_vigencia, status)values('2001-01-01','ATIVADO');insert into contribuinte_historico_status_contribuinte(id_contribuinte, id_historico_status_contribuinte)values(530,currval('historico_status_contribuinte_id_seq'));
insert into contato(ramal)values('');insert into telefone(tipo, ddd, telefone, id_contato)values('RESIDENCIAL', '41', '2644979', currval('contato_id_seq'));insert into telefone(tipo, ddd, telefone, id_contato)values('COMERCIAL', '','0', currval('contato_id_seq'));insert into endereco (data_inicial_vigencia, endereco, cep)values('2000-01-01','R AMINTAS DE BARROS, 803','80060200');insert into contribuinte(id,  data_cadastro, nome_empresa, id_endereco, id_contato, valor_contribuicao)values(532,'30/01/1996','MARCO ANTONIO UBERTINI',currval('endereco_id_seq'), currval('contato_id_seq'),0.00);insert into historico_status_contribuinte(data_inicial_vigencia, status)values('2001-01-01','ATIVADO');insert into contribuinte_historico_status_contribuinte(id_contribuinte, id_historico_status_contribuinte)values(532,currval('historico_status_contribuinte_id_seq'));
insert into contato(ramal)values('');insert into telefone(tipo, ddd, telefone, id_contato)values('RESIDENCIAL', '11', '9158733', currval('contato_id_seq'));insert into telefone(tipo, ddd, telefone, id_contato)values('COMERCIAL', '','0', currval('contato_id_seq'));insert into endereco (data_inicial_vigencia, endereco, cep)values('2000-01-01','CEL. DIOGO, 653','1545000');insert into contribuinte(id,  data_cadastro, nome_empresa, id_endereco, id_contato, valor_contribuicao)values(534,'30/01/1996','PLINIO MORONI',currval('endereco_id_seq'), currval('contato_id_seq'),0.00);insert into historico_status_contribuinte(data_inicial_vigencia, status)values('2001-01-01','ATIVADO');insert into contribuinte_historico_status_contribuinte(id_contribuinte, id_historico_status_contribuinte)values(534,currval('historico_status_contribuinte_id_seq'));
insert into contato(ramal)values('');insert into telefone(tipo, ddd, telefone, id_contato)values('RESIDENCIAL', '91', '2263885', currval('contato_id_seq'));insert into telefone(tipo, ddd, telefone, id_contato)values('COMERCIAL', '','0', currval('contato_id_seq'));insert into endereco (data_inicial_vigencia, endereco, cep)values('2000-01-01','TRAV ANTONIO BAENA, 903  / 202-A','66090040');insert into contribuinte(id,  data_cadastro, nome_empresa, id_endereco, id_contato, valor_contribuicao)values(535,'30/01/1996','PAULO ROBERTO PINTO BENTES',currval('endereco_id_seq'), currval('contato_id_seq'),0.00);insert into historico_status_contribuinte(data_inicial_vigencia, status)values('2001-01-01','ATIVADO');insert into contribuinte_historico_status_contribuinte(id_contribuinte, id_historico_status_contribuinte)values(535,currval('historico_status_contribuinte_id_seq'));
insert into contato(ramal)values('');insert into telefone(tipo, ddd, telefone, id_contato)values('RESIDENCIAL', '11', '8257485', currval('contato_id_seq'));insert into telefone(tipo, ddd, telefone, id_contato)values('COMERCIAL', '','0', currval('contato_id_seq'));insert into endereco (data_inicial_vigencia, endereco, cep)values('2000-01-01','RUA ALAGOAS , 159 - APTO.112','1242001');insert into contribuinte(id,  data_cadastro, nome_empresa, id_endereco, id_contato, valor_contribuicao)values(539,'14/03/1996','MARCOS DE FRANCO',currval('endereco_id_seq'), currval('contato_id_seq'),0.00);insert into historico_status_contribuinte(data_inicial_vigencia, status)values('2001-01-01','ATIVADO');insert into contribuinte_historico_status_contribuinte(id_contribuinte, id_historico_status_contribuinte)values(539,currval('historico_status_contribuinte_id_seq'));
insert into contato(ramal)values('');insert into telefone(tipo, ddd, telefone, id_contato)values('RESIDENCIAL', '11', '2873478', currval('contato_id_seq'));insert into telefone(tipo, ddd, telefone, id_contato)values('COMERCIAL', '','0', currval('contato_id_seq'));insert into endereco (data_inicial_vigencia, endereco, cep)values('2000-01-01','R.ALAMEDA ITU,929 2ANDAR CERQUEIRA CESAR','1421003');insert into contribuinte(id,  data_cadastro, nome_empresa, id_endereco, id_contato, valor_contribuicao)values(540,'14/03/1996','TERESINHA AUAD DE CARVALHO',currval('endereco_id_seq'), currval('contato_id_seq'),50.00);insert into historico_status_contribuinte(data_inicial_vigencia, status)values('2001-01-01','ATIVADO');insert into contribuinte_historico_status_contribuinte(id_contribuinte, id_historico_status_contribuinte)values(540,currval('historico_status_contribuinte_id_seq'));
insert into contato(ramal)values('');insert into telefone(tipo, ddd, telefone, id_contato)values('RESIDENCIAL', '11', '2313407', currval('contato_id_seq'));insert into telefone(tipo, ddd, telefone, id_contato)values('COMERCIAL', '','0', currval('contato_id_seq'));insert into endereco (data_inicial_vigencia, endereco, cep)values('2000-01-01','R. SABARA, 47 - 12º ANDAR','1239011');insert into contribuinte(id,  data_cadastro, nome_empresa, id_endereco, id_contato, valor_contribuicao)values(541,'21/03/1996','VITO LABBATE',currval('endereco_id_seq'), currval('contato_id_seq'),0.00);insert into historico_status_contribuinte(data_inicial_vigencia, status)values('2001-01-01','ATIVADO');insert into contribuinte_historico_status_contribuinte(id_contribuinte, id_historico_status_contribuinte)values(541,currval('historico_status_contribuinte_id_seq'));
insert into contato(ramal)values('');insert into telefone(tipo, ddd, telefone, id_contato)values('RESIDENCIAL', '11', '5216871', currval('contato_id_seq'));insert into telefone(tipo, ddd, telefone, id_contato)values('COMERCIAL', '','0', currval('contato_id_seq'));insert into endereco (data_inicial_vigencia, endereco, cep)values('2000-01-01','R. AMERICO BRASILIENSE,2043 - CASA 6','4715004');insert into contribuinte(id,  data_cadastro, nome_empresa, id_endereco, id_contato, valor_contribuicao)values(543,'02/04/1996','SELMA DA SILVA AGUIAR',currval('endereco_id_seq'), currval('contato_id_seq'),0.00);insert into historico_status_contribuinte(data_inicial_vigencia, status)values('2001-01-01','ATIVADO');insert into contribuinte_historico_status_contribuinte(id_contribuinte, id_historico_status_contribuinte)values(543,currval('historico_status_contribuinte_id_seq'));
insert into contato(ramal)values('');insert into telefone(tipo, ddd, telefone, id_contato)values('RESIDENCIAL', '11', '30684737', currval('contato_id_seq'));insert into telefone(tipo, ddd, telefone, id_contato)values('COMERCIAL', '','0', currval('contato_id_seq'));insert into endereco (data_inicial_vigencia, endereco, cep)values('2000-01-01','R. MARQUES DE PARANAGUA, 50 - APTO. 82','1303050');insert into contribuinte(id,  data_cadastro, nome_empresa, id_endereco, id_contato, valor_contribuicao)values(544,'02/04/1996','PAULA BEIGUELMAN',currval('endereco_id_seq'), currval('contato_id_seq'),10.00);insert into historico_status_contribuinte(data_inicial_vigencia, status)values('2001-01-01','ATIVADO');insert into contribuinte_historico_status_contribuinte(id_contribuinte, id_historico_status_contribuinte)values(544,currval('historico_status_contribuinte_id_seq'));
insert into contato(ramal)values('');insert into telefone(tipo, ddd, telefone, id_contato)values('RESIDENCIAL', '62', '6741977', currval('contato_id_seq'));insert into telefone(tipo, ddd, telefone, id_contato)values('COMERCIAL', '','0', currval('contato_id_seq'));insert into endereco (data_inicial_vigencia, endereco, cep)values('2000-01-01','AV. 15 DE NOVEMBRO, 532','76200000');insert into contribuinte(id,  data_cadastro, nome_empresa, id_endereco, id_contato, valor_contribuicao)values(545,'15/04/1996','MARTA SATIE CARVALHO MAEDA',currval('endereco_id_seq'), currval('contato_id_seq'),0.00);insert into historico_status_contribuinte(data_inicial_vigencia, status)values('2001-01-01','ATIVADO');insert into contribuinte_historico_status_contribuinte(id_contribuinte, id_historico_status_contribuinte)values(545,currval('historico_status_contribuinte_id_seq'));
insert into contato(ramal)values('');insert into telefone(tipo, ddd, telefone, id_contato)values('RESIDENCIAL', '11', '9616000', currval('contato_id_seq'));insert into telefone(tipo, ddd, telefone, id_contato)values('COMERCIAL', '','0', currval('contato_id_seq'));insert into endereco (data_inicial_vigencia, endereco, cep)values('2000-01-01','ROD. PRESIDENTE DUTRA, KM 227','7034904');insert into contribuinte(id,  data_cadastro, nome_empresa, id_endereco, id_contato, valor_contribuicao)values(546,'24/04/1996','JORGE PEREIRA',currval('endereco_id_seq'), currval('contato_id_seq'),0.00);insert into historico_status_contribuinte(data_inicial_vigencia, status)values('2001-01-01','ATIVADO');insert into contribuinte_historico_status_contribuinte(id_contribuinte, id_historico_status_contribuinte)values(546,currval('historico_status_contribuinte_id_seq'));
insert into contato(ramal)values('');insert into telefone(tipo, ddd, telefone, id_contato)values('RESIDENCIAL', '', '0', currval('contato_id_seq'));insert into telefone(tipo, ddd, telefone, id_contato)values('COMERCIAL', '','0', currval('contato_id_seq'));insert into endereco (data_inicial_vigencia, endereco, cep)values('2000-01-01','R PADRE JOSE GARZOTTI, 63','4806000');insert into contribuinte(id,  data_cadastro, nome_empresa, id_endereco, id_contato, valor_contribuicao)values(551,'25/04/1996','LUIS CARLOS FRACAROLLI',currval('endereco_id_seq'), currval('contato_id_seq'),0.00);insert into historico_status_contribuinte(data_inicial_vigencia, status)values('2001-01-01','ATIVADO');insert into contribuinte_historico_status_contribuinte(id_contribuinte, id_historico_status_contribuinte)values(551,currval('historico_status_contribuinte_id_seq'));
insert into contato(ramal)values('');insert into telefone(tipo, ddd, telefone, id_contato)values('RESIDENCIAL', '11', '8725176', currval('contato_id_seq'));insert into telefone(tipo, ddd, telefone, id_contato)values('COMERCIAL', '','0', currval('contato_id_seq'));insert into endereco (data_inicial_vigencia, endereco, cep)values('2000-01-01','AV PROF. ALFONSO BOVERO, 318 - AP. 12','1254000');insert into contribuinte(id,  data_cadastro, nome_empresa, id_endereco, id_contato, valor_contribuicao)values(552,'29/04/1996','INGRID MARGOT HENTSCHEL',currval('endereco_id_seq'), currval('contato_id_seq'),0.00);insert into historico_status_contribuinte(data_inicial_vigencia, status)values('2001-01-01','ATIVADO');insert into contribuinte_historico_status_contribuinte(id_contribuinte, id_historico_status_contribuinte)values(552,currval('historico_status_contribuinte_id_seq'));
insert into contato(ramal)values('');insert into telefone(tipo, ddd, telefone, id_contato)values('RESIDENCIAL', '', '0', currval('contato_id_seq'));insert into telefone(tipo, ddd, telefone, id_contato)values('COMERCIAL', '','0', currval('contato_id_seq'));insert into endereco (data_inicial_vigencia, endereco, cep)values('2000-01-01','R JOSE BONIFACIO A.E SILVA,220-AP.52-5AN','13208240');insert into contribuinte(id,  data_cadastro, nome_empresa, id_endereco, id_contato, valor_contribuicao)values(553,'03/05/1996','HELENTA CODATO POLAMARTSCHUK',currval('endereco_id_seq'), currval('contato_id_seq'),0.00);insert into historico_status_contribuinte(data_inicial_vigencia, status)values('2001-01-01','ATIVADO');insert into contribuinte_historico_status_contribuinte(id_contribuinte, id_historico_status_contribuinte)values(553,currval('historico_status_contribuinte_id_seq'));
insert into contato(ramal)values('');insert into telefone(tipo, ddd, telefone, id_contato)values('RESIDENCIAL', '11', '2043068', currval('contato_id_seq'));insert into telefone(tipo, ddd, telefone, id_contato)values('COMERCIAL', '','0', currval('contato_id_seq'));insert into endereco (data_inicial_vigencia, endereco, cep)values('2000-01-01','R. FRANCISCO AUGUSTO, 55 - APTO. 92','2410130');insert into contribuinte(id,  data_cadastro, nome_empresa, id_endereco, id_contato, valor_contribuicao)values(555,'03/05/1996','EDMIR CAVALCANTI FRANCA',currval('endereco_id_seq'), currval('contato_id_seq'),0.00);insert into historico_status_contribuinte(data_inicial_vigencia, status)values('2001-01-01','ATIVADO');insert into contribuinte_historico_status_contribuinte(id_contribuinte, id_historico_status_contribuinte)values(555,currval('historico_status_contribuinte_id_seq'));
insert into contato(ramal)values('');insert into telefone(tipo, ddd, telefone, id_contato)values('RESIDENCIAL', '11', '8548905', currval('contato_id_seq'));insert into telefone(tipo, ddd, telefone, id_contato)values('COMERCIAL', '','0', currval('contato_id_seq'));insert into endereco (data_inicial_vigencia, endereco, cep)values('2000-01-01','R. PROF. ARAUJO COELHO, 235','5138000');insert into contribuinte(id,  data_cadastro, nome_empresa, id_endereco, id_contato, valor_contribuicao)values(558,'15/05/1996','HELIO WAGNER ALVARENGA',currval('endereco_id_seq'), currval('contato_id_seq'),0.00);insert into historico_status_contribuinte(data_inicial_vigencia, status)values('2001-01-01','ATIVADO');insert into contribuinte_historico_status_contribuinte(id_contribuinte, id_historico_status_contribuinte)values(558,currval('historico_status_contribuinte_id_seq'));
insert into contato(ramal)values('');insert into telefone(tipo, ddd, telefone, id_contato)values('RESIDENCIAL', '11', '8348425', currval('contato_id_seq'));insert into telefone(tipo, ddd, telefone, id_contato)values('COMERCIAL', '','0', currval('contato_id_seq'));insert into endereco (data_inicial_vigencia, endereco, cep)values('2000-01-01','R JOSE AMARO PECANHA, 494','5126150');insert into contribuinte(id,  data_cadastro, nome_empresa, id_endereco, id_contato, valor_contribuicao)values(560,'15/05/1996','SANDRA A. R. GARCIA',currval('endereco_id_seq'), currval('contato_id_seq'),0.00);insert into historico_status_contribuinte(data_inicial_vigencia, status)values('2001-01-01','ATIVADO');insert into contribuinte_historico_status_contribuinte(id_contribuinte, id_historico_status_contribuinte)values(560,currval('historico_status_contribuinte_id_seq'));
insert into contato(ramal)values('');insert into telefone(tipo, ddd, telefone, id_contato)values('RESIDENCIAL', '11', '2617139', currval('contato_id_seq'));insert into telefone(tipo, ddd, telefone, id_contato)values('COMERCIAL', '','0', currval('contato_id_seq'));insert into endereco (data_inicial_vigencia, endereco, cep)values('2000-01-01','AV. DIOGENES RIBEIRO LIMA,2811-AP. 52','5458002');insert into contribuinte(id,  data_cadastro, nome_empresa, id_endereco, id_contato, valor_contribuicao)values(562,'01/09/1996','SERGIO STERNBERG',currval('endereco_id_seq'), currval('contato_id_seq'),0.00);insert into historico_status_contribuinte(data_inicial_vigencia, status)values('2001-01-01','ATIVADO');insert into contribuinte_historico_status_contribuinte(id_contribuinte, id_historico_status_contribuinte)values(562,currval('historico_status_contribuinte_id_seq'));
insert into contato(ramal)values('');insert into telefone(tipo, ddd, telefone, id_contato)values('RESIDENCIAL', '11', '2205644', currval('contato_id_seq'));insert into telefone(tipo, ddd, telefone, id_contato)values('COMERCIAL', '','0', currval('contato_id_seq'));insert into endereco (data_inicial_vigencia, endereco, cep)values('2000-01-01','R. DONA VERIDIANA,205/213','1238010');insert into contribuinte(id,  data_cadastro, nome_empresa, id_endereco, id_contato, valor_contribuicao)values(563,'01/09/1996','V.THOME E CIA LTDA - CASA DAS FESTAS',currval('endereco_id_seq'), currval('contato_id_seq'),0.00);insert into historico_status_contribuinte(data_inicial_vigencia, status)values('2001-01-01','ATIVADO');insert into contribuinte_historico_status_contribuinte(id_contribuinte, id_historico_status_contribuinte)values(563,currval('historico_status_contribuinte_id_seq'));
insert into contato(ramal)values('');insert into telefone(tipo, ddd, telefone, id_contato)values('RESIDENCIAL', '11', '5703382', currval('contato_id_seq'));insert into telefone(tipo, ddd, telefone, id_contato)values('COMERCIAL', '','0', currval('contato_id_seq'));insert into endereco (data_inicial_vigencia, endereco, cep)values('2000-01-01','R FRANÇA PINTO, 183','4016031');insert into contribuinte(id,  data_cadastro, nome_empresa, id_endereco, id_contato, valor_contribuicao)values(564,'20/06/1996','SAN ENCADERNACOES PAPEL E ARTE',currval('endereco_id_seq'), currval('contato_id_seq'),0.00);insert into historico_status_contribuinte(data_inicial_vigencia, status)values('2001-01-01','ATIVADO');insert into contribuinte_historico_status_contribuinte(id_contribuinte, id_historico_status_contribuinte)values(564,currval('historico_status_contribuinte_id_seq'));
insert into contato(ramal)values('');insert into telefone(tipo, ddd, telefone, id_contato)values('RESIDENCIAL', '11', '2533388', currval('contato_id_seq'));insert into telefone(tipo, ddd, telefone, id_contato)values('COMERCIAL', '','0', currval('contato_id_seq'));insert into endereco (data_inicial_vigencia, endereco, cep)values('2000-01-01','R ANTONIO GONCALVES DA CRUZ, 60 AP. 53B','2950000');insert into contribuinte(id,  data_cadastro, nome_empresa, id_endereco, id_contato, valor_contribuicao)values(565,'01/07/1996','ISABEL DE LURDES LUCN DE MORAES',currval('endereco_id_seq'), currval('contato_id_seq'),0.00);insert into historico_status_contribuinte(data_inicial_vigencia, status)values('2001-01-01','ATIVADO');insert into contribuinte_historico_status_contribuinte(id_contribuinte, id_historico_status_contribuinte)values(565,currval('historico_status_contribuinte_id_seq'));
insert into contato(ramal)values('');insert into telefone(tipo, ddd, telefone, id_contato)values('RESIDENCIAL', '11', '2568211', currval('contato_id_seq'));insert into telefone(tipo, ddd, telefone, id_contato)values('COMERCIAL', '','0', currval('contato_id_seq'));insert into endereco (data_inicial_vigencia, endereco, cep)values('2000-01-01','R VISCONDE DE OURO PRETO, 72','1303060');insert into contribuinte(id,  data_cadastro, nome_empresa, id_endereco, id_contato, valor_contribuicao)values(566,'01/07/1996','MARCOS DE TOLEDO ARTIGAS NETO',currval('endereco_id_seq'), currval('contato_id_seq'),0.00);insert into historico_status_contribuinte(data_inicial_vigencia, status)values('2001-01-01','ATIVADO');insert into contribuinte_historico_status_contribuinte(id_contribuinte, id_historico_status_contribuinte)values(566,currval('historico_status_contribuinte_id_seq'));
insert into contato(ramal)values('');insert into telefone(tipo, ddd, telefone, id_contato)values('RESIDENCIAL', '11', '8448828', currval('contato_id_seq'));insert into telefone(tipo, ddd, telefone, id_contato)values('COMERCIAL', '','0', currval('contato_id_seq'));insert into endereco (data_inicial_vigencia, endereco, cep)values('2000-01-01','R. ANTONIO AGGIO, 267','5713420');insert into contribuinte(id,  data_cadastro, nome_empresa, id_endereco, id_contato, valor_contribuicao)values(567,'01/07/1996','SONIA REGINA MARTUCCI',currval('endereco_id_seq'), currval('contato_id_seq'),0.00);insert into historico_status_contribuinte(data_inicial_vigencia, status)values('2001-01-01','ATIVADO');insert into contribuinte_historico_status_contribuinte(id_contribuinte, id_historico_status_contribuinte)values(567,currval('historico_status_contribuinte_id_seq'));
insert into contato(ramal)values('');insert into telefone(tipo, ddd, telefone, id_contato)values('RESIDENCIAL', '11', '2821717', currval('contato_id_seq'));insert into telefone(tipo, ddd, telefone, id_contato)values('COMERCIAL', '','0', currval('contato_id_seq'));insert into endereco (data_inicial_vigencia, endereco, cep)values('2000-01-01','R. HADDOCK LOBO,1340 - APTO. 62','1414002');insert into contribuinte(id,  data_cadastro, nome_empresa, id_endereco, id_contato, valor_contribuicao)values(568,'01/07/1996','SILVIA FALNO',currval('endereco_id_seq'), currval('contato_id_seq'),0.00);insert into historico_status_contribuinte(data_inicial_vigencia, status)values('2001-01-01','ATIVADO');insert into contribuinte_historico_status_contribuinte(id_contribuinte, id_historico_status_contribuinte)values(568,currval('historico_status_contribuinte_id_seq'));
insert into contato(ramal)values('');insert into telefone(tipo, ddd, telefone, id_contato)values('RESIDENCIAL', '', '0', currval('contato_id_seq'));insert into telefone(tipo, ddd, telefone, id_contato)values('COMERCIAL', '','0', currval('contato_id_seq'));insert into endereco (data_inicial_vigencia, endereco, cep)values('2000-01-01','AL MINISTRO ROCHA DE AZEVEDO, 644','1410000');insert into contribuinte(id,  data_cadastro, nome_empresa, id_endereco, id_contato, valor_contribuicao)values(569,'01/07/1996','FATIMA ESTEVES PEIXOTO',currval('endereco_id_seq'), currval('contato_id_seq'),0.00);insert into historico_status_contribuinte(data_inicial_vigencia, status)values('2001-01-01','ATIVADO');insert into contribuinte_historico_status_contribuinte(id_contribuinte, id_historico_status_contribuinte)values(569,currval('historico_status_contribuinte_id_seq'));
insert into contato(ramal)values('');insert into telefone(tipo, ddd, telefone, id_contato)values('RESIDENCIAL', '11', '2222299', currval('contato_id_seq'));insert into telefone(tipo, ddd, telefone, id_contato)values('COMERCIAL', '','0', currval('contato_id_seq'));insert into endereco (data_inicial_vigencia, endereco, cep)values('2000-01-01','PRACA 14 BIS, 130 - APTO. 705','1312010');insert into contribuinte(id,  data_cadastro, nome_empresa, id_endereco, id_contato, valor_contribuicao)values(570,'01/07/1996','ELIZETE GOMES COSTA',currval('endereco_id_seq'), currval('contato_id_seq'),5.00);insert into historico_status_contribuinte(data_inicial_vigencia, status)values('2001-01-01','ATIVADO');insert into contribuinte_historico_status_contribuinte(id_contribuinte, id_historico_status_contribuinte)values(570,currval('historico_status_contribuinte_id_seq'));
insert into contato(ramal)values('');insert into telefone(tipo, ddd, telefone, id_contato)values('RESIDENCIAL', '11', '2842466', currval('contato_id_seq'));insert into telefone(tipo, ddd, telefone, id_contato)values('COMERCIAL', '','0', currval('contato_id_seq'));insert into endereco (data_inicial_vigencia, endereco, cep)values('2000-01-01','R. JOAO SANTANA, 129','5830270');insert into contribuinte(id,  data_cadastro, nome_empresa, id_endereco, id_contato, valor_contribuicao)values(571,'01/07/1996','EDVALDO CARDOSO DE B. FILHO',currval('endereco_id_seq'), currval('contato_id_seq'),0.00);insert into historico_status_contribuinte(data_inicial_vigencia, status)values('2001-01-01','ATIVADO');insert into contribuinte_historico_status_contribuinte(id_contribuinte, id_historico_status_contribuinte)values(571,currval('historico_status_contribuinte_id_seq'));
insert into contato(ramal)values('');insert into telefone(tipo, ddd, telefone, id_contato)values('RESIDENCIAL', '11', '6461', currval('contato_id_seq'));insert into telefone(tipo, ddd, telefone, id_contato)values('COMERCIAL', '','0', currval('contato_id_seq'));insert into endereco (data_inicial_vigencia, endereco, cep)values('2000-01-01','R. DES. RODRIGUES SETTE, 368','7094190');insert into contribuinte(id,  data_cadastro, nome_empresa, id_endereco, id_contato, valor_contribuicao)values(572,'01/07/1996','CECILIA THALER',currval('endereco_id_seq'), currval('contato_id_seq'),0.00);insert into historico_status_contribuinte(data_inicial_vigencia, status)values('2001-01-01','ATIVADO');insert into contribuinte_historico_status_contribuinte(id_contribuinte, id_historico_status_contribuinte)values(572,currval('historico_status_contribuinte_id_seq'));
insert into contato(ramal)values('');insert into telefone(tipo, ddd, telefone, id_contato)values('RESIDENCIAL', '94', '345160', currval('contato_id_seq'));insert into telefone(tipo, ddd, telefone, id_contato)values('COMERCIAL', '','0', currval('contato_id_seq'));insert into endereco (data_inicial_vigencia, endereco, cep)values('2000-01-01','AV DO CAFE, 799 - APTO. 111','13401090');insert into contribuinte(id,  data_cadastro, nome_empresa, id_endereco, id_contato, valor_contribuicao)values(573,'01/07/1996','JOAO TADEU FELIPE',currval('endereco_id_seq'), currval('contato_id_seq'),10.00);insert into historico_status_contribuinte(data_inicial_vigencia, status)values('2001-01-01','ATIVADO');insert into contribuinte_historico_status_contribuinte(id_contribuinte, id_historico_status_contribuinte)values(573,currval('historico_status_contribuinte_id_seq'));
insert into contato(ramal)values('');insert into telefone(tipo, ddd, telefone, id_contato)values('RESIDENCIAL', '', '0', currval('contato_id_seq'));insert into telefone(tipo, ddd, telefone, id_contato)values('COMERCIAL', '','0', currval('contato_id_seq'));insert into endereco (data_inicial_vigencia, endereco, cep)values('2000-01-01','R GABRIEL DE BOURBOM E BOURBOM,508','13300000');insert into contribuinte(id,  data_cadastro, nome_empresa, id_endereco, id_contato, valor_contribuicao)values(574,'01/07/1996','RAMONA TRINANES R. SALES',currval('endereco_id_seq'), currval('contato_id_seq'),0.00);insert into historico_status_contribuinte(data_inicial_vigencia, status)values('2001-01-01','ATIVADO');insert into contribuinte_historico_status_contribuinte(id_contribuinte, id_historico_status_contribuinte)values(574,currval('historico_status_contribuinte_id_seq'));
insert into contato(ramal)values('');insert into telefone(tipo, ddd, telefone, id_contato)values('RESIDENCIAL', '11', '8472381', currval('contato_id_seq'));insert into telefone(tipo, ddd, telefone, id_contato)values('COMERCIAL', '','0', currval('contato_id_seq'));insert into endereco (data_inicial_vigencia, endereco, cep)values('2000-01-01','R. HAMILTON DE ARAUJO, 134 PERUS','5207010');insert into contribuinte(id,  data_cadastro, nome_empresa, id_endereco, id_contato, valor_contribuicao)values(575,'01/07/1996','ALBERTO TRINANES REDONDO',currval('endereco_id_seq'), currval('contato_id_seq'),0.00);insert into historico_status_contribuinte(data_inicial_vigencia, status)values('2001-01-01','ATIVADO');insert into contribuinte_historico_status_contribuinte(id_contribuinte, id_historico_status_contribuinte)values(575,currval('historico_status_contribuinte_id_seq'));
insert into contato(ramal)values('');insert into telefone(tipo, ddd, telefone, id_contato)values('RESIDENCIAL', '11', '2641521', currval('contato_id_seq'));insert into telefone(tipo, ddd, telefone, id_contato)values('COMERCIAL', '','0', currval('contato_id_seq'));insert into endereco (data_inicial_vigencia, endereco, cep)values('2000-01-01','R. AGUA RASA, 156','3343010');insert into contribuinte(id,  data_cadastro, nome_empresa, id_endereco, id_contato, valor_contribuicao)values(576,'01/07/1996','JOSE MARCIO RODRIGUES',currval('endereco_id_seq'), currval('contato_id_seq'),0.00);insert into historico_status_contribuinte(data_inicial_vigencia, status)values('2001-01-01','ATIVADO');insert into contribuinte_historico_status_contribuinte(id_contribuinte, id_historico_status_contribuinte)values(576,currval('historico_status_contribuinte_id_seq'));
insert into contato(ramal)values('');insert into telefone(tipo, ddd, telefone, id_contato)values('RESIDENCIAL', '', '0', currval('contato_id_seq'));insert into telefone(tipo, ddd, telefone, id_contato)values('COMERCIAL', '','0', currval('contato_id_seq'));insert into endereco (data_inicial_vigencia, endereco, cep)values('2000-01-01','AV. RICARDO MEDINA FILHO, 81','5097100');insert into contribuinte(id,  data_cadastro, nome_empresa, id_endereco, id_contato, valor_contribuicao)values(577,'02/07/1996','AUGUSTO MARTINS FILHO',currval('endereco_id_seq'), currval('contato_id_seq'),0.00);insert into historico_status_contribuinte(data_inicial_vigencia, status)values('2001-01-01','ATIVADO');insert into contribuinte_historico_status_contribuinte(id_contribuinte, id_historico_status_contribuinte)values(577,currval('historico_status_contribuinte_id_seq'));
insert into contato(ramal)values('');insert into telefone(tipo, ddd, telefone, id_contato)values('RESIDENCIAL', '11', '9407099', currval('contato_id_seq'));insert into telefone(tipo, ddd, telefone, id_contato)values('COMERCIAL', '','0', currval('contato_id_seq'));insert into endereco (data_inicial_vigencia, endereco, cep)values('2000-01-01','AV PAULO FACCINI, 1112','7111000');insert into contribuinte(id,  data_cadastro, nome_empresa, id_endereco, id_contato, valor_contribuicao)values(578,'15/07/1996','ANDREA ALVES PALMEIRA',currval('endereco_id_seq'), currval('contato_id_seq'),0.00);insert into historico_status_contribuinte(data_inicial_vigencia, status)values('2001-01-01','ATIVADO');insert into contribuinte_historico_status_contribuinte(id_contribuinte, id_historico_status_contribuinte)values(578,currval('historico_status_contribuinte_id_seq'));
insert into contato(ramal)values('');insert into telefone(tipo, ddd, telefone, id_contato)values('RESIDENCIAL', '11', '9407099', currval('contato_id_seq'));insert into telefone(tipo, ddd, telefone, id_contato)values('COMERCIAL', '','0', currval('contato_id_seq'));insert into endereco (data_inicial_vigencia, endereco, cep)values('2000-01-01','AV PAULO FACCINI, 1112','7111000');insert into contribuinte(id,  data_cadastro, nome_empresa, id_endereco, id_contato, valor_contribuicao)values(579,'15/07/1996','ADEMIR PIRES DE MORAES',currval('endereco_id_seq'), currval('contato_id_seq'),0.00);insert into historico_status_contribuinte(data_inicial_vigencia, status)values('2001-01-01','ATIVADO');insert into contribuinte_historico_status_contribuinte(id_contribuinte, id_historico_status_contribuinte)values(579,currval('historico_status_contribuinte_id_seq'));
insert into contato(ramal)values('');insert into telefone(tipo, ddd, telefone, id_contato)values('RESIDENCIAL', '11', '9407099', currval('contato_id_seq'));insert into telefone(tipo, ddd, telefone, id_contato)values('COMERCIAL', '','0', currval('contato_id_seq'));insert into endereco (data_inicial_vigencia, endereco, cep)values('2000-01-01','AV PAULO FACCINI, 1112','7111000');insert into contribuinte(id,  data_cadastro, nome_empresa, id_endereco, id_contato, valor_contribuicao)values(580,'15/07/1996','BARTIRA TEIXEIRA G. S. DE LIMA',currval('endereco_id_seq'), currval('contato_id_seq'),0.00);insert into historico_status_contribuinte(data_inicial_vigencia, status)values('2001-01-01','ATIVADO');insert into contribuinte_historico_status_contribuinte(id_contribuinte, id_historico_status_contribuinte)values(580,currval('historico_status_contribuinte_id_seq'));
insert into contato(ramal)values('');insert into telefone(tipo, ddd, telefone, id_contato)values('RESIDENCIAL', '11', '9407099', currval('contato_id_seq'));insert into telefone(tipo, ddd, telefone, id_contato)values('COMERCIAL', '','0', currval('contato_id_seq'));insert into endereco (data_inicial_vigencia, endereco, cep)values('2000-01-01','AV PAULO FACCINI, 1112','7011000');insert into contribuinte(id,  data_cadastro, nome_empresa, id_endereco, id_contato, valor_contribuicao)values(581,'15/07/1996','CASSIO AUGUSTO G. S. DE LIMA',currval('endereco_id_seq'), currval('contato_id_seq'),0.00);insert into historico_status_contribuinte(data_inicial_vigencia, status)values('2001-01-01','ATIVADO');insert into contribuinte_historico_status_contribuinte(id_contribuinte, id_historico_status_contribuinte)values(581,currval('historico_status_contribuinte_id_seq'));
insert into contato(ramal)values('');insert into telefone(tipo, ddd, telefone, id_contato)values('RESIDENCIAL', '11', '9407099', currval('contato_id_seq'));insert into telefone(tipo, ddd, telefone, id_contato)values('COMERCIAL', '','0', currval('contato_id_seq'));insert into endereco (data_inicial_vigencia, endereco, cep)values('2000-01-01','AV PAULO FACCINI, 1112','7111000');insert into contribuinte(id,  data_cadastro, nome_empresa, id_endereco, id_contato, valor_contribuicao)values(582,'15/07/1996','CLAUDIA BRANDAO',currval('endereco_id_seq'), currval('contato_id_seq'),0.00);insert into historico_status_contribuinte(data_inicial_vigencia, status)values('2001-01-01','ATIVADO');insert into contribuinte_historico_status_contribuinte(id_contribuinte, id_historico_status_contribuinte)values(582,currval('historico_status_contribuinte_id_seq'));
insert into contato(ramal)values('');insert into telefone(tipo, ddd, telefone, id_contato)values('RESIDENCIAL', '11', '9407099', currval('contato_id_seq'));insert into telefone(tipo, ddd, telefone, id_contato)values('COMERCIAL', '','0', currval('contato_id_seq'));insert into endereco (data_inicial_vigencia, endereco, cep)values('2000-01-01','AV PAULO FACCINI, 1112','7111000');insert into contribuinte(id,  data_cadastro, nome_empresa, id_endereco, id_contato, valor_contribuicao)values(583,'15/07/1996','EDUARDO TARANHA',currval('endereco_id_seq'), currval('contato_id_seq'),0.00);insert into historico_status_contribuinte(data_inicial_vigencia, status)values('2001-01-01','ATIVADO');insert into contribuinte_historico_status_contribuinte(id_contribuinte, id_historico_status_contribuinte)values(583,currval('historico_status_contribuinte_id_seq'));
insert into contato(ramal)values('');insert into telefone(tipo, ddd, telefone, id_contato)values('RESIDENCIAL', '11', '9407099', currval('contato_id_seq'));insert into telefone(tipo, ddd, telefone, id_contato)values('COMERCIAL', '','0', currval('contato_id_seq'));insert into endereco (data_inicial_vigencia, endereco, cep)values('2000-01-01','AV PAULO FACCINI, 1112','7111000');insert into contribuinte(id,  data_cadastro, nome_empresa, id_endereco, id_contato, valor_contribuicao)values(584,'15/07/1996','FRANCISCO CLAUDIO DE ANDRADE',currval('endereco_id_seq'), currval('contato_id_seq'),0.00);insert into historico_status_contribuinte(data_inicial_vigencia, status)values('2001-01-01','ATIVADO');insert into contribuinte_historico_status_contribuinte(id_contribuinte, id_historico_status_contribuinte)values(584,currval('historico_status_contribuinte_id_seq'));
insert into contato(ramal)values('');insert into telefone(tipo, ddd, telefone, id_contato)values('RESIDENCIAL', '11', '9407099', currval('contato_id_seq'));insert into telefone(tipo, ddd, telefone, id_contato)values('COMERCIAL', '','0', currval('contato_id_seq'));insert into endereco (data_inicial_vigencia, endereco, cep)values('2000-01-01','AV PAULO FACCINI, 1112','7110000');insert into contribuinte(id,  data_cadastro, nome_empresa, id_endereco, id_contato, valor_contribuicao)values(585,'15/07/1996','JOSE DARIO ESTEIREIRO',currval('endereco_id_seq'), currval('contato_id_seq'),0.00);insert into historico_status_contribuinte(data_inicial_vigencia, status)values('2001-01-01','ATIVADO');insert into contribuinte_historico_status_contribuinte(id_contribuinte, id_historico_status_contribuinte)values(585,currval('historico_status_contribuinte_id_seq'));
insert into contato(ramal)values('');insert into telefone(tipo, ddd, telefone, id_contato)values('RESIDENCIAL', '11', '9407099', currval('contato_id_seq'));insert into telefone(tipo, ddd, telefone, id_contato)values('COMERCIAL', '','0', currval('contato_id_seq'));insert into endereco (data_inicial_vigencia, endereco, cep)values('2000-01-01','AV PAULO FACCINI, 1112','7111000');insert into contribuinte(id,  data_cadastro, nome_empresa, id_endereco, id_contato, valor_contribuicao)values(586,'15/07/1996','LUIZ CARLOS DA SILVA CUNHA',currval('endereco_id_seq'), currval('contato_id_seq'),0.00);insert into historico_status_contribuinte(data_inicial_vigencia, status)values('2001-01-01','ATIVADO');insert into contribuinte_historico_status_contribuinte(id_contribuinte, id_historico_status_contribuinte)values(586,currval('historico_status_contribuinte_id_seq'));
insert into contato(ramal)values('');insert into telefone(tipo, ddd, telefone, id_contato)values('RESIDENCIAL', '11', '9407099', currval('contato_id_seq'));insert into telefone(tipo, ddd, telefone, id_contato)values('COMERCIAL', '','0', currval('contato_id_seq'));insert into endereco (data_inicial_vigencia, endereco, cep)values('2000-01-01','AV PAULO FACCINI, 1112','7111000');insert into contribuinte(id,  data_cadastro, nome_empresa, id_endereco, id_contato, valor_contribuicao)values(587,'15/07/1996','LUIS CARLOS GOMES FRANCO',currval('endereco_id_seq'), currval('contato_id_seq'),0.00);insert into historico_status_contribuinte(data_inicial_vigencia, status)values('2001-01-01','ATIVADO');insert into contribuinte_historico_status_contribuinte(id_contribuinte, id_historico_status_contribuinte)values(587,currval('historico_status_contribuinte_id_seq'));
insert into contato(ramal)values('');insert into telefone(tipo, ddd, telefone, id_contato)values('RESIDENCIAL', '11', '9407099', currval('contato_id_seq'));insert into telefone(tipo, ddd, telefone, id_contato)values('COMERCIAL', '','0', currval('contato_id_seq'));insert into endereco (data_inicial_vigencia, endereco, cep)values('2000-01-01','AV PAULO FACCINI, 1112','7111000');insert into contribuinte(id,  data_cadastro, nome_empresa, id_endereco, id_contato, valor_contribuicao)values(588,'15/07/1996','MARCOS ANTONIO MENEZES FREITAS',currval('endereco_id_seq'), currval('contato_id_seq'),0.00);insert into historico_status_contribuinte(data_inicial_vigencia, status)values('2001-01-01','ATIVADO');insert into contribuinte_historico_status_contribuinte(id_contribuinte, id_historico_status_contribuinte)values(588,currval('historico_status_contribuinte_id_seq'));
insert into contato(ramal)values('');insert into telefone(tipo, ddd, telefone, id_contato)values('RESIDENCIAL', '11', '64407099', currval('contato_id_seq'));insert into telefone(tipo, ddd, telefone, id_contato)values('COMERCIAL', '','0', currval('contato_id_seq'));insert into endereco (data_inicial_vigencia, endereco, cep)values('2000-01-01','AV. PAULO FACCINI, 1112','7111000');insert into contribuinte(id,  data_cadastro, nome_empresa, id_endereco, id_contato, valor_contribuicao)values(589,'15/07/1996','MARILDA FATIMA DE S M. SHOYAMA',currval('endereco_id_seq'), currval('contato_id_seq'),0.00);insert into historico_status_contribuinte(data_inicial_vigencia, status)values('2001-01-01','ATIVADO');insert into contribuinte_historico_status_contribuinte(id_contribuinte, id_historico_status_contribuinte)values(589,currval('historico_status_contribuinte_id_seq'));
insert into contato(ramal)values('');insert into telefone(tipo, ddd, telefone, id_contato)values('RESIDENCIAL', '11', '9407099', currval('contato_id_seq'));insert into telefone(tipo, ddd, telefone, id_contato)values('COMERCIAL', '','0', currval('contato_id_seq'));insert into endereco (data_inicial_vigencia, endereco, cep)values('2000-01-01','AV PAULO FACCINI, 1112','7111000');insert into contribuinte(id,  data_cadastro, nome_empresa, id_endereco, id_contato, valor_contribuicao)values(590,'15/07/1996','MARISA SIMIAO',currval('endereco_id_seq'), currval('contato_id_seq'),0.00);insert into historico_status_contribuinte(data_inicial_vigencia, status)values('2001-01-01','ATIVADO');insert into contribuinte_historico_status_contribuinte(id_contribuinte, id_historico_status_contribuinte)values(590,currval('historico_status_contribuinte_id_seq'));
insert into contato(ramal)values('');insert into telefone(tipo, ddd, telefone, id_contato)values('RESIDENCIAL', '11', '9407099', currval('contato_id_seq'));insert into telefone(tipo, ddd, telefone, id_contato)values('COMERCIAL', '','0', currval('contato_id_seq'));insert into endereco (data_inicial_vigencia, endereco, cep)values('2000-01-01','AV PAULO FACCINI, 1112','7111000');insert into contribuinte(id,  data_cadastro, nome_empresa, id_endereco, id_contato, valor_contribuicao)values(591,'15/07/1996','ORNELLA CAIAZZO FERNANDES',currval('endereco_id_seq'), currval('contato_id_seq'),0.00);insert into historico_status_contribuinte(data_inicial_vigencia, status)values('2001-01-01','ATIVADO');insert into contribuinte_historico_status_contribuinte(id_contribuinte, id_historico_status_contribuinte)values(591,currval('historico_status_contribuinte_id_seq'));
insert into contato(ramal)values('');insert into telefone(tipo, ddd, telefone, id_contato)values('RESIDENCIAL', '11', '9407099', currval('contato_id_seq'));insert into telefone(tipo, ddd, telefone, id_contato)values('COMERCIAL', '','0', currval('contato_id_seq'));insert into endereco (data_inicial_vigencia, endereco, cep)values('2000-01-01','AV. PAULO FACCINI, 1112','7111000');insert into contribuinte(id,  data_cadastro, nome_empresa, id_endereco, id_contato, valor_contribuicao)values(592,'15/07/1996','REBECA MARGHERITO PAES DE ALMEIDA',currval('endereco_id_seq'), currval('contato_id_seq'),0.00);insert into historico_status_contribuinte(data_inicial_vigencia, status)values('2001-01-01','ATIVADO');insert into contribuinte_historico_status_contribuinte(id_contribuinte, id_historico_status_contribuinte)values(592,currval('historico_status_contribuinte_id_seq'));
insert into contato(ramal)values('');insert into telefone(tipo, ddd, telefone, id_contato)values('RESIDENCIAL', '11', '9407099', currval('contato_id_seq'));insert into telefone(tipo, ddd, telefone, id_contato)values('COMERCIAL', '','0', currval('contato_id_seq'));insert into endereco (data_inicial_vigencia, endereco, cep)values('2000-01-01','AV. PAULO FACCINI, 1112','7111000');insert into contribuinte(id,  data_cadastro, nome_empresa, id_endereco, id_contato, valor_contribuicao)values(593,'15/07/1996','VANIA ROSAURA FISCO RAMOS',currval('endereco_id_seq'), currval('contato_id_seq'),0.00);insert into historico_status_contribuinte(data_inicial_vigencia, status)values('2001-01-01','ATIVADO');insert into contribuinte_historico_status_contribuinte(id_contribuinte, id_historico_status_contribuinte)values(593,currval('historico_status_contribuinte_id_seq'));
insert into contato(ramal)values('');insert into telefone(tipo, ddd, telefone, id_contato)values('RESIDENCIAL', '11', '8207000', currval('contato_id_seq'));insert into telefone(tipo, ddd, telefone, id_contato)values('COMERCIAL', '','0', currval('contato_id_seq'));insert into endereco (data_inicial_vigencia, endereco, cep)values('2000-01-01','R. DNA. RACHEL SCHEIN, 104','4826300');insert into contribuinte(id,  data_cadastro, nome_empresa, id_endereco, id_contato, valor_contribuicao)values(594,'15/07/1996','MARIA CRISTINA DOS SANTOS LANA',currval('endereco_id_seq'), currval('contato_id_seq'),10.00);insert into historico_status_contribuinte(data_inicial_vigencia, status)values('2001-01-01','ATIVADO');insert into contribuinte_historico_status_contribuinte(id_contribuinte, id_historico_status_contribuinte)values(594,currval('historico_status_contribuinte_id_seq'));
insert into contato(ramal)values('');insert into telefone(tipo, ddd, telefone, id_contato)values('RESIDENCIAL', '', '0', currval('contato_id_seq'));insert into telefone(tipo, ddd, telefone, id_contato)values('COMERCIAL', '','0', currval('contato_id_seq'));insert into endereco (data_inicial_vigencia, endereco, cep)values('2000-01-01','R MIGUEL AUZA, 312','5798270');insert into contribuinte(id,  data_cadastro, nome_empresa, id_endereco, id_contato, valor_contribuicao)values(595,'15/07/1996','RENATO MOURA BRASIL',currval('endereco_id_seq'), currval('contato_id_seq'),0.00);insert into historico_status_contribuinte(data_inicial_vigencia, status)values('2001-01-01','ATIVADO');insert into contribuinte_historico_status_contribuinte(id_contribuinte, id_historico_status_contribuinte)values(595,currval('historico_status_contribuinte_id_seq'));
insert into contato(ramal)values('');insert into telefone(tipo, ddd, telefone, id_contato)values('RESIDENCIAL', '11', '2603281', currval('contato_id_seq'));insert into telefone(tipo, ddd, telefone, id_contato)values('COMERCIAL', '','0', currval('contato_id_seq'));insert into endereco (data_inicial_vigencia, endereco, cep)values('2000-01-01','R PIO XI, 1.185 - ALTO LAPA','5060001');insert into contribuinte(id,  data_cadastro, nome_empresa, id_endereco, id_contato, valor_contribuicao)values(596,'22/07/1996','MAGIC WORLD BUFFET',currval('endereco_id_seq'), currval('contato_id_seq'),0.00);insert into historico_status_contribuinte(data_inicial_vigencia, status)values('2001-01-01','ATIVADO');insert into contribuinte_historico_status_contribuinte(id_contribuinte, id_historico_status_contribuinte)values(596,currval('historico_status_contribuinte_id_seq'));
insert into contato(ramal)values('');insert into telefone(tipo, ddd, telefone, id_contato)values('RESIDENCIAL', '', '0', currval('contato_id_seq'));insert into telefone(tipo, ddd, telefone, id_contato)values('COMERCIAL', '','0', currval('contato_id_seq'));insert into endereco (data_inicial_vigencia, endereco, cep)values('2000-01-01','R MINISTRO GASTAO MESQUITA,515 - 53','5012010');insert into contribuinte(id,  data_cadastro, nome_empresa, id_endereco, id_contato, valor_contribuicao)values(597,'30/07/1996','DARCIO ESTEVES',currval('endereco_id_seq'), currval('contato_id_seq'),0.00);insert into historico_status_contribuinte(data_inicial_vigencia, status)values('2001-01-01','ATIVADO');insert into contribuinte_historico_status_contribuinte(id_contribuinte, id_historico_status_contribuinte)values(597,currval('historico_status_contribuinte_id_seq'));
insert into contato(ramal)values('');insert into telefone(tipo, ddd, telefone, id_contato)values('RESIDENCIAL', '11', '2874103', currval('contato_id_seq'));insert into telefone(tipo, ddd, telefone, id_contato)values('COMERCIAL', '','0', currval('contato_id_seq'));insert into endereco (data_inicial_vigencia, endereco, cep)values('2000-01-01','AV PAULISTA, 326 - 6 ANDAR  CJ.68','1310902');insert into contribuinte(id,  data_cadastro, nome_empresa, id_endereco, id_contato, valor_contribuicao)values(598,'01/08/1996','WALTER LUIZ TEIXEIRA',currval('endereco_id_seq'), currval('contato_id_seq'),100.00);insert into historico_status_contribuinte(data_inicial_vigencia, status)values('2001-01-01','ATIVADO');insert into contribuinte_historico_status_contribuinte(id_contribuinte, id_historico_status_contribuinte)values(598,currval('historico_status_contribuinte_id_seq'));
insert into contato(ramal)values('');insert into telefone(tipo, ddd, telefone, id_contato)values('RESIDENCIAL', '11', '2874103', currval('contato_id_seq'));insert into telefone(tipo, ddd, telefone, id_contato)values('COMERCIAL', '','0', currval('contato_id_seq'));insert into endereco (data_inicial_vigencia, endereco, cep)values('2000-01-01','AV PAULISTA, 326 - 6 ANDAR','1310902');insert into contribuinte(id,  data_cadastro, nome_empresa, id_endereco, id_contato, valor_contribuicao)values(599,'01/08/1996','MIGUEL HETEL SOBRINHO',currval('endereco_id_seq'), currval('contato_id_seq'),0.00);insert into historico_status_contribuinte(data_inicial_vigencia, status)values('2001-01-01','ATIVADO');insert into contribuinte_historico_status_contribuinte(id_contribuinte, id_historico_status_contribuinte)values(599,currval('historico_status_contribuinte_id_seq'));
insert into contato(ramal)values('');insert into telefone(tipo, ddd, telefone, id_contato)values('RESIDENCIAL', '11', '2874103', currval('contato_id_seq'));insert into telefone(tipo, ddd, telefone, id_contato)values('COMERCIAL', '','0', currval('contato_id_seq'));insert into endereco (data_inicial_vigencia, endereco, cep)values('2000-01-01','AV PAULISTA, 326 - 6 ANDAR','1310902');insert into contribuinte(id,  data_cadastro, nome_empresa, id_endereco, id_contato, valor_contribuicao)values(600,'01/08/1996','MAGALI GOMES TEIXEIRA',currval('endereco_id_seq'), currval('contato_id_seq'),0.00);insert into historico_status_contribuinte(data_inicial_vigencia, status)values('2001-01-01','ATIVADO');insert into contribuinte_historico_status_contribuinte(id_contribuinte, id_historico_status_contribuinte)values(600,currval('historico_status_contribuinte_id_seq'));
insert into contato(ramal)values('');insert into telefone(tipo, ddd, telefone, id_contato)values('RESIDENCIAL', '94', '418726', currval('contato_id_seq'));insert into telefone(tipo, ddd, telefone, id_contato)values('COMERCIAL', '','0', currval('contato_id_seq'));insert into endereco (data_inicial_vigencia, endereco, cep)values('2000-01-01','R. VISCONDE DO RIO BRANCO, 191/132','13480100');insert into contribuinte(id,  data_cadastro, nome_empresa, id_endereco, id_contato, valor_contribuicao)values(601,'01/08/1996','MONICA BELTRAME FORJAZ',currval('endereco_id_seq'), currval('contato_id_seq'),0.00);insert into historico_status_contribuinte(data_inicial_vigencia, status)values('2001-01-01','ATIVADO');insert into contribuinte_historico_status_contribuinte(id_contribuinte, id_historico_status_contribuinte)values(601,currval('historico_status_contribuinte_id_seq'));
insert into contato(ramal)values('');insert into telefone(tipo, ddd, telefone, id_contato)values('RESIDENCIAL', '', '0', currval('contato_id_seq'));insert into telefone(tipo, ddd, telefone, id_contato)values('COMERCIAL', '','0', currval('contato_id_seq'));insert into endereco (data_inicial_vigencia, endereco, cep)values('2000-01-01','R. ARMONIA, 457 - APTO. 41','5435000');insert into contribuinte(id,  data_cadastro, nome_empresa, id_endereco, id_contato, valor_contribuicao)values(602,'20/08/1996','ISIDORO VILLIBOR',currval('endereco_id_seq'), currval('contato_id_seq'),0.00);insert into historico_status_contribuinte(data_inicial_vigencia, status)values('2001-01-01','ATIVADO');insert into contribuinte_historico_status_contribuinte(id_contribuinte, id_historico_status_contribuinte)values(602,currval('historico_status_contribuinte_id_seq'));
insert into contato(ramal)values('');insert into telefone(tipo, ddd, telefone, id_contato)values('RESIDENCIAL', '11', '30212395', currval('contato_id_seq'));insert into telefone(tipo, ddd, telefone, id_contato)values('COMERCIAL', '','0', currval('contato_id_seq'));insert into endereco (data_inicial_vigencia, endereco, cep)values('2000-01-01','R.CERRO CORá, 803 APTO 93 ALTO DA LAPA','5061150');insert into contribuinte(id,  data_cadastro, nome_empresa, id_endereco, id_contato, valor_contribuicao)values(603,'21/08/1996','ELIZABETH THOME',currval('endereco_id_seq'), currval('contato_id_seq'),50.00);insert into historico_status_contribuinte(data_inicial_vigencia, status)values('2001-01-01','ATIVADO');insert into contribuinte_historico_status_contribuinte(id_contribuinte, id_historico_status_contribuinte)values(603,currval('historico_status_contribuinte_id_seq'));
insert into contato(ramal)values('');insert into telefone(tipo, ddd, telefone, id_contato)values('RESIDENCIAL', '11', '9416981', currval('contato_id_seq'));insert into telefone(tipo, ddd, telefone, id_contato)values('COMERCIAL', '','0', currval('contato_id_seq'));insert into endereco (data_inicial_vigencia, endereco, cep)values('2000-01-01','R. MARECHAL BARBACENA,1130 - APTO. 171','3333000');insert into contribuinte(id,  data_cadastro, nome_empresa, id_endereco, id_contato, valor_contribuicao)values(604,'10/09/1996','ARMANDO HENRIQUES M. DE OLIVEIRA',currval('endereco_id_seq'), currval('contato_id_seq'),0.00);insert into historico_status_contribuinte(data_inicial_vigencia, status)values('2001-01-01','ATIVADO');insert into contribuinte_historico_status_contribuinte(id_contribuinte, id_historico_status_contribuinte)values(604,currval('historico_status_contribuinte_id_seq'));
insert into contato(ramal)values('');insert into telefone(tipo, ddd, telefone, id_contato)values('RESIDENCIAL', '11', '8850796', currval('contato_id_seq'));insert into telefone(tipo, ddd, telefone, id_contato)values('COMERCIAL', '','0', currval('contato_id_seq'));insert into endereco (data_inicial_vigencia, endereco, cep)values('2000-01-01','R. MANOEL DA NOBREGA, 572 - APTO. 72','4001002');insert into contribuinte(id,  data_cadastro, nome_empresa, id_endereco, id_contato, valor_contribuicao)values(605,'10/09/1996','ROSA LABATE DE DONATO',currval('endereco_id_seq'), currval('contato_id_seq'),10.00);insert into historico_status_contribuinte(data_inicial_vigencia, status)values('2001-01-01','ATIVADO');insert into contribuinte_historico_status_contribuinte(id_contribuinte, id_historico_status_contribuinte)values(605,currval('historico_status_contribuinte_id_seq'));
insert into contato(ramal)values('');insert into telefone(tipo, ddd, telefone, id_contato)values('RESIDENCIAL', '11', '2626133', currval('contato_id_seq'));insert into telefone(tipo, ddd, telefone, id_contato)values('COMERCIAL', '','0', currval('contato_id_seq'));insert into endereco (data_inicial_vigencia, endereco, cep)values('2000-01-01','R. EUCLIDES DE ANDRADE, 21','5030030');insert into contribuinte(id,  data_cadastro, nome_empresa, id_endereco, id_contato, valor_contribuicao)values(606,'10/09/1996','BEATRIZ CASTELLO SAVIOLI',currval('endereco_id_seq'), currval('contato_id_seq'),30.00);insert into historico_status_contribuinte(data_inicial_vigencia, status)values('2001-01-01','ATIVADO');insert into contribuinte_historico_status_contribuinte(id_contribuinte, id_historico_status_contribuinte)values(606,currval('historico_status_contribuinte_id_seq'));
insert into contato(ramal)values('');insert into telefone(tipo, ddd, telefone, id_contato)values('RESIDENCIAL', '11', '50415472', currval('contato_id_seq'));insert into telefone(tipo, ddd, telefone, id_contato)values('COMERCIAL', '','0', currval('contato_id_seq'));insert into endereco (data_inicial_vigencia, endereco, cep)values('2000-01-01','AV PORTUGAL, 277 APTO.144 - BROOKLIN','4559000');insert into contribuinte(id,  data_cadastro, nome_empresa, id_endereco, id_contato, valor_contribuicao)values(607,'18/09/1996','CARLOS ALBERTO LABBATE',currval('endereco_id_seq'), currval('contato_id_seq'),30.00);insert into historico_status_contribuinte(data_inicial_vigencia, status)values('2001-01-01','ATIVADO');insert into contribuinte_historico_status_contribuinte(id_contribuinte, id_historico_status_contribuinte)values(607,currval('historico_status_contribuinte_id_seq'));
insert into contato(ramal)values('');insert into telefone(tipo, ddd, telefone, id_contato)values('RESIDENCIAL', '11', '6938294', currval('contato_id_seq'));insert into telefone(tipo, ddd, telefone, id_contato)values('COMERCIAL', '','0', currval('contato_id_seq'));insert into endereco (data_inicial_vigencia, endereco, cep)values('2000-01-01','R DO HIPODROMO, 1498','3162020');insert into contribuinte(id,  data_cadastro, nome_empresa, id_endereco, id_contato, valor_contribuicao)values(608,'25/09/1996','JOSE REQUENA SANCHEZ',currval('endereco_id_seq'), currval('contato_id_seq'),0.00);insert into historico_status_contribuinte(data_inicial_vigencia, status)values('2001-01-01','ATIVADO');insert into contribuinte_historico_status_contribuinte(id_contribuinte, id_historico_status_contribuinte)values(608,currval('historico_status_contribuinte_id_seq'));
insert into contato(ramal)values('');insert into telefone(tipo, ddd, telefone, id_contato)values('RESIDENCIAL', '', '0', currval('contato_id_seq'));insert into telefone(tipo, ddd, telefone, id_contato)values('COMERCIAL', '','0', currval('contato_id_seq'));insert into endereco (data_inicial_vigencia, endereco, cep)values('2000-01-01','AV PROF CELESTINO BOURROUL,450','2710000');insert into contribuinte(id,  data_cadastro, nome_empresa, id_endereco, id_contato, valor_contribuicao)values(609,'07/10/1996','RUBENS ROBERTO DE CARVALHO',currval('endereco_id_seq'), currval('contato_id_seq'),0.00);insert into historico_status_contribuinte(data_inicial_vigencia, status)values('2001-01-01','ATIVADO');insert into contribuinte_historico_status_contribuinte(id_contribuinte, id_historico_status_contribuinte)values(609,currval('historico_status_contribuinte_id_seq'));
insert into contato(ramal)values('');insert into telefone(tipo, ddd, telefone, id_contato)values('RESIDENCIAL', '', '0', currval('contato_id_seq'));insert into telefone(tipo, ddd, telefone, id_contato)values('COMERCIAL', '','0', currval('contato_id_seq'));insert into endereco (data_inicial_vigencia, endereco, cep)values('2000-01-01','R. DESEMBARGADOR DO VALE, 81-AP. 62-A','5010040');insert into contribuinte(id,  data_cadastro, nome_empresa, id_endereco, id_contato, valor_contribuicao)values(610,'07/10/1996','ELIZABETH FRUGES FERREIRA',currval('endereco_id_seq'), currval('contato_id_seq'),0.00);insert into historico_status_contribuinte(data_inicial_vigencia, status)values('2001-01-01','ATIVADO');insert into contribuinte_historico_status_contribuinte(id_contribuinte, id_historico_status_contribuinte)values(610,currval('historico_status_contribuinte_id_seq'));
insert into contato(ramal)values('');insert into telefone(tipo, ddd, telefone, id_contato)values('RESIDENCIAL', '', '0', currval('contato_id_seq'));insert into telefone(tipo, ddd, telefone, id_contato)values('COMERCIAL', '','0', currval('contato_id_seq'));insert into endereco (data_inicial_vigencia, endereco, cep)values('2000-01-01','R. TUCUNA, 10 - APTO. 192','5031010');insert into contribuinte(id,  data_cadastro, nome_empresa, id_endereco, id_contato, valor_contribuicao)values(611,'07/10/1996','SILVANA SQUADRUS',currval('endereco_id_seq'), currval('contato_id_seq'),0.00);insert into historico_status_contribuinte(data_inicial_vigencia, status)values('2001-01-01','ATIVADO');insert into contribuinte_historico_status_contribuinte(id_contribuinte, id_historico_status_contribuinte)values(611,currval('historico_status_contribuinte_id_seq'));
insert into contato(ramal)values('');insert into telefone(tipo, ddd, telefone, id_contato)values('RESIDENCIAL', '11', '8727779', currval('contato_id_seq'));insert into telefone(tipo, ddd, telefone, id_contato)values('COMERCIAL', '','0', currval('contato_id_seq'));insert into endereco (data_inicial_vigencia, endereco, cep)values('2000-01-01','R APIACAS, 85','5017020');insert into contribuinte(id,  data_cadastro, nome_empresa, id_endereco, id_contato, valor_contribuicao)values(612,'07/10/1996','BASILIO ANTONIO GARCIA NOGUEIRA',currval('endereco_id_seq'), currval('contato_id_seq'),0.00);insert into historico_status_contribuinte(data_inicial_vigencia, status)values('2001-01-01','ATIVADO');insert into contribuinte_historico_status_contribuinte(id_contribuinte, id_historico_status_contribuinte)values(612,currval('historico_status_contribuinte_id_seq'));
insert into contato(ramal)values('');insert into telefone(tipo, ddd, telefone, id_contato)values('RESIDENCIAL', '11', '2620424', currval('contato_id_seq'));insert into telefone(tipo, ddd, telefone, id_contato)values('COMERCIAL', '','0', currval('contato_id_seq'));insert into endereco (data_inicial_vigencia, endereco, cep)values('2000-01-01','R TUCUNA, 10 - APTO. 101','5021010');insert into contribuinte(id,  data_cadastro, nome_empresa, id_endereco, id_contato, valor_contribuicao)values(613,'07/10/1996','CLEIDE MAZZETO',currval('endereco_id_seq'), currval('contato_id_seq'),20.00);insert into historico_status_contribuinte(data_inicial_vigencia, status)values('2001-01-01','ATIVADO');insert into contribuinte_historico_status_contribuinte(id_contribuinte, id_historico_status_contribuinte)values(613,currval('historico_status_contribuinte_id_seq'));
insert into contato(ramal)values('');insert into telefone(tipo, ddd, telefone, id_contato)values('RESIDENCIAL', '11', '38731662', currval('contato_id_seq'));insert into telefone(tipo, ddd, telefone, id_contato)values('COMERCIAL', '','0', currval('contato_id_seq'));insert into endereco (data_inicial_vigencia, endereco, cep)values('2000-01-01','R. PADRE CHICO, 246','5008010');insert into contribuinte(id,  data_cadastro, nome_empresa, id_endereco, id_contato, valor_contribuicao)values(614,'07/10/1996','VANDA CORTEZ',currval('endereco_id_seq'), currval('contato_id_seq'),0.00);insert into historico_status_contribuinte(data_inicial_vigencia, status)values('2001-01-01','ATIVADO');insert into contribuinte_historico_status_contribuinte(id_contribuinte, id_historico_status_contribuinte)values(614,currval('historico_status_contribuinte_id_seq'));
insert into contato(ramal)values('');insert into telefone(tipo, ddd, telefone, id_contato)values('RESIDENCIAL', '11', '2613920', currval('contato_id_seq'));insert into telefone(tipo, ddd, telefone, id_contato)values('COMERCIAL', '','0', currval('contato_id_seq'));insert into endereco (data_inicial_vigencia, endereco, cep)values('2000-01-01','R AFONSO SARDINHA, 66','5076000');insert into contribuinte(id,  data_cadastro, nome_empresa, id_endereco, id_contato, valor_contribuicao)values(615,'15/10/1996','ANTONIO ROBERTO DE LIMA',currval('endereco_id_seq'), currval('contato_id_seq'),50.00);insert into historico_status_contribuinte(data_inicial_vigencia, status)values('2001-01-01','ATIVADO');insert into contribuinte_historico_status_contribuinte(id_contribuinte, id_historico_status_contribuinte)values(615,currval('historico_status_contribuinte_id_seq'));
insert into contato(ramal)values('');insert into telefone(tipo, ddd, telefone, id_contato)values('RESIDENCIAL', '11', '675138', currval('contato_id_seq'));insert into telefone(tipo, ddd, telefone, id_contato)values('COMERCIAL', '','0', currval('contato_id_seq'));insert into endereco (data_inicial_vigencia, endereco, cep)values('2000-01-01','R. EDGAR EGIDIO DE SOUSA,303 - 5ºANDAR','1233020');insert into contribuinte(id,  data_cadastro, nome_empresa, id_endereco, id_contato, valor_contribuicao)values(616,'15/10/1996','VERA REGINATO ANDREONI',currval('endereco_id_seq'), currval('contato_id_seq'),50.00);insert into historico_status_contribuinte(data_inicial_vigencia, status)values('2001-01-01','ATIVADO');insert into contribuinte_historico_status_contribuinte(id_contribuinte, id_historico_status_contribuinte)values(616,currval('historico_status_contribuinte_id_seq'));
insert into contato(ramal)values('');insert into telefone(tipo, ddd, telefone, id_contato)values('RESIDENCIAL', '11', '2987223', currval('contato_id_seq'));insert into telefone(tipo, ddd, telefone, id_contato)values('COMERCIAL', '','0', currval('contato_id_seq'));insert into endereco (data_inicial_vigencia, endereco, cep)values('2000-01-01','R ROSALINA ALVES, 65','2079050');insert into contribuinte(id,  data_cadastro, nome_empresa, id_endereco, id_contato, valor_contribuicao)values(617,'15/10/1996','LUCINEIA F. NUNES',currval('endereco_id_seq'), currval('contato_id_seq'),0.00);insert into historico_status_contribuinte(data_inicial_vigencia, status)values('2001-01-01','ATIVADO');insert into contribuinte_historico_status_contribuinte(id_contribuinte, id_historico_status_contribuinte)values(617,currval('historico_status_contribuinte_id_seq'));
insert into contato(ramal)values('');insert into telefone(tipo, ddd, telefone, id_contato)values('RESIDENCIAL', '', '55614498', currval('contato_id_seq'));insert into telefone(tipo, ddd, telefone, id_contato)values('COMERCIAL', '','0', currval('contato_id_seq'));insert into endereco (data_inicial_vigencia, endereco, cep)values('2000-01-01','R PRINCESA ISABEL, 1003 - APTO. 81','4601002');insert into contribuinte(id,  data_cadastro, nome_empresa, id_endereco, id_contato, valor_contribuicao)values(618,'23/10/1996','ANA MIQUELINA FRUGES',currval('endereco_id_seq'), currval('contato_id_seq'),10.00);insert into historico_status_contribuinte(data_inicial_vigencia, status)values('2001-01-01','ATIVADO');insert into contribuinte_historico_status_contribuinte(id_contribuinte, id_historico_status_contribuinte)values(618,currval('historico_status_contribuinte_id_seq'));
insert into contato(ramal)values('');insert into telefone(tipo, ddd, telefone, id_contato)values('RESIDENCIAL', '', '0', currval('contato_id_seq'));insert into telefone(tipo, ddd, telefone, id_contato)values('COMERCIAL', '','0', currval('contato_id_seq'));insert into endereco (data_inicial_vigencia, endereco, cep)values('2000-01-01','R DR EDIMUNDO JOSE DE LIMA, 34','5366000');insert into contribuinte(id,  data_cadastro, nome_empresa, id_endereco, id_contato, valor_contribuicao)values(619,'23/10/1996','SANDRA MARIA ALVES',currval('endereco_id_seq'), currval('contato_id_seq'),0.00);insert into historico_status_contribuinte(data_inicial_vigencia, status)values('2001-01-01','ATIVADO');insert into contribuinte_historico_status_contribuinte(id_contribuinte, id_historico_status_contribuinte)values(619,currval('historico_status_contribuinte_id_seq'));
insert into contato(ramal)values('');insert into telefone(tipo, ddd, telefone, id_contato)values('RESIDENCIAL', '', '0', currval('contato_id_seq'));insert into telefone(tipo, ddd, telefone, id_contato)values('COMERCIAL', '','0', currval('contato_id_seq'));insert into endereco (data_inicial_vigencia, endereco, cep)values('2000-01-01','R. CONSELHEIRO NEBIAS, 528','1203002');insert into contribuinte(id,  data_cadastro, nome_empresa, id_endereco, id_contato, valor_contribuicao)values(620,'23/10/1996','TEREZINHA SAMPAIO ALVES PINTO',currval('endereco_id_seq'), currval('contato_id_seq'),0.00);insert into historico_status_contribuinte(data_inicial_vigencia, status)values('2001-01-01','ATIVADO');insert into contribuinte_historico_status_contribuinte(id_contribuinte, id_historico_status_contribuinte)values(620,currval('historico_status_contribuinte_id_seq'));
insert into contato(ramal)values('');insert into telefone(tipo, ddd, telefone, id_contato)values('RESIDENCIAL', '', '0', currval('contato_id_seq'));insert into telefone(tipo, ddd, telefone, id_contato)values('COMERCIAL', '','0', currval('contato_id_seq'));insert into endereco (data_inicial_vigencia, endereco, cep)values('2000-01-01','AV. HIGIENOPOLIS, 794 - APTO. 826','1238000');insert into contribuinte(id,  data_cadastro, nome_empresa, id_endereco, id_contato, valor_contribuicao)values(621,'23/10/1996','GISELE MARIA SIAULYS',currval('endereco_id_seq'), currval('contato_id_seq'),0.00);insert into historico_status_contribuinte(data_inicial_vigencia, status)values('2001-01-01','ATIVADO');insert into contribuinte_historico_status_contribuinte(id_contribuinte, id_historico_status_contribuinte)values(621,currval('historico_status_contribuinte_id_seq'));
insert into contato(ramal)values('');insert into telefone(tipo, ddd, telefone, id_contato)values('RESIDENCIAL', '65', '2233707', currval('contato_id_seq'));insert into telefone(tipo, ddd, telefone, id_contato)values('COMERCIAL', '','0', currval('contato_id_seq'));insert into endereco (data_inicial_vigencia, endereco, cep)values('2000-01-01','R. MARECHAL DEODORO, 1002 - CASA 2','78200000');insert into contribuinte(id,  data_cadastro, nome_empresa, id_endereco, id_contato, valor_contribuicao)values(622,'23/10/1996','MARA GRACIA DOS SANTOS MELLO',currval('endereco_id_seq'), currval('contato_id_seq'),50.00);insert into historico_status_contribuinte(data_inicial_vigencia, status)values('2001-01-01','ATIVADO');insert into contribuinte_historico_status_contribuinte(id_contribuinte, id_historico_status_contribuinte)values(622,currval('historico_status_contribuinte_id_seq'));
insert into contato(ramal)values('');insert into telefone(tipo, ddd, telefone, id_contato)values('RESIDENCIAL', '11', '9665533', currval('contato_id_seq'));insert into telefone(tipo, ddd, telefone, id_contato)values('COMERCIAL', '','0', currval('contato_id_seq'));insert into endereco (data_inicial_vigencia, endereco, cep)values('2000-01-01','R DANTE ALIGHIERI, 214 - APTO. 311','3135020');insert into contribuinte(id,  data_cadastro, nome_empresa, id_endereco, id_contato, valor_contribuicao)values(623,'23/10/1996','APARECIDA TAPIA',currval('endereco_id_seq'), currval('contato_id_seq'),0.00);insert into historico_status_contribuinte(data_inicial_vigencia, status)values('2001-01-01','ATIVADO');insert into contribuinte_historico_status_contribuinte(id_contribuinte, id_historico_status_contribuinte)values(623,currval('historico_status_contribuinte_id_seq'));
insert into contato(ramal)values('');insert into telefone(tipo, ddd, telefone, id_contato)values('RESIDENCIAL', '11', '6936983', currval('contato_id_seq'));insert into telefone(tipo, ddd, telefone, id_contato)values('COMERCIAL', '','0', currval('contato_id_seq'));insert into endereco (data_inicial_vigencia, endereco, cep)values('2000-01-01','AV PAES DE BARROS, 843','3115020');insert into contribuinte(id,  data_cadastro, nome_empresa, id_endereco, id_contato, valor_contribuicao)values(624,'23/10/1996','CECILIA PERA',currval('endereco_id_seq'), currval('contato_id_seq'),0.00);insert into historico_status_contribuinte(data_inicial_vigencia, status)values('2001-01-01','ATIVADO');insert into contribuinte_historico_status_contribuinte(id_contribuinte, id_historico_status_contribuinte)values(624,currval('historico_status_contribuinte_id_seq'));
insert into contato(ramal)values('');insert into telefone(tipo, ddd, telefone, id_contato)values('RESIDENCIAL', '', '0', currval('contato_id_seq'));insert into telefone(tipo, ddd, telefone, id_contato)values('COMERCIAL', '','0', currval('contato_id_seq'));insert into endereco (data_inicial_vigencia, endereco, cep)values('2000-01-01','R AZEVEDO NETO, 68','36020390');insert into contribuinte(id,  data_cadastro, nome_empresa, id_endereco, id_contato, valor_contribuicao)values(625,'23/10/1996','MARIA DE LURDES ROCHA DA SILVA',currval('endereco_id_seq'), currval('contato_id_seq'),0.00);insert into historico_status_contribuinte(data_inicial_vigencia, status)values('2001-01-01','ATIVADO');insert into contribuinte_historico_status_contribuinte(id_contribuinte, id_historico_status_contribuinte)values(625,currval('historico_status_contribuinte_id_seq'));
insert into contato(ramal)values('');insert into telefone(tipo, ddd, telefone, id_contato)values('RESIDENCIAL', '67', '7613674', currval('contato_id_seq'));insert into telefone(tipo, ddd, telefone, id_contato)values('COMERCIAL', '','0', currval('contato_id_seq'));insert into endereco (data_inicial_vigencia, endereco, cep)values('2000-01-01','R JERUSALEM, 537','79112130');insert into contribuinte(id,  data_cadastro, nome_empresa, id_endereco, id_contato, valor_contribuicao)values(626,'23/10/1996','MARIA MADALENA JERONIMO',currval('endereco_id_seq'), currval('contato_id_seq'),0.00);insert into historico_status_contribuinte(data_inicial_vigencia, status)values('2001-01-01','ATIVADO');insert into contribuinte_historico_status_contribuinte(id_contribuinte, id_historico_status_contribuinte)values(626,currval('historico_status_contribuinte_id_seq'));
insert into contato(ramal)values('');insert into telefone(tipo, ddd, telefone, id_contato)values('RESIDENCIAL', '48', '2334052', currval('contato_id_seq'));insert into telefone(tipo, ddd, telefone, id_contato)values('COMERCIAL', '','0', currval('contato_id_seq'));insert into endereco (data_inicial_vigencia, endereco, cep)values('2000-01-01','R DEP ANTONIO EDU VIEIRA, 93/102','88040000');insert into contribuinte(id,  data_cadastro, nome_empresa, id_endereco, id_contato, valor_contribuicao)values(627,'23/10/1996','ALDEIDA DILCEA PIMENTEL DE AZEVEDO',currval('endereco_id_seq'), currval('contato_id_seq'),0.00);insert into historico_status_contribuinte(data_inicial_vigencia, status)values('2001-01-01','ATIVADO');insert into contribuinte_historico_status_contribuinte(id_contribuinte, id_historico_status_contribuinte)values(627,currval('historico_status_contribuinte_id_seq'));
insert into contato(ramal)values('');insert into telefone(tipo, ddd, telefone, id_contato)values('RESIDENCIAL', '', '0', currval('contato_id_seq'));insert into telefone(tipo, ddd, telefone, id_contato)values('COMERCIAL', '','0', currval('contato_id_seq'));insert into endereco (data_inicial_vigencia, endereco, cep)values('2000-01-01','AV. PAULISTA, 2202 - 15 ANDAR - SALA 154','1310300');insert into contribuinte(id,  data_cadastro, nome_empresa, id_endereco, id_contato, valor_contribuicao)values(628,'23/10/1996','CRISTINA SOARES',currval('endereco_id_seq'), currval('contato_id_seq'),0.00);insert into historico_status_contribuinte(data_inicial_vigencia, status)values('2001-01-01','ATIVADO');insert into contribuinte_historico_status_contribuinte(id_contribuinte, id_historico_status_contribuinte)values(628,currval('historico_status_contribuinte_id_seq'));
insert into contato(ramal)values('');insert into telefone(tipo, ddd, telefone, id_contato)values('RESIDENCIAL', '11', '50908753', currval('contato_id_seq'));insert into telefone(tipo, ddd, telefone, id_contato)values('COMERCIAL', '','0', currval('contato_id_seq'));insert into endereco (data_inicial_vigencia, endereco, cep)values('2000-01-01','R. BARAO DO TRIUNFO,1440','4602005');insert into contribuinte(id,  data_cadastro, nome_empresa, id_endereco, id_contato, valor_contribuicao)values(629,'01/11/1996','EUROFARMA LABORATORIOS',currval('endereco_id_seq'), currval('contato_id_seq'),0.00);insert into historico_status_contribuinte(data_inicial_vigencia, status)values('2001-01-01','ATIVADO');insert into contribuinte_historico_status_contribuinte(id_contribuinte, id_historico_status_contribuinte)values(629,currval('historico_status_contribuinte_id_seq'));
insert into contato(ramal)values('');insert into telefone(tipo, ddd, telefone, id_contato)values('RESIDENCIAL', '11', '843', currval('contato_id_seq'));insert into telefone(tipo, ddd, telefone, id_contato)values('COMERCIAL', '','0', currval('contato_id_seq'));insert into endereco (data_inicial_vigencia, endereco, cep)values('2000-01-01','R. PINTO SERVA, 114','5742130');insert into contribuinte(id,  data_cadastro, nome_empresa, id_endereco, id_contato, valor_contribuicao)values(630,'08/11/1996','ALFREDO SCHULTZ JUNIOR',currval('endereco_id_seq'), currval('contato_id_seq'),0.00);insert into historico_status_contribuinte(data_inicial_vigencia, status)values('2001-01-01','ATIVADO');insert into contribuinte_historico_status_contribuinte(id_contribuinte, id_historico_status_contribuinte)values(630,currval('historico_status_contribuinte_id_seq'));
insert into contato(ramal)values('');insert into telefone(tipo, ddd, telefone, id_contato)values('RESIDENCIAL', '11', '61615225', currval('contato_id_seq'));insert into telefone(tipo, ddd, telefone, id_contato)values('COMERCIAL', '','0', currval('contato_id_seq'));insert into endereco (data_inicial_vigencia, endereco, cep)values('2000-01-01','R. JUDITE BUENO DE AZEVEDO, 48','4271030');insert into contribuinte(id,  data_cadastro, nome_empresa, id_endereco, id_contato, valor_contribuicao)values(631,'11/11/1996','JOAO ANTONAGI CAMPOS',currval('endereco_id_seq'), currval('contato_id_seq'),15.00);insert into historico_status_contribuinte(data_inicial_vigencia, status)values('2001-01-01','ATIVADO');insert into contribuinte_historico_status_contribuinte(id_contribuinte, id_historico_status_contribuinte)values(631,currval('historico_status_contribuinte_id_seq'));
insert into contato(ramal)values('');insert into telefone(tipo, ddd, telefone, id_contato)values('RESIDENCIAL', '11', '7600', currval('contato_id_seq'));insert into telefone(tipo, ddd, telefone, id_contato)values('COMERCIAL', '0','0', currval('contato_id_seq'));insert into endereco (data_inicial_vigencia, endereco, cep)values('2000-01-01','R PROJETADA, 90 BLOCO: G1 - AP. 18','9071000');insert into contribuinte(id,  data_cadastro, nome_empresa, id_endereco, id_contato, valor_contribuicao)values(632,'14/11/1996','NELY CORREA CROCO',currval('endereco_id_seq'), currval('contato_id_seq'),0.00);insert into historico_status_contribuinte(data_inicial_vigencia, status)values('2001-01-01','ATIVADO');insert into contribuinte_historico_status_contribuinte(id_contribuinte, id_historico_status_contribuinte)values(632,currval('historico_status_contribuinte_id_seq'));
insert into contato(ramal)values('');insert into telefone(tipo, ddd, telefone, id_contato)values('RESIDENCIAL', '11', '32833551', currval('contato_id_seq'));insert into telefone(tipo, ddd, telefone, id_contato)values('COMERCIAL', '','0', currval('contato_id_seq'));insert into endereco (data_inicial_vigencia, endereco, cep)values('2000-01-01','AL. SANTOS, 1343 AP.1509 - CERQ. CESAR','1419001');insert into contribuinte(id,  data_cadastro, nome_empresa, id_endereco, id_contato, valor_contribuicao)values(633,'19/11/1996','HEDI FEVERWERKER',currval('endereco_id_seq'), currval('contato_id_seq'),10.00);insert into historico_status_contribuinte(data_inicial_vigencia, status)values('2001-01-01','ATIVADO');insert into contribuinte_historico_status_contribuinte(id_contribuinte, id_historico_status_contribuinte)values(633,currval('historico_status_contribuinte_id_seq'));
insert into contato(ramal)values('');insert into telefone(tipo, ddd, telefone, id_contato)values('RESIDENCIAL', '11', '5788561', currval('contato_id_seq'));insert into telefone(tipo, ddd, telefone, id_contato)values('COMERCIAL', '','0', currval('contato_id_seq'));insert into endereco (data_inicial_vigencia, endereco, cep)values('2000-01-01','R SENA MADUREIRA, 525','4021051');insert into contribuinte(id,  data_cadastro, nome_empresa, id_endereco, id_contato, valor_contribuicao)values(634,'19/11/1996','POTYGUARA GILDOASSU GRACIANO',currval('endereco_id_seq'), currval('contato_id_seq'),0.00);insert into historico_status_contribuinte(data_inicial_vigencia, status)values('2001-01-01','ATIVADO');insert into contribuinte_historico_status_contribuinte(id_contribuinte, id_historico_status_contribuinte)values(634,currval('historico_status_contribuinte_id_seq'));
insert into contato(ramal)values('');insert into telefone(tipo, ddd, telefone, id_contato)values('RESIDENCIAL', '11', '2751936', currval('contato_id_seq'));insert into telefone(tipo, ddd, telefone, id_contato)values('COMERCIAL', '','0', currval('contato_id_seq'));insert into endereco (data_inicial_vigencia, endereco, cep)values('2000-01-01','AV GAL WALDOMIRO DE LIMA, 424','4344070');insert into contribuinte(id,  data_cadastro, nome_empresa, id_endereco, id_contato, valor_contribuicao)values(635,'19/11/1996','MONICA OUTA',currval('endereco_id_seq'), currval('contato_id_seq'),0.00);insert into historico_status_contribuinte(data_inicial_vigencia, status)values('2001-01-01','ATIVADO');insert into contribuinte_historico_status_contribuinte(id_contribuinte, id_historico_status_contribuinte)values(635,currval('historico_status_contribuinte_id_seq'));
insert into contato(ramal)values('');insert into telefone(tipo, ddd, telefone, id_contato)values('RESIDENCIAL', '11', '8362540', currval('contato_id_seq'));insert into telefone(tipo, ddd, telefone, id_contato)values('COMERCIAL', '','0', currval('contato_id_seq'));insert into endereco (data_inicial_vigencia, endereco, cep)values('2000-01-01','AV. MUTINGA, 3800','5110901');insert into contribuinte(id,  data_cadastro, nome_empresa, id_endereco, id_contato, valor_contribuicao)values(636,'04/12/1996','ELIZABETH FERNANDES',currval('endereco_id_seq'), currval('contato_id_seq'),0.00);insert into historico_status_contribuinte(data_inicial_vigencia, status)values('2001-01-01','ATIVADO');insert into contribuinte_historico_status_contribuinte(id_contribuinte, id_historico_status_contribuinte)values(636,currval('historico_status_contribuinte_id_seq'));
insert into contato(ramal)values('');insert into telefone(tipo, ddd, telefone, id_contato)values('RESIDENCIAL', '13', '0', currval('contato_id_seq'));insert into telefone(tipo, ddd, telefone, id_contato)values('COMERCIAL', '','0', currval('contato_id_seq'));insert into endereco (data_inicial_vigencia, endereco, cep)values('2000-01-01','R DOS CLERIGOS, 81','1103060');insert into contribuinte(id,  data_cadastro, nome_empresa, id_endereco, id_contato, valor_contribuicao)values(637,'09/12/1996','MONCHARQUE COM. PROD. ALIMENTICIOS LTDA',currval('endereco_id_seq'), currval('contato_id_seq'),0.00);insert into historico_status_contribuinte(data_inicial_vigencia, status)values('2001-01-01','ATIVADO');insert into contribuinte_historico_status_contribuinte(id_contribuinte, id_historico_status_contribuinte)values(637,currval('historico_status_contribuinte_id_seq'));
insert into contato(ramal)values('');insert into telefone(tipo, ddd, telefone, id_contato)values('RESIDENCIAL', '11', '38742017', currval('contato_id_seq'));insert into telefone(tipo, ddd, telefone, id_contato)values('COMERCIAL', '','0', currval('contato_id_seq'));insert into endereco (data_inicial_vigencia, endereco, cep)values('2000-01-01','R. CAIOWAAS, 2046 - APTO. 73 - B1','1258010');insert into contribuinte(id,  data_cadastro, nome_empresa, id_endereco, id_contato, valor_contribuicao)values(638,'11/12/1996','JOSE CARLOS VITORAZO',currval('endereco_id_seq'), currval('contato_id_seq'),100.00);insert into historico_status_contribuinte(data_inicial_vigencia, status)values('2001-01-01','ATIVADO');insert into contribuinte_historico_status_contribuinte(id_contribuinte, id_historico_status_contribuinte)values(638,currval('historico_status_contribuinte_id_seq'));
insert into contato(ramal)values('');insert into telefone(tipo, ddd, telefone, id_contato)values('RESIDENCIAL', '11', '8769183', currval('contato_id_seq'));insert into telefone(tipo, ddd, telefone, id_contato)values('COMERCIAL', '','0', currval('contato_id_seq'));insert into endereco (data_inicial_vigencia, endereco, cep)values('2000-01-01','R. CAPITAO JOãO CARLOS, 58','2926060');insert into contribuinte(id,  data_cadastro, nome_empresa, id_endereco, id_contato, valor_contribuicao)values(639,'11/12/1996','MARIA OLINDA GONCALVES RAYMUNDO',currval('endereco_id_seq'), currval('contato_id_seq'),0.00);insert into historico_status_contribuinte(data_inicial_vigencia, status)values('2001-01-01','ATIVADO');insert into contribuinte_historico_status_contribuinte(id_contribuinte, id_historico_status_contribuinte)values(639,currval('historico_status_contribuinte_id_seq'));
insert into contato(ramal)values('');insert into telefone(tipo, ddd, telefone, id_contato)values('RESIDENCIAL', '11', '2608329', currval('contato_id_seq'));insert into telefone(tipo, ddd, telefone, id_contato)values('COMERCIAL', '','0', currval('contato_id_seq'));insert into endereco (data_inicial_vigencia, endereco, cep)values('2000-01-01','R. ANUNZE, 113','5470010');insert into contribuinte(id,  data_cadastro, nome_empresa, id_endereco, id_contato, valor_contribuicao)values(640,'16/12/1996','ROSA MARIA DE MOURA',currval('endereco_id_seq'), currval('contato_id_seq'),0.00);insert into historico_status_contribuinte(data_inicial_vigencia, status)values('2001-01-01','ATIVADO');insert into contribuinte_historico_status_contribuinte(id_contribuinte, id_historico_status_contribuinte)values(640,currval('historico_status_contribuinte_id_seq'));
insert into contato(ramal)values('');insert into telefone(tipo, ddd, telefone, id_contato)values('RESIDENCIAL', '12', '1275', currval('contato_id_seq'));insert into telefone(tipo, ddd, telefone, id_contato)values('COMERCIAL', '','0', currval('contato_id_seq'));insert into endereco (data_inicial_vigencia, endereco, cep)values('2000-01-01','R. TAMATAI, 148','3212050');insert into contribuinte(id,  data_cadastro, nome_empresa, id_endereco, id_contato, valor_contribuicao)values(642,'27/01/1997','WAGNER EDSON GASPARETO',currval('endereco_id_seq'), currval('contato_id_seq'),0.00);insert into historico_status_contribuinte(data_inicial_vigencia, status)values('2001-01-01','ATIVADO');insert into contribuinte_historico_status_contribuinte(id_contribuinte, id_historico_status_contribuinte)values(642,currval('historico_status_contribuinte_id_seq'));
insert into contato(ramal)values('');insert into telefone(tipo, ddd, telefone, id_contato)values('RESIDENCIAL', '', '0', currval('contato_id_seq'));insert into telefone(tipo, ddd, telefone, id_contato)values('COMERCIAL', '','0', currval('contato_id_seq'));insert into endereco (data_inicial_vigencia, endereco, cep)values('2000-01-01','R. CAPOTE VALENTE, 154 - APTO.11','5409000');insert into contribuinte(id,  data_cadastro, nome_empresa, id_endereco, id_contato, valor_contribuicao)values(643,'27/01/1997','RAQUEL BIOVEGAM MARTINELLI',currval('endereco_id_seq'), currval('contato_id_seq'),0.00);insert into historico_status_contribuinte(data_inicial_vigencia, status)values('2001-01-01','ATIVADO');insert into contribuinte_historico_status_contribuinte(id_contribuinte, id_historico_status_contribuinte)values(643,currval('historico_status_contribuinte_id_seq'));
insert into contato(ramal)values('');insert into telefone(tipo, ddd, telefone, id_contato)values('RESIDENCIAL', '11', '65', currval('contato_id_seq'));insert into telefone(tipo, ddd, telefone, id_contato)values('COMERCIAL', '','0', currval('contato_id_seq'));insert into endereco (data_inicial_vigencia, endereco, cep)values('2000-01-01','R. CORIOLANO, 1104','5047001');insert into contribuinte(id,  data_cadastro, nome_empresa, id_endereco, id_contato, valor_contribuicao)values(644,'27/01/1997','BRUNO GIANNINI',currval('endereco_id_seq'), currval('contato_id_seq'),0.00);insert into historico_status_contribuinte(data_inicial_vigencia, status)values('2001-01-01','ATIVADO');insert into contribuinte_historico_status_contribuinte(id_contribuinte, id_historico_status_contribuinte)values(644,currval('historico_status_contribuinte_id_seq'));
insert into contato(ramal)values('');insert into telefone(tipo, ddd, telefone, id_contato)values('RESIDENCIAL', '', '0', currval('contato_id_seq'));insert into telefone(tipo, ddd, telefone, id_contato)values('COMERCIAL', '','0', currval('contato_id_seq'));insert into endereco (data_inicial_vigencia, endereco, cep)values('2000-01-01','R DAS BERMUDAS, 155','6413730');insert into contribuinte(id,  data_cadastro, nome_empresa, id_endereco, id_contato, valor_contribuicao)values(645,'28/01/1997','ANAY TENTONI',currval('endereco_id_seq'), currval('contato_id_seq'),0.00);insert into historico_status_contribuinte(data_inicial_vigencia, status)values('2001-01-01','ATIVADO');insert into contribuinte_historico_status_contribuinte(id_contribuinte, id_historico_status_contribuinte)values(645,currval('historico_status_contribuinte_id_seq'));
insert into contato(ramal)values('');insert into telefone(tipo, ddd, telefone, id_contato)values('RESIDENCIAL', '', '0', currval('contato_id_seq'));insert into telefone(tipo, ddd, telefone, id_contato)values('COMERCIAL', '','0', currval('contato_id_seq'));insert into endereco (data_inicial_vigencia, endereco, cep)values('2000-01-01','R INDEPENDENCIA, 706 - CAMBUCI','1524000');insert into contribuinte(id,  data_cadastro, nome_empresa, id_endereco, id_contato, valor_contribuicao)values(646,'28/01/1997','CARLOS POLETTI',currval('endereco_id_seq'), currval('contato_id_seq'),0.00);insert into historico_status_contribuinte(data_inicial_vigencia, status)values('2001-01-01','ATIVADO');insert into contribuinte_historico_status_contribuinte(id_contribuinte, id_historico_status_contribuinte)values(646,currval('historico_status_contribuinte_id_seq'));
insert into contato(ramal)values('');insert into telefone(tipo, ddd, telefone, id_contato)values('RESIDENCIAL', '11', '62410586', currval('contato_id_seq'));insert into telefone(tipo, ddd, telefone, id_contato)values('COMERCIAL', '','0', currval('contato_id_seq'));insert into endereco (data_inicial_vigencia, endereco, cep)values('2000-01-01','R. OSVALDO CARDOSO FRANCO, 39','2276080');insert into contribuinte(id,  data_cadastro, nome_empresa, id_endereco, id_contato, valor_contribuicao)values(647,'03/02/1997','SYDNEY ADOLPHO PUPO',currval('endereco_id_seq'), currval('contato_id_seq'),30.00);insert into historico_status_contribuinte(data_inicial_vigencia, status)values('2001-01-01','ATIVADO');insert into contribuinte_historico_status_contribuinte(id_contribuinte, id_historico_status_contribuinte)values(647,currval('historico_status_contribuinte_id_seq'));
insert into contato(ramal)values('');insert into telefone(tipo, ddd, telefone, id_contato)values('RESIDENCIAL', '11', '70834411', currval('contato_id_seq'));insert into telefone(tipo, ddd, telefone, id_contato)values('COMERCIAL', '','0', currval('contato_id_seq'));insert into endereco (data_inicial_vigencia, endereco, cep)values('2000-01-01','R. MICHAEL KALININ, 42','6070190');insert into contribuinte(id,  data_cadastro, nome_empresa, id_endereco, id_contato, valor_contribuicao)values(648,'03/02/1997','PROMIELT ELETRICIDADE E TELECOM. LTDA',currval('endereco_id_seq'), currval('contato_id_seq'),0.00);insert into historico_status_contribuinte(data_inicial_vigencia, status)values('2001-01-01','ATIVADO');insert into contribuinte_historico_status_contribuinte(id_contribuinte, id_historico_status_contribuinte)values(648,currval('historico_status_contribuinte_id_seq'));
insert into contato(ramal)values('');insert into telefone(tipo, ddd, telefone, id_contato)values('RESIDENCIAL', '', '0', currval('contato_id_seq'));insert into telefone(tipo, ddd, telefone, id_contato)values('COMERCIAL', '','0', currval('contato_id_seq'));insert into endereco (data_inicial_vigencia, endereco, cep)values('2000-01-01','R PADRE ANTONIO TOMAS, 181 - APTO. 33','5003000');insert into contribuinte(id,  data_cadastro, nome_empresa, id_endereco, id_contato, valor_contribuicao)values(649,'03/02/1997','AVAIRA FERREIRA DE ALMEIDA',currval('endereco_id_seq'), currval('contato_id_seq'),0.00);insert into historico_status_contribuinte(data_inicial_vigencia, status)values('2001-01-01','ATIVADO');insert into contribuinte_historico_status_contribuinte(id_contribuinte, id_historico_status_contribuinte)values(649,currval('historico_status_contribuinte_id_seq'));
insert into contato(ramal)values('');insert into telefone(tipo, ddd, telefone, id_contato)values('RESIDENCIAL', '11', '2610518', currval('contato_id_seq'));insert into telefone(tipo, ddd, telefone, id_contato)values('COMERCIAL', '','0', currval('contato_id_seq'));insert into endereco (data_inicial_vigencia, endereco, cep)values('2000-01-01','R. INIMUTABA, 871','5077000');insert into contribuinte(id,  data_cadastro, nome_empresa, id_endereco, id_contato, valor_contribuicao)values(650,'06/02/1997','MARIA CONCEICAO FERRAZ NELLI',currval('endereco_id_seq'), currval('contato_id_seq'),0.00);insert into historico_status_contribuinte(data_inicial_vigencia, status)values('2001-01-01','ATIVADO');insert into contribuinte_historico_status_contribuinte(id_contribuinte, id_historico_status_contribuinte)values(650,currval('historico_status_contribuinte_id_seq'));
insert into contato(ramal)values('');insert into telefone(tipo, ddd, telefone, id_contato)values('RESIDENCIAL', '', '0', currval('contato_id_seq'));insert into telefone(tipo, ddd, telefone, id_contato)values('COMERCIAL', '','0', currval('contato_id_seq'));insert into endereco (data_inicial_vigencia, endereco, cep)values('2000-01-01','AV NAÇOES UNIDAS, 12995 1º ANDAR','4578000');insert into contribuinte(id,  data_cadastro, nome_empresa, id_endereco, id_contato, valor_contribuicao)values(651,'06/02/1997','JOSE EDUARDO CAZARIN',currval('endereco_id_seq'), currval('contato_id_seq'),0.00);insert into historico_status_contribuinte(data_inicial_vigencia, status)values('2001-01-01','ATIVADO');insert into contribuinte_historico_status_contribuinte(id_contribuinte, id_historico_status_contribuinte)values(651,currval('historico_status_contribuinte_id_seq'));
insert into contato(ramal)values('');insert into telefone(tipo, ddd, telefone, id_contato)values('RESIDENCIAL', '11', '55850011', currval('contato_id_seq'));insert into telefone(tipo, ddd, telefone, id_contato)values('COMERCIAL', '','0', currval('contato_id_seq'));insert into endereco (data_inicial_vigencia, endereco, cep)values('2000-01-01','AV FAGUNDES FILHO, 623','4304010');insert into contribuinte(id,  data_cadastro, nome_empresa, id_endereco, id_contato, valor_contribuicao)values(652,'13/02/1997','OPERACAO ENG. E CONSTRUCAO LTDA',currval('endereco_id_seq'), currval('contato_id_seq'),0.00);insert into historico_status_contribuinte(data_inicial_vigencia, status)values('2001-01-01','ATIVADO');insert into contribuinte_historico_status_contribuinte(id_contribuinte, id_historico_status_contribuinte)values(652,currval('historico_status_contribuinte_id_seq'));
insert into contato(ramal)values('');insert into telefone(tipo, ddd, telefone, id_contato)values('RESIDENCIAL', '11', '55850011', currval('contato_id_seq'));insert into telefone(tipo, ddd, telefone, id_contato)values('COMERCIAL', '','0', currval('contato_id_seq'));insert into endereco (data_inicial_vigencia, endereco, cep)values('2000-01-01','AV. FAGUNDES FILHO, 623','4304010');insert into contribuinte(id,  data_cadastro, nome_empresa, id_endereco, id_contato, valor_contribuicao)values(653,'13/02/1997','JOSE NICOLAU',currval('endereco_id_seq'), currval('contato_id_seq'),0.00);insert into historico_status_contribuinte(data_inicial_vigencia, status)values('2001-01-01','ATIVADO');insert into contribuinte_historico_status_contribuinte(id_contribuinte, id_historico_status_contribuinte)values(653,currval('historico_status_contribuinte_id_seq'));
insert into contato(ramal)values('');insert into telefone(tipo, ddd, telefone, id_contato)values('RESIDENCIAL', '11', '55721771', currval('contato_id_seq'));insert into telefone(tipo, ddd, telefone, id_contato)values('COMERCIAL', '','0', currval('contato_id_seq'));insert into endereco (data_inicial_vigencia, endereco, cep)values('2000-01-01','RUA LOEFGREEN, 1304 - V. CLEMENTINO','4040001');insert into contribuinte(id,  data_cadastro, nome_empresa, id_endereco, id_contato, valor_contribuicao)values(654,'13/02/1997','RICARDO NICOLAU',currval('endereco_id_seq'), currval('contato_id_seq'),0.00);insert into historico_status_contribuinte(data_inicial_vigencia, status)values('2001-01-01','ATIVADO');insert into contribuinte_historico_status_contribuinte(id_contribuinte, id_historico_status_contribuinte)values(654,currval('historico_status_contribuinte_id_seq'));
insert into contato(ramal)values('');insert into telefone(tipo, ddd, telefone, id_contato)values('RESIDENCIAL', '11', '2167345', currval('contato_id_seq'));insert into telefone(tipo, ddd, telefone, id_contato)values('COMERCIAL', '','0', currval('contato_id_seq'));insert into endereco (data_inicial_vigencia, endereco, cep)values('2000-01-01','R. ENG. CESTARI, 817','3349000');insert into contribuinte(id,  data_cadastro, nome_empresa, id_endereco, id_contato, valor_contribuicao)values(655,'17/02/1997','ADAUTO CASTELO BRANCO FILHO',currval('endereco_id_seq'), currval('contato_id_seq'),0.00);insert into historico_status_contribuinte(data_inicial_vigencia, status)values('2001-01-01','ATIVADO');insert into contribuinte_historico_status_contribuinte(id_contribuinte, id_historico_status_contribuinte)values(655,currval('historico_status_contribuinte_id_seq'));
insert into contato(ramal)values('');insert into telefone(tipo, ddd, telefone, id_contato)values('RESIDENCIAL', '11', '8873867', currval('contato_id_seq'));insert into telefone(tipo, ddd, telefone, id_contato)values('COMERCIAL', '','0', currval('contato_id_seq'));insert into endereco (data_inicial_vigencia, endereco, cep)values('2000-01-01','R. GROENLANDIA, 606','1434000');insert into contribuinte(id,  data_cadastro, nome_empresa, id_endereco, id_contato, valor_contribuicao)values(656,'27/02/1997','APARECIDA CALDA',currval('endereco_id_seq'), currval('contato_id_seq'),0.00);insert into historico_status_contribuinte(data_inicial_vigencia, status)values('2001-01-01','ATIVADO');insert into contribuinte_historico_status_contribuinte(id_contribuinte, id_historico_status_contribuinte)values(656,currval('historico_status_contribuinte_id_seq'));
insert into contato(ramal)values('');insert into telefone(tipo, ddd, telefone, id_contato)values('RESIDENCIAL', '11', '8643144', currval('contato_id_seq'));insert into telefone(tipo, ddd, telefone, id_contato)values('COMERCIAL', '','0', currval('contato_id_seq'));insert into endereco (data_inicial_vigencia, endereco, cep)values('2000-01-01','AV. POMPEIA, 1326','5023001');insert into contribuinte(id,  data_cadastro, nome_empresa, id_endereco, id_contato, valor_contribuicao)values(657,'27/02/1997','ADAO DE CAMARGO',currval('endereco_id_seq'), currval('contato_id_seq'),0.00);insert into historico_status_contribuinte(data_inicial_vigencia, status)values('2001-01-01','ATIVADO');insert into contribuinte_historico_status_contribuinte(id_contribuinte, id_historico_status_contribuinte)values(657,currval('historico_status_contribuinte_id_seq'));
insert into contato(ramal)values('');insert into telefone(tipo, ddd, telefone, id_contato)values('RESIDENCIAL', '11', '8643144', currval('contato_id_seq'));insert into telefone(tipo, ddd, telefone, id_contato)values('COMERCIAL', '','0', currval('contato_id_seq'));insert into endereco (data_inicial_vigencia, endereco, cep)values('2000-01-01','AV. POMPEIA, 1326','5023001');insert into contribuinte(id,  data_cadastro, nome_empresa, id_endereco, id_contato, valor_contribuicao)values(658,'27/02/1997','MISAEL SILVEIRA MELO',currval('endereco_id_seq'), currval('contato_id_seq'),0.00);insert into historico_status_contribuinte(data_inicial_vigencia, status)values('2001-01-01','ATIVADO');insert into contribuinte_historico_status_contribuinte(id_contribuinte, id_historico_status_contribuinte)values(658,currval('historico_status_contribuinte_id_seq'));
insert into contato(ramal)values('');insert into telefone(tipo, ddd, telefone, id_contato)values('RESIDENCIAL', '11', '8643144', currval('contato_id_seq'));insert into telefone(tipo, ddd, telefone, id_contato)values('COMERCIAL', '','0', currval('contato_id_seq'));insert into endereco (data_inicial_vigencia, endereco, cep)values('2000-01-01','AV. POMPEIA, 1326','5023001');insert into contribuinte(id,  data_cadastro, nome_empresa, id_endereco, id_contato, valor_contribuicao)values(659,'27/02/1997','AILTON SILVEIRA MELO',currval('endereco_id_seq'), currval('contato_id_seq'),0.00);insert into historico_status_contribuinte(data_inicial_vigencia, status)values('2001-01-01','ATIVADO');insert into contribuinte_historico_status_contribuinte(id_contribuinte, id_historico_status_contribuinte)values(659,currval('historico_status_contribuinte_id_seq'));
insert into contato(ramal)values('');insert into telefone(tipo, ddd, telefone, id_contato)values('RESIDENCIAL', '11', '8643144', currval('contato_id_seq'));insert into telefone(tipo, ddd, telefone, id_contato)values('COMERCIAL', '','0', currval('contato_id_seq'));insert into endereco (data_inicial_vigencia, endereco, cep)values('2000-01-01','AV. POMPEIA, 1326','5023001');insert into contribuinte(id,  data_cadastro, nome_empresa, id_endereco, id_contato, valor_contribuicao)values(660,'27/02/1997','ROSELY OLIVEIRA ZERBETTO',currval('endereco_id_seq'), currval('contato_id_seq'),0.00);insert into historico_status_contribuinte(data_inicial_vigencia, status)values('2001-01-01','ATIVADO');insert into contribuinte_historico_status_contribuinte(id_contribuinte, id_historico_status_contribuinte)values(660,currval('historico_status_contribuinte_id_seq'));
insert into contato(ramal)values('');insert into telefone(tipo, ddd, telefone, id_contato)values('RESIDENCIAL', '11', '8643144', currval('contato_id_seq'));insert into telefone(tipo, ddd, telefone, id_contato)values('COMERCIAL', '','0', currval('contato_id_seq'));insert into endereco (data_inicial_vigencia, endereco, cep)values('2000-01-01','AV. POMPEIA, 1326','5023001');insert into contribuinte(id,  data_cadastro, nome_empresa, id_endereco, id_contato, valor_contribuicao)values(661,'27/02/1997','REGIANE OLIVEIRA ZERBETTO',currval('endereco_id_seq'), currval('contato_id_seq'),0.00);insert into historico_status_contribuinte(data_inicial_vigencia, status)values('2001-01-01','ATIVADO');insert into contribuinte_historico_status_contribuinte(id_contribuinte, id_historico_status_contribuinte)values(661,currval('historico_status_contribuinte_id_seq'));
insert into contato(ramal)values('');insert into telefone(tipo, ddd, telefone, id_contato)values('RESIDENCIAL', '11', '8643144', currval('contato_id_seq'));insert into telefone(tipo, ddd, telefone, id_contato)values('COMERCIAL', '','0', currval('contato_id_seq'));insert into endereco (data_inicial_vigencia, endereco, cep)values('2000-01-01','AV. POMPEIA, 1326','5023001');insert into contribuinte(id,  data_cadastro, nome_empresa, id_endereco, id_contato, valor_contribuicao)values(662,'27/02/1997','LEONOR MANCILHA DE CAMARGO',currval('endereco_id_seq'), currval('contato_id_seq'),0.00);insert into historico_status_contribuinte(data_inicial_vigencia, status)values('2001-01-01','ATIVADO');insert into contribuinte_historico_status_contribuinte(id_contribuinte, id_historico_status_contribuinte)values(662,currval('historico_status_contribuinte_id_seq'));
insert into contato(ramal)values('');insert into telefone(tipo, ddd, telefone, id_contato)values('RESIDENCIAL', '11', '8100692', currval('contato_id_seq'));insert into telefone(tipo, ddd, telefone, id_contato)values('COMERCIAL', '','0', currval('contato_id_seq'));insert into endereco (data_inicial_vigencia, endereco, cep)values('2000-01-01','RUA SEBASTIAO DE PINA, 232','5174300');insert into contribuinte(id,  data_cadastro, nome_empresa, id_endereco, id_contato, valor_contribuicao)values(663,'01/04/1997','EUCLIDES ALVES DE OLIVEIRA',currval('endereco_id_seq'), currval('contato_id_seq'),10.00);insert into historico_status_contribuinte(data_inicial_vigencia, status)values('2001-01-01','ATIVADO');insert into contribuinte_historico_status_contribuinte(id_contribuinte, id_historico_status_contribuinte)values(663,currval('historico_status_contribuinte_id_seq'));
insert into contato(ramal)values('');insert into telefone(tipo, ddd, telefone, id_contato)values('RESIDENCIAL', '11', '9716982', currval('contato_id_seq'));insert into telefone(tipo, ddd, telefone, id_contato)values('COMERCIAL', '','0', currval('contato_id_seq'));insert into endereco (data_inicial_vigencia, endereco, cep)values('2000-01-01','R JOAO FAUSTINO, 43','4679060');insert into contribuinte(id,  data_cadastro, nome_empresa, id_endereco, id_contato, valor_contribuicao)values(664,'01/04/1997','LAURECI BARBOSA SILVA',currval('endereco_id_seq'), currval('contato_id_seq'),10.00);insert into historico_status_contribuinte(data_inicial_vigencia, status)values('2001-01-01','ATIVADO');insert into contribuinte_historico_status_contribuinte(id_contribuinte, id_historico_status_contribuinte)values(664,currval('historico_status_contribuinte_id_seq'));
insert into contato(ramal)values('');insert into telefone(tipo, ddd, telefone, id_contato)values('RESIDENCIAL', '11', '5480490', currval('contato_id_seq'));insert into telefone(tipo, ddd, telefone, id_contato)values('COMERCIAL', '','0', currval('contato_id_seq'));insert into endereco (data_inicial_vigencia, endereco, cep)values('2000-01-01','RUA DUBLIN, 123','4776130');insert into contribuinte(id,  data_cadastro, nome_empresa, id_endereco, id_contato, valor_contribuicao)values(665,'01/04/1997','FABIANA DE CASSIA QUINTINO ARAUJO',currval('endereco_id_seq'), currval('contato_id_seq'),10.00);insert into historico_status_contribuinte(data_inicial_vigencia, status)values('2001-01-01','ATIVADO');insert into contribuinte_historico_status_contribuinte(id_contribuinte, id_historico_status_contribuinte)values(665,currval('historico_status_contribuinte_id_seq'));
insert into contato(ramal)values('');insert into telefone(tipo, ddd, telefone, id_contato)values('RESIDENCIAL', '11', '5332927', currval('contato_id_seq'));insert into telefone(tipo, ddd, telefone, id_contato)values('COMERCIAL', '','0', currval('contato_id_seq'));insert into endereco (data_inicial_vigencia, endereco, cep)values('2000-01-01','RUA TUIM, 1038','4514103');insert into contribuinte(id,  data_cadastro, nome_empresa, id_endereco, id_contato, valor_contribuicao)values(666,'01/04/1997','RODRIGO OTAVIO DI NAPOLI MELO',currval('endereco_id_seq'), currval('contato_id_seq'),10.00);insert into historico_status_contribuinte(data_inicial_vigencia, status)values('2001-01-01','ATIVADO');insert into contribuinte_historico_status_contribuinte(id_contribuinte, id_historico_status_contribuinte)values(666,currval('historico_status_contribuinte_id_seq'));
insert into contato(ramal)values('');insert into telefone(tipo, ddd, telefone, id_contato)values('RESIDENCIAL', '11', '72983624', currval('contato_id_seq'));insert into telefone(tipo, ddd, telefone, id_contato)values('COMERCIAL', '','0', currval('contato_id_seq'));insert into endereco (data_inicial_vigencia, endereco, cep)values('2000-01-01','R RIO GRANDE DO SUL, 209','6411060');insert into contribuinte(id,  data_cadastro, nome_empresa, id_endereco, id_contato, valor_contribuicao)values(667,'01/04/1997','ANDREA NARA GRIGOLETTO',currval('endereco_id_seq'), currval('contato_id_seq'),10.00);insert into historico_status_contribuinte(data_inicial_vigencia, status)values('2001-01-01','ATIVADO');insert into contribuinte_historico_status_contribuinte(id_contribuinte, id_historico_status_contribuinte)values(667,currval('historico_status_contribuinte_id_seq'));
insert into contato(ramal)values('');insert into telefone(tipo, ddd, telefone, id_contato)values('RESIDENCIAL', '11', '59714728', currval('contato_id_seq'));insert into telefone(tipo, ddd, telefone, id_contato)values('COMERCIAL', '','0', currval('contato_id_seq'));insert into endereco (data_inicial_vigencia, endereco, cep)values('2000-01-01','RUA JOSE FIALHO VIANNA, 84','4826180');insert into contribuinte(id,  data_cadastro, nome_empresa, id_endereco, id_contato, valor_contribuicao)values(668,'01/04/1997','SANDRA REGINA DE JESUS CARVALHO PONCE',currval('endereco_id_seq'), currval('contato_id_seq'),10.00);insert into historico_status_contribuinte(data_inicial_vigencia, status)values('2001-01-01','ATIVADO');insert into contribuinte_historico_status_contribuinte(id_contribuinte, id_historico_status_contribuinte)values(668,currval('historico_status_contribuinte_id_seq'));
insert into contato(ramal)values('cel');insert into telefone(tipo, ddd, telefone, id_contato)values('RESIDENCIAL', '11', '5296304', currval('contato_id_seq'));insert into telefone(tipo, ddd, telefone, id_contato)values('COMERCIAL', '11','91296663', currval('contato_id_seq'));insert into endereco (data_inicial_vigencia, endereco, cep)values('2000-01-01','RUA GIUSEPPE PARTINI, S/N BL.B8 AP.06','4847900');insert into contribuinte(id,  data_cadastro, nome_empresa, id_endereco, id_contato, valor_contribuicao)values(669,'01/04/1997','FABIANA REIS GONCALVES',currval('endereco_id_seq'), currval('contato_id_seq'),10.00);insert into historico_status_contribuinte(data_inicial_vigencia, status)values('2001-01-01','ATIVADO');insert into contribuinte_historico_status_contribuinte(id_contribuinte, id_historico_status_contribuinte)values(669,currval('historico_status_contribuinte_id_seq'));
insert into contato(ramal)values('');insert into telefone(tipo, ddd, telefone, id_contato)values('RESIDENCIAL', '11', '55124713', currval('contato_id_seq'));insert into telefone(tipo, ddd, telefone, id_contato)values('COMERCIAL', '','0', currval('contato_id_seq'));insert into endereco (data_inicial_vigencia, endereco, cep)values('2000-01-01','ESTRADA DE ITAPECIRICA, 4462 BL. 8 AP.24','5858000');insert into contribuinte(id,  data_cadastro, nome_empresa, id_endereco, id_contato, valor_contribuicao)values(670,'01/04/1997','HEBY BRAGATTO',currval('endereco_id_seq'), currval('contato_id_seq'),10.00);insert into historico_status_contribuinte(data_inicial_vigencia, status)values('2001-01-01','ATIVADO');insert into contribuinte_historico_status_contribuinte(id_contribuinte, id_historico_status_contribuinte)values(670,currval('historico_status_contribuinte_id_seq'));
insert into contato(ramal)values('');insert into telefone(tipo, ddd, telefone, id_contato)values('RESIDENCIAL', '11', '5207161', currval('contato_id_seq'));insert into telefone(tipo, ddd, telefone, id_contato)values('COMERCIAL', '','0', currval('contato_id_seq'));insert into endereco (data_inicial_vigencia, endereco, cep)values('2000-01-01','RUA JOSE FIALHO VIANNA, 90','4826180');insert into contribuinte(id,  data_cadastro, nome_empresa, id_endereco, id_contato, valor_contribuicao)values(671,'01/04/1997','MAYRA POLYANA MELLO',currval('endereco_id_seq'), currval('contato_id_seq'),10.00);insert into historico_status_contribuinte(data_inicial_vigencia, status)values('2001-01-01','ATIVADO');insert into contribuinte_historico_status_contribuinte(id_contribuinte, id_historico_status_contribuinte)values(671,currval('historico_status_contribuinte_id_seq'));
insert into contato(ramal)values('');insert into telefone(tipo, ddd, telefone, id_contato)values('RESIDENCIAL', '11', '5222175', currval('contato_id_seq'));insert into telefone(tipo, ddd, telefone, id_contato)values('COMERCIAL', '','0', currval('contato_id_seq'));insert into endereco (data_inicial_vigencia, endereco, cep)values('2000-01-01','RUA IGUATINGA, 325','4744040');insert into contribuinte(id,  data_cadastro, nome_empresa, id_endereco, id_contato, valor_contribuicao)values(672,'01/04/1997','ANGELICA LANG KLAUSSNER',currval('endereco_id_seq'), currval('contato_id_seq'),20.00);insert into historico_status_contribuinte(data_inicial_vigencia, status)values('2001-01-01','ATIVADO');insert into contribuinte_historico_status_contribuinte(id_contribuinte, id_historico_status_contribuinte)values(672,currval('historico_status_contribuinte_id_seq'));
insert into contato(ramal)values('');insert into telefone(tipo, ddd, telefone, id_contato)values('RESIDENCIAL', '11', '2741911', currval('contato_id_seq'));insert into telefone(tipo, ddd, telefone, id_contato)values('COMERCIAL', '','0', currval('contato_id_seq'));insert into endereco (data_inicial_vigencia, endereco, cep)values('2000-01-01','PRACA FRANKLIN ROOSEVELT, 234 APTO.24','1303020');insert into contribuinte(id,  data_cadastro, nome_empresa, id_endereco, id_contato, valor_contribuicao)values(673,'18/04/1997','EDMUR CECILIATO DE CAMPOS',currval('endereco_id_seq'), currval('contato_id_seq'),10.00);insert into historico_status_contribuinte(data_inicial_vigencia, status)values('2001-01-01','ATIVADO');insert into contribuinte_historico_status_contribuinte(id_contribuinte, id_historico_status_contribuinte)values(673,currval('historico_status_contribuinte_id_seq'));
insert into contato(ramal)values('');insert into telefone(tipo, ddd, telefone, id_contato)values('RESIDENCIAL', '11', '38883026', currval('contato_id_seq'));insert into telefone(tipo, ddd, telefone, id_contato)values('COMERCIAL', '','0', currval('contato_id_seq'));insert into endereco (data_inicial_vigencia, endereco, cep)values('2000-01-01','AV JAMARIS 762 AP 32 MOEMA','4078002');insert into contribuinte(id,  data_cadastro, nome_empresa, id_endereco, id_contato, valor_contribuicao)values(675,'23/04/1997','OSVALDO GOMES DOS SANTOS',currval('endereco_id_seq'), currval('contato_id_seq'),50.00);insert into historico_status_contribuinte(data_inicial_vigencia, status)values('2001-01-01','ATIVADO');insert into contribuinte_historico_status_contribuinte(id_contribuinte, id_historico_status_contribuinte)values(675,currval('historico_status_contribuinte_id_seq'));
insert into contato(ramal)values('');insert into telefone(tipo, ddd, telefone, id_contato)values('RESIDENCIAL', '11', '5480108', currval('contato_id_seq'));insert into telefone(tipo, ddd, telefone, id_contato)values('COMERCIAL', '','0', currval('contato_id_seq'));insert into endereco (data_inicial_vigencia, endereco, cep)values('2000-01-01','R NIDERAL FELIX MACHADO, 205','4676030');insert into contribuinte(id,  data_cadastro, nome_empresa, id_endereco, id_contato, valor_contribuicao)values(677,'24/04/1997','KIYOSHI IDOGAWA JUNIOR',currval('endereco_id_seq'), currval('contato_id_seq'),10.00);insert into historico_status_contribuinte(data_inicial_vigencia, status)values('2001-01-01','ATIVADO');insert into contribuinte_historico_status_contribuinte(id_contribuinte, id_historico_status_contribuinte)values(677,currval('historico_status_contribuinte_id_seq'));
insert into contato(ramal)values('');insert into telefone(tipo, ddd, telefone, id_contato)values('RESIDENCIAL', '11', '36626177', currval('contato_id_seq'));insert into telefone(tipo, ddd, telefone, id_contato)values('COMERCIAL', '','0', currval('contato_id_seq'));insert into endereco (data_inicial_vigencia, endereco, cep)values('2000-01-01','AV. CUPECE, 1642 APTO 44','4366000');insert into contribuinte(id,  data_cadastro, nome_empresa, id_endereco, id_contato, valor_contribuicao)values(678,'24/04/1997','FERNANDA NUNES DEARO',currval('endereco_id_seq'), currval('contato_id_seq'),10.00);insert into historico_status_contribuinte(data_inicial_vigencia, status)values('2001-01-01','ATIVADO');insert into contribuinte_historico_status_contribuinte(id_contribuinte, id_historico_status_contribuinte)values(678,currval('historico_status_contribuinte_id_seq'));
insert into contato(ramal)values('');insert into telefone(tipo, ddd, telefone, id_contato)values('RESIDENCIAL', '11', '2862461', currval('contato_id_seq'));insert into telefone(tipo, ddd, telefone, id_contato)values('COMERCIAL', '','0', currval('contato_id_seq'));insert into endereco (data_inicial_vigencia, endereco, cep)values('2000-01-01','RUA PRISCILIANA DUARTE, 17','4291040');insert into contribuinte(id,  data_cadastro, nome_empresa, id_endereco, id_contato, valor_contribuicao)values(679,'24/04/1997','PAULO ROBERTO SA PINTO SANNA',currval('endereco_id_seq'), currval('contato_id_seq'),50.00);insert into historico_status_contribuinte(data_inicial_vigencia, status)values('2001-01-01','ATIVADO');insert into contribuinte_historico_status_contribuinte(id_contribuinte, id_historico_status_contribuinte)values(679,currval('historico_status_contribuinte_id_seq'));
insert into contato(ramal)values('');insert into telefone(tipo, ddd, telefone, id_contato)values('RESIDENCIAL', '11', '30885143', currval('contato_id_seq'));insert into telefone(tipo, ddd, telefone, id_contato)values('COMERCIAL', '','0', currval('contato_id_seq'));insert into endereco (data_inicial_vigencia, endereco, cep)values('2000-01-01','RUA JOAQUIM ANTUNES 600 APTO 11','5415011');insert into contribuinte(id,  data_cadastro, nome_empresa, id_endereco, id_contato, valor_contribuicao)values(680,'24/04/1997','CLELIA BRUNETTI PENTEADO',currval('endereco_id_seq'), currval('contato_id_seq'),50.00);insert into historico_status_contribuinte(data_inicial_vigencia, status)values('2001-01-01','ATIVADO');insert into contribuinte_historico_status_contribuinte(id_contribuinte, id_historico_status_contribuinte)values(680,currval('historico_status_contribuinte_id_seq'));
insert into contato(ramal)values('');insert into telefone(tipo, ddd, telefone, id_contato)values('RESIDENCIAL', '19', '8752062', currval('contato_id_seq'));insert into telefone(tipo, ddd, telefone, id_contato)values('COMERCIAL', '','0', currval('contato_id_seq'));insert into endereco (data_inicial_vigencia, endereco, cep)values('2000-01-01','RUA PEDRO DE TOLEDO, 665 SL 62','13330090');insert into contribuinte(id,  data_cadastro, nome_empresa, id_endereco, id_contato, valor_contribuicao)values(681,'24/04/1997','NEUZA MORI SERIO',currval('endereco_id_seq'), currval('contato_id_seq'),20.00);insert into historico_status_contribuinte(data_inicial_vigencia, status)values('2001-01-01','ATIVADO');insert into contribuinte_historico_status_contribuinte(id_contribuinte, id_historico_status_contribuinte)values(681,currval('historico_status_contribuinte_id_seq'));
insert into contato(ramal)values('');insert into telefone(tipo, ddd, telefone, id_contato)values('RESIDENCIAL', '11', '8714643', currval('contato_id_seq'));insert into telefone(tipo, ddd, telefone, id_contato)values('COMERCIAL', '','0', currval('contato_id_seq'));insert into endereco (data_inicial_vigencia, endereco, cep)values('2000-01-01','RUA CAIO JACO, 284','5044000');insert into contribuinte(id,  data_cadastro, nome_empresa, id_endereco, id_contato, valor_contribuicao)values(682,'24/04/1997','CLAUDIO NACIF FERES',currval('endereco_id_seq'), currval('contato_id_seq'),20.00);insert into historico_status_contribuinte(data_inicial_vigencia, status)values('2001-01-01','ATIVADO');insert into contribuinte_historico_status_contribuinte(id_contribuinte, id_historico_status_contribuinte)values(682,currval('historico_status_contribuinte_id_seq'));
insert into contato(ramal)values('');insert into telefone(tipo, ddd, telefone, id_contato)values('RESIDENCIAL', '11', '55646534', currval('contato_id_seq'));insert into telefone(tipo, ddd, telefone, id_contato)values('COMERCIAL', '','0', currval('contato_id_seq'));insert into endereco (data_inicial_vigencia, endereco, cep)values('2000-01-01','RUA TIANGUA, 162 APTO 72','4363100');insert into contribuinte(id,  data_cadastro, nome_empresa, id_endereco, id_contato, valor_contribuicao)values(683,'24/04/1997','VERA A. SALGUEIRO PEREIRA',currval('endereco_id_seq'), currval('contato_id_seq'),20.00);insert into historico_status_contribuinte(data_inicial_vigencia, status)values('2001-01-01','ATIVADO');insert into contribuinte_historico_status_contribuinte(id_contribuinte, id_historico_status_contribuinte)values(683,currval('historico_status_contribuinte_id_seq'));
insert into contato(ramal)values('');insert into telefone(tipo, ddd, telefone, id_contato)values('RESIDENCIAL', '11', '6056579', currval('contato_id_seq'));insert into telefone(tipo, ddd, telefone, id_contato)values('COMERCIAL', '','0', currval('contato_id_seq'));insert into endereco (data_inicial_vigencia, endereco, cep)values('2000-01-01','RUA MARIA PAULA, 279 APTO 1905','1319909');insert into contribuinte(id,  data_cadastro, nome_empresa, id_endereco, id_contato, valor_contribuicao)values(684,'24/04/1997','LEONOR CLEIDE DICTADI',currval('endereco_id_seq'), currval('contato_id_seq'),0.00);insert into historico_status_contribuinte(data_inicial_vigencia, status)values('2001-01-01','ATIVADO');insert into contribuinte_historico_status_contribuinte(id_contribuinte, id_historico_status_contribuinte)values(684,currval('historico_status_contribuinte_id_seq'));
insert into contato(ramal)values('');insert into telefone(tipo, ddd, telefone, id_contato)values('RESIDENCIAL', '11', '5224740', currval('contato_id_seq'));insert into telefone(tipo, ddd, telefone, id_contato)values('COMERCIAL', '','0', currval('contato_id_seq'));insert into endereco (data_inicial_vigencia, endereco, cep)values('2000-01-01','ESTRADA DO ALVARENGA, 1015','4462000');insert into contribuinte(id,  data_cadastro, nome_empresa, id_endereco, id_contato, valor_contribuicao)values(685,'24/04/1997','FERNANDA DE AZEVEDO BRITO',currval('endereco_id_seq'), currval('contato_id_seq'),10.00);insert into historico_status_contribuinte(data_inicial_vigencia, status)values('2001-01-01','ATIVADO');insert into contribuinte_historico_status_contribuinte(id_contribuinte, id_historico_status_contribuinte)values(685,currval('historico_status_contribuinte_id_seq'));
insert into contato(ramal)values('');insert into telefone(tipo, ddd, telefone, id_contato)values('RESIDENCIAL', '11', '5224740', currval('contato_id_seq'));insert into telefone(tipo, ddd, telefone, id_contato)values('COMERCIAL', '','0', currval('contato_id_seq'));insert into endereco (data_inicial_vigencia, endereco, cep)values('2000-01-01','AV.NOSSA SENHORA DO SABARA, 2211','4685005');insert into contribuinte(id,  data_cadastro, nome_empresa, id_endereco, id_contato, valor_contribuicao)values(686,'24/04/1997','MARCIO HIDEKAZO KIMURA',currval('endereco_id_seq'), currval('contato_id_seq'),10.00);insert into historico_status_contribuinte(data_inicial_vigencia, status)values('2001-01-01','ATIVADO');insert into contribuinte_historico_status_contribuinte(id_contribuinte, id_historico_status_contribuinte)values(686,currval('historico_status_contribuinte_id_seq'));
insert into contato(ramal)values('');insert into telefone(tipo, ddd, telefone, id_contato)values('RESIDENCIAL', '11', '8280705', currval('contato_id_seq'));insert into telefone(tipo, ddd, telefone, id_contato)values('COMERCIAL', '','0', currval('contato_id_seq'));insert into endereco (data_inicial_vigencia, endereco, cep)values('2000-01-01','RUA PARA, 241 APTO 82','1243020');insert into contribuinte(id,  data_cadastro, nome_empresa, id_endereco, id_contato, valor_contribuicao)values(687,'02/01/1995','PAOLO GIORGIO BRENTANI',currval('endereco_id_seq'), currval('contato_id_seq'),10.00);insert into historico_status_contribuinte(data_inicial_vigencia, status)values('2001-01-01','ATIVADO');insert into contribuinte_historico_status_contribuinte(id_contribuinte, id_historico_status_contribuinte)values(687,currval('historico_status_contribuinte_id_seq'));
insert into contato(ramal)values('');insert into telefone(tipo, ddd, telefone, id_contato)values('RESIDENCIAL', '11', '38728867', currval('contato_id_seq'));insert into telefone(tipo, ddd, telefone, id_contato)values('COMERCIAL', '','0', currval('contato_id_seq'));insert into endereco (data_inicial_vigencia, endereco, cep)values('2000-01-01','RUA COTOXO, 637 APTO.182','5021000');insert into contribuinte(id,  data_cadastro, nome_empresa, id_endereco, id_contato, valor_contribuicao)values(688,'02/01/1995','ALEXANDRE FERNANDES PACHECO',currval('endereco_id_seq'), currval('contato_id_seq'),20.00);insert into historico_status_contribuinte(data_inicial_vigencia, status)values('2001-01-01','ATIVADO');insert into contribuinte_historico_status_contribuinte(id_contribuinte, id_historico_status_contribuinte)values(688,currval('historico_status_contribuinte_id_seq'));
insert into contato(ramal)values('');insert into telefone(tipo, ddd, telefone, id_contato)values('RESIDENCIAL', '11', '2883102', currval('contato_id_seq'));insert into telefone(tipo, ddd, telefone, id_contato)values('COMERCIAL', '','0', currval('contato_id_seq'));insert into endereco (data_inicial_vigencia, endereco, cep)values('2000-01-01','AL.RIO CLARO, 157 9.ANDAR APTO 91','1332010');insert into contribuinte(id,  data_cadastro, nome_empresa, id_endereco, id_contato, valor_contribuicao)values(689,'02/01/1995','WALKYRIA SALVADORI',currval('endereco_id_seq'), currval('contato_id_seq'),20.00);insert into historico_status_contribuinte(data_inicial_vigencia, status)values('2001-01-01','ATIVADO');insert into contribuinte_historico_status_contribuinte(id_contribuinte, id_historico_status_contribuinte)values(689,currval('historico_status_contribuinte_id_seq'));
insert into contato(ramal)values('');insert into telefone(tipo, ddd, telefone, id_contato)values('RESIDENCIAL', '11', '38622110', currval('contato_id_seq'));insert into telefone(tipo, ddd, telefone, id_contato)values('COMERCIAL', '','0', currval('contato_id_seq'));insert into endereco (data_inicial_vigencia, endereco, cep)values('2000-01-01','RUA BARAO DO BANANAL, 822 - APTO.01','5024000');insert into contribuinte(id,  data_cadastro, nome_empresa, id_endereco, id_contato, valor_contribuicao)values(691,'02/01/1995','CAMILLA TRIVILINO',currval('endereco_id_seq'), currval('contato_id_seq'),20.00);insert into historico_status_contribuinte(data_inicial_vigencia, status)values('2001-01-01','ATIVADO');insert into contribuinte_historico_status_contribuinte(id_contribuinte, id_historico_status_contribuinte)values(691,currval('historico_status_contribuinte_id_seq'));
insert into contato(ramal)values('215');insert into telefone(tipo, ddd, telefone, id_contato)values('RESIDENCIAL', '11', '8263744', currval('contato_id_seq'));insert into telefone(tipo, ddd, telefone, id_contato)values('COMERCIAL', '','0', currval('contato_id_seq'));insert into endereco (data_inicial_vigencia, endereco, cep)values('2000-01-01','R: CONSELHEIRO BROTERO, 353','1154000');insert into contribuinte(id,  data_cadastro, nome_empresa, id_endereco, id_contato, valor_contribuicao)values(693,'06/05/1997','MARIA ROSELI SOUZA DE CARVALHO',currval('endereco_id_seq'), currval('contato_id_seq'),5.00);insert into historico_status_contribuinte(data_inicial_vigencia, status)values('2001-01-01','ATIVADO');insert into contribuinte_historico_status_contribuinte(id_contribuinte, id_historico_status_contribuinte)values(693,currval('historico_status_contribuinte_id_seq'));
insert into contato(ramal)values('');insert into telefone(tipo, ddd, telefone, id_contato)values('RESIDENCIAL', '55', '5521416', currval('contato_id_seq'));insert into telefone(tipo, ddd, telefone, id_contato)values('COMERCIAL', '','0', currval('contato_id_seq'));insert into endereco (data_inicial_vigencia, endereco, cep)values('2000-01-01','RUA DUQUE DE CAXIAS, 79 - CENTRO','18320000');insert into contribuinte(id,  data_cadastro, nome_empresa, id_endereco, id_contato, valor_contribuicao)values(694,'07/05/1997','VITORIO JOAO SANTINI',currval('endereco_id_seq'), currval('contato_id_seq'),20.00);insert into historico_status_contribuinte(data_inicial_vigencia, status)values('2001-01-01','ATIVADO');insert into contribuinte_historico_status_contribuinte(id_contribuinte, id_historico_status_contribuinte)values(694,currval('historico_status_contribuinte_id_seq'));
insert into contato(ramal)values('');insert into telefone(tipo, ddd, telefone, id_contato)values('RESIDENCIAL', '', '6021094', currval('contato_id_seq'));insert into telefone(tipo, ddd, telefone, id_contato)values('COMERCIAL', '','0', currval('contato_id_seq'));insert into endereco (data_inicial_vigencia, endereco, cep)values('2000-01-01','RUA ANA MARIA DA CONCEICAO SOUZA, 13','7142660');insert into contribuinte(id,  data_cadastro, nome_empresa, id_endereco, id_contato, valor_contribuicao)values(695,'07/05/1997','JOSE NUNES SOBRINHO',currval('endereco_id_seq'), currval('contato_id_seq'),10.00);insert into historico_status_contribuinte(data_inicial_vigencia, status)values('2001-01-01','ATIVADO');insert into contribuinte_historico_status_contribuinte(id_contribuinte, id_historico_status_contribuinte)values(695,currval('historico_status_contribuinte_id_seq'));
insert into contato(ramal)values('');insert into telefone(tipo, ddd, telefone, id_contato)values('RESIDENCIAL', '11', '41466118', currval('contato_id_seq'));insert into telefone(tipo, ddd, telefone, id_contato)values('COMERCIAL', '','0', currval('contato_id_seq'));insert into endereco (data_inicial_vigencia, endereco, cep)values('2000-01-01','R OURO PRETO,210 COND.JD.COLONIAL','6350270');insert into contribuinte(id,  data_cadastro, nome_empresa, id_endereco, id_contato, valor_contribuicao)values(696,'07/05/1997','MARIA DO CARMO MEIRELLES TOLEDO CRUZ',currval('endereco_id_seq'), currval('contato_id_seq'),30.00);insert into historico_status_contribuinte(data_inicial_vigencia, status)values('2001-01-01','ATIVADO');insert into contribuinte_historico_status_contribuinte(id_contribuinte, id_historico_status_contribuinte)values(696,currval('historico_status_contribuinte_id_seq'));
insert into contato(ramal)values('');insert into telefone(tipo, ddd, telefone, id_contato)values('RESIDENCIAL', '18', '3227985', currval('contato_id_seq'));insert into telefone(tipo, ddd, telefone, id_contato)values('COMERCIAL', '','0', currval('contato_id_seq'));insert into endereco (data_inicial_vigencia, endereco, cep)values('2000-01-01','R BENEDITO LUTTI, 867','19800000');insert into contribuinte(id,  data_cadastro, nome_empresa, id_endereco, id_contato, valor_contribuicao)values(697,'07/05/1997','EDSON LUIS GONZALES',currval('endereco_id_seq'), currval('contato_id_seq'),10.00);insert into historico_status_contribuinte(data_inicial_vigencia, status)values('2001-01-01','ATIVADO');insert into contribuinte_historico_status_contribuinte(id_contribuinte, id_historico_status_contribuinte)values(697,currval('historico_status_contribuinte_id_seq'));
insert into contato(ramal)values('');insert into telefone(tipo, ddd, telefone, id_contato)values('RESIDENCIAL', '11', '2661887', currval('contato_id_seq'));insert into telefone(tipo, ddd, telefone, id_contato)values('COMERCIAL', '','0', currval('contato_id_seq'));insert into endereco (data_inicial_vigencia, endereco, cep)values('2000-01-01','RUA GUARIZINHO, 287','2530010');insert into contribuinte(id,  data_cadastro, nome_empresa, id_endereco, id_contato, valor_contribuicao)values(698,'07/05/1997','FELIPE FREIRE',currval('endereco_id_seq'), currval('contato_id_seq'),10.00);insert into historico_status_contribuinte(data_inicial_vigencia, status)values('2001-01-01','ATIVADO');insert into contribuinte_historico_status_contribuinte(id_contribuinte, id_historico_status_contribuinte)values(698,currval('historico_status_contribuinte_id_seq'));
insert into contato(ramal)values('');insert into telefone(tipo, ddd, telefone, id_contato)values('RESIDENCIAL', '11', '8348489', currval('contato_id_seq'));insert into telefone(tipo, ddd, telefone, id_contato)values('COMERCIAL', '','0', currval('contato_id_seq'));insert into endereco (data_inicial_vigencia, endereco, cep)values('2000-01-01','R MARINA CAMARGO, 304','5128080');insert into contribuinte(id,  data_cadastro, nome_empresa, id_endereco, id_contato, valor_contribuicao)values(699,'07/05/1997','DAISY C. DA CUNHA',currval('endereco_id_seq'), currval('contato_id_seq'),10.00);insert into historico_status_contribuinte(data_inicial_vigencia, status)values('2001-01-01','ATIVADO');insert into contribuinte_historico_status_contribuinte(id_contribuinte, id_historico_status_contribuinte)values(699,currval('historico_status_contribuinte_id_seq'));
insert into contato(ramal)values('');insert into telefone(tipo, ddd, telefone, id_contato)values('RESIDENCIAL', '11', '8424787', currval('contato_id_seq'));insert into telefone(tipo, ddd, telefone, id_contato)values('COMERCIAL', '','0', currval('contato_id_seq'));insert into endereco (data_inicial_vigencia, endereco, cep)values('2000-01-01','AV JOSE GALANTE, 650 APTO 31','5642001');insert into contribuinte(id,  data_cadastro, nome_empresa, id_endereco, id_contato, valor_contribuicao)values(700,'07/05/1997','PRISCILLA CRISQUINTO LONE',currval('endereco_id_seq'), currval('contato_id_seq'),10.00);insert into historico_status_contribuinte(data_inicial_vigencia, status)values('2001-01-01','ATIVADO');insert into contribuinte_historico_status_contribuinte(id_contribuinte, id_historico_status_contribuinte)values(700,currval('historico_status_contribuinte_id_seq'));
insert into contato(ramal)values('');insert into telefone(tipo, ddd, telefone, id_contato)values('RESIDENCIAL', '11', '37446368', currval('contato_id_seq'));insert into telefone(tipo, ddd, telefone, id_contato)values('COMERCIAL', '','0', currval('contato_id_seq'));insert into endereco (data_inicial_vigencia, endereco, cep)values('2000-01-01','RUA PEDRO GOMES CARDIM, 128 APTO 81-A','5617000');insert into contribuinte(id,  data_cadastro, nome_empresa, id_endereco, id_contato, valor_contribuicao)values(701,'07/05/1997','ELIANE MATIELLO SORIANO A. SAMPAIO',currval('endereco_id_seq'), currval('contato_id_seq'),10.00);insert into historico_status_contribuinte(data_inicial_vigencia, status)values('2001-01-01','ATIVADO');insert into contribuinte_historico_status_contribuinte(id_contribuinte, id_historico_status_contribuinte)values(701,currval('historico_status_contribuinte_id_seq'));
insert into contato(ramal)values('');insert into telefone(tipo, ddd, telefone, id_contato)values('RESIDENCIAL', '11', '8711445', currval('contato_id_seq'));insert into telefone(tipo, ddd, telefone, id_contato)values('COMERCIAL', '','0', currval('contato_id_seq'));insert into endereco (data_inicial_vigencia, endereco, cep)values('2000-01-01','RUA AIMBERE, 36','5018010');insert into contribuinte(id,  data_cadastro, nome_empresa, id_endereco, id_contato, valor_contribuicao)values(703,'07/05/1997','RUTH S. MARTINS',currval('endereco_id_seq'), currval('contato_id_seq'),10.00);insert into historico_status_contribuinte(data_inicial_vigencia, status)values('2001-01-01','ATIVADO');insert into contribuinte_historico_status_contribuinte(id_contribuinte, id_historico_status_contribuinte)values(703,currval('historico_status_contribuinte_id_seq'));
insert into contato(ramal)values('');insert into telefone(tipo, ddd, telefone, id_contato)values('RESIDENCIAL', '11', '8711445', currval('contato_id_seq'));insert into telefone(tipo, ddd, telefone, id_contato)values('COMERCIAL', '','0', currval('contato_id_seq'));insert into endereco (data_inicial_vigencia, endereco, cep)values('2000-01-01','RUA AIMBERE, 36','5018010');insert into contribuinte(id,  data_cadastro, nome_empresa, id_endereco, id_contato, valor_contribuicao)values(704,'07/05/1997','MIGUEL MARTINS',currval('endereco_id_seq'), currval('contato_id_seq'),20.00);insert into historico_status_contribuinte(data_inicial_vigencia, status)values('2001-01-01','ATIVADO');insert into contribuinte_historico_status_contribuinte(id_contribuinte, id_historico_status_contribuinte)values(704,currval('historico_status_contribuinte_id_seq'));
insert into contato(ramal)values('');insert into telefone(tipo, ddd, telefone, id_contato)values('RESIDENCIAL', '11', '39317790', currval('contato_id_seq'));insert into telefone(tipo, ddd, telefone, id_contato)values('COMERCIAL', '','0', currval('contato_id_seq'));insert into endereco (data_inicial_vigencia, endereco, cep)values('2000-01-01','RUA ANTONIA MARIA DE BARROS, 136','2729050');insert into contribuinte(id,  data_cadastro, nome_empresa, id_endereco, id_contato, valor_contribuicao)values(705,'07/05/1997','ROSA MARIA BASKAUSKAS BOCCATO',currval('endereco_id_seq'), currval('contato_id_seq'),50.00);insert into historico_status_contribuinte(data_inicial_vigencia, status)values('2001-01-01','ATIVADO');insert into contribuinte_historico_status_contribuinte(id_contribuinte, id_historico_status_contribuinte)values(705,currval('historico_status_contribuinte_id_seq'));
insert into contato(ramal)values('');insert into telefone(tipo, ddd, telefone, id_contato)values('RESIDENCIAL', '11', '2877728', currval('contato_id_seq'));insert into telefone(tipo, ddd, telefone, id_contato)values('COMERCIAL', '','0', currval('contato_id_seq'));insert into endereco (data_inicial_vigencia, endereco, cep)values('2000-01-01','AL. JOAQUIM EUGENIO DE LIMA 928 APTO 52','1403000');insert into contribuinte(id,  data_cadastro, nome_empresa, id_endereco, id_contato, valor_contribuicao)values(706,'07/05/1997','AUBE SANTANNA GOMES DA SILVA',currval('endereco_id_seq'), currval('contato_id_seq'),10.00);insert into historico_status_contribuinte(data_inicial_vigencia, status)values('2001-01-01','ATIVADO');insert into contribuinte_historico_status_contribuinte(id_contribuinte, id_historico_status_contribuinte)values(706,currval('historico_status_contribuinte_id_seq'));
insert into contato(ramal)values('');insert into telefone(tipo, ddd, telefone, id_contato)values('RESIDENCIAL', '11', '9507236', currval('contato_id_seq'));insert into telefone(tipo, ddd, telefone, id_contato)values('COMERCIAL', '','0', currval('contato_id_seq'));insert into endereco (data_inicial_vigencia, endereco, cep)values('2000-01-01','ALAMEDA NORONHA, 956 APTO 83','2043061');insert into contribuinte(id,  data_cadastro, nome_empresa, id_endereco, id_contato, valor_contribuicao)values(707,'19/05/1997','GRAZIA L. B. GIANFAZONI',currval('endereco_id_seq'), currval('contato_id_seq'),5.00);insert into historico_status_contribuinte(data_inicial_vigencia, status)values('2001-01-01','ATIVADO');insert into contribuinte_historico_status_contribuinte(id_contribuinte, id_historico_status_contribuinte)values(707,currval('historico_status_contribuinte_id_seq'));
insert into contato(ramal)values('');insert into telefone(tipo, ddd, telefone, id_contato)values('RESIDENCIAL', '11', '2558296', currval('contato_id_seq'));insert into telefone(tipo, ddd, telefone, id_contato)values('COMERCIAL', '','0', currval('contato_id_seq'));insert into endereco (data_inicial_vigencia, endereco, cep)values('2000-01-01','PRACA DA REPUBLICA, 53 1. ANDAR SALA 138','1045001');insert into contribuinte(id,  data_cadastro, nome_empresa, id_endereco, id_contato, valor_contribuicao)values(708,'19/05/1997','MARTHA FLORIO',currval('endereco_id_seq'), currval('contato_id_seq'),20.00);insert into historico_status_contribuinte(data_inicial_vigencia, status)values('2001-01-01','ATIVADO');insert into contribuinte_historico_status_contribuinte(id_contribuinte, id_historico_status_contribuinte)values(708,currval('historico_status_contribuinte_id_seq'));
insert into contato(ramal)values('');insert into telefone(tipo, ddd, telefone, id_contato)values('RESIDENCIAL', '11', '2986559', currval('contato_id_seq'));insert into telefone(tipo, ddd, telefone, id_contato)values('COMERCIAL', '','0', currval('contato_id_seq'));insert into endereco (data_inicial_vigencia, endereco, cep)values('2000-01-01','AV DR GABRIEL PIZA, 719 CASA 10','2036001');insert into contribuinte(id,  data_cadastro, nome_empresa, id_endereco, id_contato, valor_contribuicao)values(709,'19/05/1997','NORMA GIANFARDONI RUSSO',currval('endereco_id_seq'), currval('contato_id_seq'),20.00);insert into historico_status_contribuinte(data_inicial_vigencia, status)values('2001-01-01','ATIVADO');insert into contribuinte_historico_status_contribuinte(id_contribuinte, id_historico_status_contribuinte)values(709,currval('historico_status_contribuinte_id_seq'));
insert into contato(ramal)values('');insert into telefone(tipo, ddd, telefone, id_contato)values('RESIDENCIAL', '11', '2986559', currval('contato_id_seq'));insert into telefone(tipo, ddd, telefone, id_contato)values('COMERCIAL', '','0', currval('contato_id_seq'));insert into endereco (data_inicial_vigencia, endereco, cep)values('2000-01-01','R DR GABRIEL PIZA, 719 CASA 10','2036011');insert into contribuinte(id,  data_cadastro, nome_empresa, id_endereco, id_contato, valor_contribuicao)values(710,'19/05/1997','ELYNOR GIANFARDONE',currval('endereco_id_seq'), currval('contato_id_seq'),50.00);insert into historico_status_contribuinte(data_inicial_vigencia, status)values('2001-01-01','ATIVADO');insert into contribuinte_historico_status_contribuinte(id_contribuinte, id_historico_status_contribuinte)values(710,currval('historico_status_contribuinte_id_seq'));
insert into contato(ramal)values('');insert into telefone(tipo, ddd, telefone, id_contato)values('RESIDENCIAL', '11', '99345071', currval('contato_id_seq'));insert into telefone(tipo, ddd, telefone, id_contato)values('COMERCIAL', '','0', currval('contato_id_seq'));insert into endereco (data_inicial_vigencia, endereco, cep)values('2000-01-01','R LUIS ARAUJO FARIA, 411','5633040');insert into contribuinte(id,  data_cadastro, nome_empresa, id_endereco, id_contato, valor_contribuicao)values(711,'22/05/1997','ANTONIO ROBERTO SEBASTIAO CANDIDO',currval('endereco_id_seq'), currval('contato_id_seq'),50.00);insert into historico_status_contribuinte(data_inicial_vigencia, status)values('2001-01-01','ATIVADO');insert into contribuinte_historico_status_contribuinte(id_contribuinte, id_historico_status_contribuinte)values(711,currval('historico_status_contribuinte_id_seq'));
insert into contato(ramal)values('');insert into telefone(tipo, ddd, telefone, id_contato)values('RESIDENCIAL', '11', '38643254', currval('contato_id_seq'));insert into telefone(tipo, ddd, telefone, id_contato)values('COMERCIAL', '','0', currval('contato_id_seq'));insert into endereco (data_inicial_vigencia, endereco, cep)values('2000-01-01','R DR CANDIDO ESPINHEIRA, 755 - PERDIZES','5004000');insert into contribuinte(id,  data_cadastro, nome_empresa, id_endereco, id_contato, valor_contribuicao)values(712,'23/05/1997','ROBERTO CAMPOS GAMA',currval('endereco_id_seq'), currval('contato_id_seq'),25.00);insert into historico_status_contribuinte(data_inicial_vigencia, status)values('2001-01-01','ATIVADO');insert into contribuinte_historico_status_contribuinte(id_contribuinte, id_historico_status_contribuinte)values(712,currval('historico_status_contribuinte_id_seq'));
insert into contato(ramal)values('');insert into telefone(tipo, ddd, telefone, id_contato)values('RESIDENCIAL', '11', '8154387', currval('contato_id_seq'));insert into telefone(tipo, ddd, telefone, id_contato)values('COMERCIAL', '','0', currval('contato_id_seq'));insert into endereco (data_inicial_vigencia, endereco, cep)values('2000-01-01','PQ. GUIDO CAGNACU, 5','5444060');insert into contribuinte(id,  data_cadastro, nome_empresa, id_endereco, id_contato, valor_contribuicao)values(713,'04/06/1997','MIRIAM ABDUCH',currval('endereco_id_seq'), currval('contato_id_seq'),20.00);insert into historico_status_contribuinte(data_inicial_vigencia, status)values('2001-01-01','ATIVADO');insert into contribuinte_historico_status_contribuinte(id_contribuinte, id_historico_status_contribuinte)values(713,currval('historico_status_contribuinte_id_seq'));
insert into contato(ramal)values('');insert into telefone(tipo, ddd, telefone, id_contato)values('RESIDENCIAL', '11', '38122550', currval('contato_id_seq'));insert into telefone(tipo, ddd, telefone, id_contato)values('COMERCIAL', '','0', currval('contato_id_seq'));insert into endereco (data_inicial_vigencia, endereco, cep)values('2000-01-01','PC. GUIDO CAGNACCI, 05-ALTO DE PINHEIROS','5444060');insert into contribuinte(id,  data_cadastro, nome_empresa, id_endereco, id_contato, valor_contribuicao)values(714,'04/06/1997','MARIA CRISTINA DONADIO ABDUCH',currval('endereco_id_seq'), currval('contato_id_seq'),50.00);insert into historico_status_contribuinte(data_inicial_vigencia, status)values('2001-01-01','ATIVADO');insert into contribuinte_historico_status_contribuinte(id_contribuinte, id_historico_status_contribuinte)values(714,currval('historico_status_contribuinte_id_seq'));
insert into contato(ramal)values('');insert into telefone(tipo, ddd, telefone, id_contato)values('RESIDENCIAL', '19', '38672588', currval('contato_id_seq'));insert into telefone(tipo, ddd, telefone, id_contato)values('COMERCIAL', '','0', currval('contato_id_seq'));insert into endereco (data_inicial_vigencia, endereco, cep)values('2000-01-01','PR. SANTA CRUZ, 24  - STA. CRUZ','13820000');insert into contribuinte(id,  data_cadastro, nome_empresa, id_endereco, id_contato, valor_contribuicao)values(715,'04/06/1997','REGIANE PERON DE GODOY',currval('endereco_id_seq'), currval('contato_id_seq'),10.00);insert into historico_status_contribuinte(data_inicial_vigencia, status)values('2001-01-01','ATIVADO');insert into contribuinte_historico_status_contribuinte(id_contribuinte, id_historico_status_contribuinte)values(715,currval('historico_status_contribuinte_id_seq'));
insert into contato(ramal)values('');insert into telefone(tipo, ddd, telefone, id_contato)values('RESIDENCIAL', '11', '6053289', currval('contato_id_seq'));insert into telefone(tipo, ddd, telefone, id_contato)values('COMERCIAL', '','0', currval('contato_id_seq'));insert into endereco (data_inicial_vigencia, endereco, cep)values('2000-01-01','AV. IPIRANGA, 103 CJ 61/62','1046010');insert into contribuinte(id,  data_cadastro, nome_empresa, id_endereco, id_contato, valor_contribuicao)values(716,'04/06/1997','OSNY TELLES ORSELLI',currval('endereco_id_seq'), currval('contato_id_seq'),50.00);insert into historico_status_contribuinte(data_inicial_vigencia, status)values('2001-01-01','ATIVADO');insert into contribuinte_historico_status_contribuinte(id_contribuinte, id_historico_status_contribuinte)values(716,currval('historico_status_contribuinte_id_seq'));
insert into contato(ramal)values('');insert into telefone(tipo, ddd, telefone, id_contato)values('RESIDENCIAL', '11', '55817893', currval('contato_id_seq'));insert into telefone(tipo, ddd, telefone, id_contato)values('COMERCIAL', '11','30485076', currval('contato_id_seq'));insert into endereco (data_inicial_vigencia, endereco, cep)values('2000-01-01','R ALBERTO LEAL, 517','4343000');insert into contribuinte(id,  data_cadastro, nome_empresa, id_endereco, id_contato, valor_contribuicao)values(717,'04/06/1997','IRENE ALVES CORREA',currval('endereco_id_seq'), currval('contato_id_seq'),20.00);insert into historico_status_contribuinte(data_inicial_vigencia, status)values('2001-01-01','ATIVADO');insert into contribuinte_historico_status_contribuinte(id_contribuinte, id_historico_status_contribuinte)values(717,currval('historico_status_contribuinte_id_seq'));
insert into contato(ramal)values('');insert into telefone(tipo, ddd, telefone, id_contato)values('RESIDENCIAL', '21', '2050085', currval('contato_id_seq'));insert into telefone(tipo, ddd, telefone, id_contato)values('COMERCIAL', '','0', currval('contato_id_seq'));insert into endereco (data_inicial_vigencia, endereco, cep)values('2000-01-01','RUA MACHADO DE ASSIS, 55 APTO 706','22220060');insert into contribuinte(id,  data_cadastro, nome_empresa, id_endereco, id_contato, valor_contribuicao)values(718,'04/06/1997','MARIA JULIA MORAIS',currval('endereco_id_seq'), currval('contato_id_seq'),50.00);insert into historico_status_contribuinte(data_inicial_vigencia, status)values('2001-01-01','ATIVADO');insert into contribuinte_historico_status_contribuinte(id_contribuinte, id_historico_status_contribuinte)values(718,currval('historico_status_contribuinte_id_seq'));
insert into contato(ramal)values('');insert into telefone(tipo, ddd, telefone, id_contato)values('RESIDENCIAL', '21', '2594981', currval('contato_id_seq'));insert into telefone(tipo, ddd, telefone, id_contato)values('COMERCIAL', '','0', currval('contato_id_seq'));insert into endereco (data_inicial_vigencia, endereco, cep)values('2000-01-01','PRAIA DE BOTAFOGO 518 7 ANDAR','22250040');insert into contribuinte(id,  data_cadastro, nome_empresa, id_endereco, id_contato, valor_contribuicao)values(719,'04/06/1997','FERNANDA FERNANDES',currval('endereco_id_seq'), currval('contato_id_seq'),10.00);insert into historico_status_contribuinte(data_inicial_vigencia, status)values('2001-01-01','ATIVADO');insert into contribuinte_historico_status_contribuinte(id_contribuinte, id_historico_status_contribuinte)values(719,currval('historico_status_contribuinte_id_seq'));
insert into contato(ramal)values('');insert into telefone(tipo, ddd, telefone, id_contato)values('RESIDENCIAL', '11', '41537487', currval('contato_id_seq'));insert into telefone(tipo, ddd, telefone, id_contato)values('COMERCIAL', '','0', currval('contato_id_seq'));insert into endereco (data_inicial_vigencia, endereco, cep)values('2000-01-01','ALAMEDA CHIBARAS, 66 - RESIDENCIAL 10','6482470');insert into contribuinte(id,  data_cadastro, nome_empresa, id_endereco, id_contato, valor_contribuicao)values(720,'04/06/1997','SONIA APARECIDA SAMPAIO GONZALES',currval('endereco_id_seq'), currval('contato_id_seq'),50.00);insert into historico_status_contribuinte(data_inicial_vigencia, status)values('2001-01-01','ATIVADO');insert into contribuinte_historico_status_contribuinte(id_contribuinte, id_historico_status_contribuinte)values(720,currval('historico_status_contribuinte_id_seq'));
insert into contato(ramal)values('');insert into telefone(tipo, ddd, telefone, id_contato)values('RESIDENCIAL', '', '0', currval('contato_id_seq'));insert into telefone(tipo, ddd, telefone, id_contato)values('COMERCIAL', '','0', currval('contato_id_seq'));insert into endereco (data_inicial_vigencia, endereco, cep)values('2000-01-01','RUA CARLOS LIMA MOREL N 110 AP 271','5615040');insert into contribuinte(id,  data_cadastro, nome_empresa, id_endereco, id_contato, valor_contribuicao)values(721,'04/06/1997','AMERICO RODRIGUES DE FIGUEIREDO',currval('endereco_id_seq'), currval('contato_id_seq'),20.00);insert into historico_status_contribuinte(data_inicial_vigencia, status)values('2001-01-01','ATIVADO');insert into contribuinte_historico_status_contribuinte(id_contribuinte, id_historico_status_contribuinte)values(721,currval('historico_status_contribuinte_id_seq'));
insert into contato(ramal)values('');insert into telefone(tipo, ddd, telefone, id_contato)values('RESIDENCIAL', '11', '2577799', currval('contato_id_seq'));insert into telefone(tipo, ddd, telefone, id_contato)values('COMERCIAL', '','0', currval('contato_id_seq'));insert into endereco (data_inicial_vigencia, endereco, cep)values('2000-01-01','PR. DOM JOSE GASPAR, 30 8A','1047010');insert into contribuinte(id,  data_cadastro, nome_empresa, id_endereco, id_contato, valor_contribuicao)values(722,'04/06/1997','GERALDO LUIS SANTO MAURO',currval('endereco_id_seq'), currval('contato_id_seq'),20.00);insert into historico_status_contribuinte(data_inicial_vigencia, status)values('2001-01-01','ATIVADO');insert into contribuinte_historico_status_contribuinte(id_contribuinte, id_historico_status_contribuinte)values(722,currval('historico_status_contribuinte_id_seq'));
insert into contato(ramal)values('');insert into telefone(tipo, ddd, telefone, id_contato)values('RESIDENCIAL', '11', '8768896', currval('contato_id_seq'));insert into telefone(tipo, ddd, telefone, id_contato)values('COMERCIAL', '','0', currval('contato_id_seq'));insert into endereco (data_inicial_vigencia, endereco, cep)values('2000-01-01','RUA CHICO DE PAULA, 335 APTO 22','2926000');insert into contribuinte(id,  data_cadastro, nome_empresa, id_endereco, id_contato, valor_contribuicao)values(723,'04/06/1997','CIDALISA F. COCAI',currval('endereco_id_seq'), currval('contato_id_seq'),10.00);insert into historico_status_contribuinte(data_inicial_vigencia, status)values('2001-01-01','ATIVADO');insert into contribuinte_historico_status_contribuinte(id_contribuinte, id_historico_status_contribuinte)values(723,currval('historico_status_contribuinte_id_seq'));
insert into contato(ramal)values('');insert into telefone(tipo, ddd, telefone, id_contato)values('RESIDENCIAL', '11', '33865555', currval('contato_id_seq'));insert into telefone(tipo, ddd, telefone, id_contato)values('COMERCIAL', '','0', currval('contato_id_seq'));insert into endereco (data_inicial_vigencia, endereco, cep)values('2000-01-01','R JOAO PADILLA,198 PQ DA MOOCA','3109010');insert into contribuinte(id,  data_cadastro, nome_empresa, id_endereco, id_contato, valor_contribuicao)values(724,'04/06/1997','NEOPAN ARTIGOS INFANTIS LTDA',currval('endereco_id_seq'), currval('contato_id_seq'),20.00);insert into historico_status_contribuinte(data_inicial_vigencia, status)values('2001-01-01','ATIVADO');insert into contribuinte_historico_status_contribuinte(id_contribuinte, id_historico_status_contribuinte)values(724,currval('historico_status_contribuinte_id_seq'));
insert into contato(ramal)values('');insert into telefone(tipo, ddd, telefone, id_contato)values('RESIDENCIAL', '61', '3472808', currval('contato_id_seq'));insert into telefone(tipo, ddd, telefone, id_contato)values('COMERCIAL', '','0', currval('contato_id_seq'));insert into endereco (data_inicial_vigencia, endereco, cep)values('2000-01-01','SQN-311 BLOCO  I APTO 104','70757090');insert into contribuinte(id,  data_cadastro, nome_empresa, id_endereco, id_contato, valor_contribuicao)values(725,'16/06/1997','MARIA JOSE DE ANDRADE',currval('endereco_id_seq'), currval('contato_id_seq'),10.00);insert into historico_status_contribuinte(data_inicial_vigencia, status)values('2001-01-01','ATIVADO');insert into contribuinte_historico_status_contribuinte(id_contribuinte, id_historico_status_contribuinte)values(725,currval('historico_status_contribuinte_id_seq'));
insert into contato(ramal)values('');insert into telefone(tipo, ddd, telefone, id_contato)values('RESIDENCIAL', '15', '2352563', currval('contato_id_seq'));insert into telefone(tipo, ddd, telefone, id_contato)values('COMERCIAL', '','0', currval('contato_id_seq'));insert into endereco (data_inicial_vigencia, endereco, cep)values('2000-01-01','AV DOUTOR ARMANDO PANUNZZIO, 1800 AP.643','18050000');insert into contribuinte(id,  data_cadastro, nome_empresa, id_endereco, id_contato, valor_contribuicao)values(726,'16/06/1997','VALDIRENE DE OLIVEIRA PAZ',currval('endereco_id_seq'), currval('contato_id_seq'),20.00);insert into historico_status_contribuinte(data_inicial_vigencia, status)values('2001-01-01','ATIVADO');insert into contribuinte_historico_status_contribuinte(id_contribuinte, id_historico_status_contribuinte)values(726,currval('historico_status_contribuinte_id_seq'));
insert into contato(ramal)values('');insert into telefone(tipo, ddd, telefone, id_contato)values('RESIDENCIAL', '11', '8263744', currval('contato_id_seq'));insert into telefone(tipo, ddd, telefone, id_contato)values('COMERCIAL', '','0', currval('contato_id_seq'));insert into endereco (data_inicial_vigencia, endereco, cep)values('2000-01-01','RUA CONSELHEIRO BROTERO, 338 CENTRO','1154000');insert into contribuinte(id,  data_cadastro, nome_empresa, id_endereco, id_contato, valor_contribuicao)values(727,'25/06/1997','CONTRIBUINTE CARTEIRA',currval('endereco_id_seq'), currval('contato_id_seq'),0.00);insert into historico_status_contribuinte(data_inicial_vigencia, status)values('2001-01-01','ATIVADO');insert into contribuinte_historico_status_contribuinte(id_contribuinte, id_historico_status_contribuinte)values(727,currval('historico_status_contribuinte_id_seq'));
insert into contato(ramal)values('');insert into telefone(tipo, ddd, telefone, id_contato)values('RESIDENCIAL', '11', '8263744', currval('contato_id_seq'));insert into telefone(tipo, ddd, telefone, id_contato)values('COMERCIAL', '','0', currval('contato_id_seq'));insert into endereco (data_inicial_vigencia, endereco, cep)values('2000-01-01','RUA CONSELHEIRO BROTERO,338 CENTRO','1154000');insert into contribuinte(id,  data_cadastro, nome_empresa, id_endereco, id_contato, valor_contribuicao)values(728,'25/06/1997','CONTRIBUINTE ELIMINADO',currval('endereco_id_seq'), currval('contato_id_seq'),0.00);insert into historico_status_contribuinte(data_inicial_vigencia, status)values('2001-01-01','ATIVADO');insert into contribuinte_historico_status_contribuinte(id_contribuinte, id_historico_status_contribuinte)values(728,currval('historico_status_contribuinte_id_seq'));
insert into contato(ramal)values('');insert into telefone(tipo, ddd, telefone, id_contato)values('RESIDENCIAL', '82', '2312765', currval('contato_id_seq'));insert into telefone(tipo, ddd, telefone, id_contato)values('COMERCIAL', '','0', currval('contato_id_seq'));insert into endereco (data_inicial_vigencia, endereco, cep)values('2000-01-01','RUA ABDON ARROCHELAS, 205','57035380');insert into contribuinte(id,  data_cadastro, nome_empresa, id_endereco, id_contato, valor_contribuicao)values(729,'01/07/1997','MONICA MARIA DE ARAUJO SAMPAIO',currval('endereco_id_seq'), currval('contato_id_seq'),20.00);insert into historico_status_contribuinte(data_inicial_vigencia, status)values('2001-01-01','ATIVADO');insert into contribuinte_historico_status_contribuinte(id_contribuinte, id_historico_status_contribuinte)values(729,currval('historico_status_contribuinte_id_seq'));
insert into contato(ramal)values('');insert into telefone(tipo, ddd, telefone, id_contato)values('RESIDENCIAL', '11', '8240339', currval('contato_id_seq'));insert into telefone(tipo, ddd, telefone, id_contato)values('COMERCIAL', '','0', currval('contato_id_seq'));insert into endereco (data_inicial_vigencia, endereco, cep)values('2000-01-01','RUA ADOLFO GORDO, 247','1217020');insert into contribuinte(id,  data_cadastro, nome_empresa, id_endereco, id_contato, valor_contribuicao)values(730,'01/07/1997','DAVID CANDI AJAMI',currval('endereco_id_seq'), currval('contato_id_seq'),30.00);insert into historico_status_contribuinte(data_inicial_vigencia, status)values('2001-01-01','ATIVADO');insert into contribuinte_historico_status_contribuinte(id_contribuinte, id_historico_status_contribuinte)values(730,currval('historico_status_contribuinte_id_seq'));
insert into contato(ramal)values('');insert into telefone(tipo, ddd, telefone, id_contato)values('RESIDENCIAL', '61', '3472808', currval('contato_id_seq'));insert into telefone(tipo, ddd, telefone, id_contato)values('COMERCIAL', '','0', currval('contato_id_seq'));insert into endereco (data_inicial_vigencia, endereco, cep)values('2000-01-01','SQN-309 - BLOCO O - AP. 205','70756010');insert into contribuinte(id,  data_cadastro, nome_empresa, id_endereco, id_contato, valor_contribuicao)values(731,'01/07/1997','MARCIA JOSE DE ANDRADE',currval('endereco_id_seq'), currval('contato_id_seq'),10.00);insert into historico_status_contribuinte(data_inicial_vigencia, status)values('2001-01-01','ATIVADO');insert into contribuinte_historico_status_contribuinte(id_contribuinte, id_historico_status_contribuinte)values(731,currval('historico_status_contribuinte_id_seq'));
insert into contato(ramal)values('');insert into telefone(tipo, ddd, telefone, id_contato)values('RESIDENCIAL', '12', '2214434', currval('contato_id_seq'));insert into telefone(tipo, ddd, telefone, id_contato)values('COMERCIAL', '','0', currval('contato_id_seq'));insert into endereco (data_inicial_vigencia, endereco, cep)values('2000-01-01','RUA JOAO ORTIZ MONTEIRO, 65','12080520');insert into contribuinte(id,  data_cadastro, nome_empresa, id_endereco, id_contato, valor_contribuicao)values(732,'01/07/1997','MILTON DE FREITAS CHAGAS',currval('endereco_id_seq'), currval('contato_id_seq'),20.00);insert into historico_status_contribuinte(data_inicial_vigencia, status)values('2001-01-01','ATIVADO');insert into contribuinte_historico_status_contribuinte(id_contribuinte, id_historico_status_contribuinte)values(732,currval('historico_status_contribuinte_id_seq'));
insert into contato(ramal)values('');insert into telefone(tipo, ddd, telefone, id_contato)values('RESIDENCIAL', '61', '2453242', currval('contato_id_seq'));insert into telefone(tipo, ddd, telefone, id_contato)values('COMERCIAL', '','0', currval('contato_id_seq'));insert into endereco (data_inicial_vigencia, endereco, cep)values('2000-01-01','SHIGS, 715 - BLOCO A - CASA 21','70381701');insert into contribuinte(id,  data_cadastro, nome_empresa, id_endereco, id_contato, valor_contribuicao)values(733,'01/07/1997','ELIZA FARIA DE ABREU GONCALVES',currval('endereco_id_seq'), currval('contato_id_seq'),20.00);insert into historico_status_contribuinte(data_inicial_vigencia, status)values('2001-01-01','ATIVADO');insert into contribuinte_historico_status_contribuinte(id_contribuinte, id_historico_status_contribuinte)values(733,currval('historico_status_contribuinte_id_seq'));
insert into contato(ramal)values('');insert into telefone(tipo, ddd, telefone, id_contato)values('RESIDENCIAL', '21', '5519923', currval('contato_id_seq'));insert into telefone(tipo, ddd, telefone, id_contato)values('COMERCIAL', '','0', currval('contato_id_seq'));insert into endereco (data_inicial_vigencia, endereco, cep)values('2000-01-01','PRAIA DE BOTAFOGO, 96/1164','22250040');insert into contribuinte(id,  data_cadastro, nome_empresa, id_endereco, id_contato, valor_contribuicao)values(734,'01/07/1997','IRAMAIA POTENGY DE MELLO',currval('endereco_id_seq'), currval('contato_id_seq'),100.00);insert into historico_status_contribuinte(data_inicial_vigencia, status)values('2001-01-01','ATIVADO');insert into contribuinte_historico_status_contribuinte(id_contribuinte, id_historico_status_contribuinte)values(734,currval('historico_status_contribuinte_id_seq'));
insert into contato(ramal)values('');insert into telefone(tipo, ddd, telefone, id_contato)values('RESIDENCIAL', '11', '8105209', currval('contato_id_seq'));insert into telefone(tipo, ddd, telefone, id_contato)values('COMERCIAL', '','0', currval('contato_id_seq'));insert into endereco (data_inicial_vigencia, endereco, cep)values('2000-01-01','RUA GENERAL TEIXEIRA DE CAMPOS, 233','5546000');insert into contribuinte(id,  data_cadastro, nome_empresa, id_endereco, id_contato, valor_contribuicao)values(735,'01/07/1997','SUELI RUMI NAKATSUI',currval('endereco_id_seq'), currval('contato_id_seq'),10.00);insert into historico_status_contribuinte(data_inicial_vigencia, status)values('2001-01-01','ATIVADO');insert into contribuinte_historico_status_contribuinte(id_contribuinte, id_historico_status_contribuinte)values(735,currval('historico_status_contribuinte_id_seq'));
insert into contato(ramal)values('');insert into telefone(tipo, ddd, telefone, id_contato)values('RESIDENCIAL', '11', '2515556', currval('contato_id_seq'));insert into telefone(tipo, ddd, telefone, id_contato)values('COMERCIAL', '','0', currval('contato_id_seq'));insert into endereco (data_inicial_vigencia, endereco, cep)values('2000-01-01','AV PAULISTA, 688 - 8 ANDAR - CJ. 81','1310100');insert into contribuinte(id,  data_cadastro, nome_empresa, id_endereco, id_contato, valor_contribuicao)values(736,'01/07/1997','MARILENA PAGLIARI',currval('endereco_id_seq'), currval('contato_id_seq'),30.00);insert into historico_status_contribuinte(data_inicial_vigencia, status)values('2001-01-01','ATIVADO');insert into contribuinte_historico_status_contribuinte(id_contribuinte, id_historico_status_contribuinte)values(736,currval('historico_status_contribuinte_id_seq'));
insert into contato(ramal)values('');insert into telefone(tipo, ddd, telefone, id_contato)values('RESIDENCIAL', '11', '2101538', currval('contato_id_seq'));insert into telefone(tipo, ddd, telefone, id_contato)values('COMERCIAL', '','0', currval('contato_id_seq'));insert into endereco (data_inicial_vigencia, endereco, cep)values('2000-01-01','AV BRIGADEIRO FARIA LIMA, 2121','1452000');insert into contribuinte(id,  data_cadastro, nome_empresa, id_endereco, id_contato, valor_contribuicao)values(737,'01/07/1997','SANTA RITA JOGOS E BRINQUEDOS LTDA',currval('endereco_id_seq'), currval('contato_id_seq'),20.00);insert into historico_status_contribuinte(data_inicial_vigencia, status)values('2001-01-01','ATIVADO');insert into contribuinte_historico_status_contribuinte(id_contribuinte, id_historico_status_contribuinte)values(737,currval('historico_status_contribuinte_id_seq'));
insert into contato(ramal)values('');insert into telefone(tipo, ddd, telefone, id_contato)values('RESIDENCIAL', '11', '2212509', currval('contato_id_seq'));insert into telefone(tipo, ddd, telefone, id_contato)values('COMERCIAL', '','0', currval('contato_id_seq'));insert into endereco (data_inicial_vigencia, endereco, cep)values('2000-01-01','R DR DIB GEBARA, 197','5790230');insert into contribuinte(id,  data_cadastro, nome_empresa, id_endereco, id_contato, valor_contribuicao)values(738,'01/07/1997','MARIA SOLANGE GELLI Q. ALVES',currval('endereco_id_seq'), currval('contato_id_seq'),10.00);insert into historico_status_contribuinte(data_inicial_vigencia, status)values('2001-01-01','ATIVADO');insert into contribuinte_historico_status_contribuinte(id_contribuinte, id_historico_status_contribuinte)values(738,currval('historico_status_contribuinte_id_seq'));
insert into contato(ramal)values('');insert into telefone(tipo, ddd, telefone, id_contato)values('RESIDENCIAL', '11', '99907073', currval('contato_id_seq'));insert into telefone(tipo, ddd, telefone, id_contato)values('COMERCIAL', '','0', currval('contato_id_seq'));insert into endereco (data_inicial_vigencia, endereco, cep)values('2000-01-01','RUA PARIQUERA-ACU, 78','4517010');insert into contribuinte(id,  data_cadastro, nome_empresa, id_endereco, id_contato, valor_contribuicao)values(739,'06/08/1997','SHEILA BRITTO DE ASSUMPCAO',currval('endereco_id_seq'), currval('contato_id_seq'),15.00);insert into historico_status_contribuinte(data_inicial_vigencia, status)values('2001-01-01','ATIVADO');insert into contribuinte_historico_status_contribuinte(id_contribuinte, id_historico_status_contribuinte)values(739,currval('historico_status_contribuinte_id_seq'));
insert into contato(ramal)values('');insert into telefone(tipo, ddd, telefone, id_contato)values('RESIDENCIAL', '11', '5703214', currval('contato_id_seq'));insert into telefone(tipo, ddd, telefone, id_contato)values('COMERCIAL', '','0', currval('contato_id_seq'));insert into endereco (data_inicial_vigencia, endereco, cep)values('2000-01-01','AL JAUAPUI 890 APTO 21','4523014');insert into contribuinte(id,  data_cadastro, nome_empresa, id_endereco, id_contato, valor_contribuicao)values(740,'02/09/1997','CHARLES KAPAZ',currval('endereco_id_seq'), currval('contato_id_seq'),20.00);insert into historico_status_contribuinte(data_inicial_vigencia, status)values('2001-01-01','ATIVADO');insert into contribuinte_historico_status_contribuinte(id_contribuinte, id_historico_status_contribuinte)values(740,currval('historico_status_contribuinte_id_seq'));
insert into contato(ramal)values('');insert into telefone(tipo, ddd, telefone, id_contato)values('RESIDENCIAL', '11', '623059', currval('contato_id_seq'));insert into telefone(tipo, ddd, telefone, id_contato)values('COMERCIAL', '','0', currval('contato_id_seq'));insert into endereco (data_inicial_vigencia, endereco, cep)values('2000-01-01','RUA APINAGES, 268 APTO 82','5017000');insert into contribuinte(id,  data_cadastro, nome_empresa, id_endereco, id_contato, valor_contribuicao)values(741,'02/09/1997','REGINA S. M. VAGLIO',currval('endereco_id_seq'), currval('contato_id_seq'),50.00);insert into historico_status_contribuinte(data_inicial_vigencia, status)values('2001-01-01','ATIVADO');insert into contribuinte_historico_status_contribuinte(id_contribuinte, id_historico_status_contribuinte)values(741,currval('historico_status_contribuinte_id_seq'));
insert into contato(ramal)values('');insert into telefone(tipo, ddd, telefone, id_contato)values('RESIDENCIAL', '11', '2775117', currval('contato_id_seq'));insert into telefone(tipo, ddd, telefone, id_contato)values('COMERCIAL', '','0', currval('contato_id_seq'));insert into endereco (data_inicial_vigencia, endereco, cep)values('2000-01-01','R DA ALEGRIA, 109','3043010');insert into contribuinte(id,  data_cadastro, nome_empresa, id_endereco, id_contato, valor_contribuicao)values(742,'02/09/1997','ARNALDO MIRANDOLA DE FARIAS',currval('endereco_id_seq'), currval('contato_id_seq'),50.00);insert into historico_status_contribuinte(data_inicial_vigencia, status)values('2001-01-01','ATIVADO');insert into contribuinte_historico_status_contribuinte(id_contribuinte, id_historico_status_contribuinte)values(742,currval('historico_status_contribuinte_id_seq'));
insert into contato(ramal)values('');insert into telefone(tipo, ddd, telefone, id_contato)values('RESIDENCIAL', '11', '25385838', currval('contato_id_seq'));insert into telefone(tipo, ddd, telefone, id_contato)values('COMERCIAL', '','0', currval('contato_id_seq'));insert into endereco (data_inicial_vigencia, endereco, cep)values('2000-01-01','RUA REALENGO 133 AP 11B VILA MADALENA','5451030');insert into contribuinte(id,  data_cadastro, nome_empresa, id_endereco, id_contato, valor_contribuicao)values(743,'01/10/1997','LAURO LEMOS DE MOURA LEITE',currval('endereco_id_seq'), currval('contato_id_seq'),60.00);insert into historico_status_contribuinte(data_inicial_vigencia, status)values('2001-01-01','ATIVADO');insert into contribuinte_historico_status_contribuinte(id_contribuinte, id_historico_status_contribuinte)values(743,currval('historico_status_contribuinte_id_seq'));
insert into contato(ramal)values('');insert into telefone(tipo, ddd, telefone, id_contato)values('RESIDENCIAL', '11', '274', currval('contato_id_seq'));insert into telefone(tipo, ddd, telefone, id_contato)values('COMERCIAL', '','0', currval('contato_id_seq'));insert into endereco (data_inicial_vigencia, endereco, cep)values('2000-01-01','AV. NAZARé, 900','4262100');insert into contribuinte(id,  data_cadastro, nome_empresa, id_endereco, id_contato, valor_contribuicao)values(744,'21/10/1997','ANA CLAUDIA NESTARDO',currval('endereco_id_seq'), currval('contato_id_seq'),0.00);insert into historico_status_contribuinte(data_inicial_vigencia, status)values('2001-01-01','ATIVADO');insert into contribuinte_historico_status_contribuinte(id_contribuinte, id_historico_status_contribuinte)values(744,currval('historico_status_contribuinte_id_seq'));
insert into contato(ramal)values('');insert into telefone(tipo, ddd, telefone, id_contato)values('RESIDENCIAL', '19', '4917162', currval('contato_id_seq'));insert into telefone(tipo, ddd, telefone, id_contato)values('COMERCIAL', '','0', currval('contato_id_seq'));insert into endereco (data_inicial_vigencia, endereco, cep)values('2000-01-01','R. FERNANDO DE BARROS,561 - CENTRO','13360000');insert into contribuinte(id,  data_cadastro, nome_empresa, id_endereco, id_contato, valor_contribuicao)values(745,'06/11/1997','ELIZABETH C. MAY PIMENTA NEVES',currval('endereco_id_seq'), currval('contato_id_seq'),15.00);insert into historico_status_contribuinte(data_inicial_vigencia, status)values('2001-01-01','ATIVADO');insert into contribuinte_historico_status_contribuinte(id_contribuinte, id_historico_status_contribuinte)values(745,currval('historico_status_contribuinte_id_seq'));
insert into contato(ramal)values('');insert into telefone(tipo, ddd, telefone, id_contato)values('RESIDENCIAL', '11', '620402', currval('contato_id_seq'));insert into telefone(tipo, ddd, telefone, id_contato)values('COMERCIAL', '','0', currval('contato_id_seq'));insert into endereco (data_inicial_vigencia, endereco, cep)values('2000-01-01','R. GENERAL VITORINO MONTEIRO,295','5053060');insert into contribuinte(id,  data_cadastro, nome_empresa, id_endereco, id_contato, valor_contribuicao)values(746,'06/11/1997','CARMEN SILVIA DE LARA PEREIRA',currval('endereco_id_seq'), currval('contato_id_seq'),15.00);insert into historico_status_contribuinte(data_inicial_vigencia, status)values('2001-01-01','ATIVADO');insert into contribuinte_historico_status_contribuinte(id_contribuinte, id_historico_status_contribuinte)values(746,currval('historico_status_contribuinte_id_seq'));
insert into contato(ramal)values('');insert into telefone(tipo, ddd, telefone, id_contato)values('RESIDENCIAL', '11', '88411912', currval('contato_id_seq'));insert into telefone(tipo, ddd, telefone, id_contato)values('COMERCIAL', '','0', currval('contato_id_seq'));insert into endereco (data_inicial_vigencia, endereco, cep)values('2000-01-01','R. LEME, 57      -  PARAIZO','4007050');insert into contribuinte(id,  data_cadastro, nome_empresa, id_endereco, id_contato, valor_contribuicao)values(747,'06/11/1997','RIGHT SERVICES DE PROPAGANDA LTDA',currval('endereco_id_seq'), currval('contato_id_seq'),20.00);insert into historico_status_contribuinte(data_inicial_vigencia, status)values('2001-01-01','ATIVADO');insert into contribuinte_historico_status_contribuinte(id_contribuinte, id_historico_status_contribuinte)values(747,currval('historico_status_contribuinte_id_seq'));
insert into contato(ramal)values('');insert into telefone(tipo, ddd, telefone, id_contato)values('RESIDENCIAL', '61', '3811715', currval('contato_id_seq'));insert into telefone(tipo, ddd, telefone, id_contato)values('COMERCIAL', '','0', currval('contato_id_seq'));insert into endereco (data_inicial_vigencia, endereco, cep)values('2000-01-01','QI 23 LOTE 02/06 BLOCO A APTO 335','71060230');insert into contribuinte(id,  data_cadastro, nome_empresa, id_endereco, id_contato, valor_contribuicao)values(748,'06/11/1997','ROSANA MENDES MORENO',currval('endereco_id_seq'), currval('contato_id_seq'),20.00);insert into historico_status_contribuinte(data_inicial_vigencia, status)values('2001-01-01','ATIVADO');insert into contribuinte_historico_status_contribuinte(id_contribuinte, id_historico_status_contribuinte)values(748,currval('historico_status_contribuinte_id_seq'));
insert into contato(ramal)values('');insert into telefone(tipo, ddd, telefone, id_contato)values('RESIDENCIAL', '', '0', currval('contato_id_seq'));insert into telefone(tipo, ddd, telefone, id_contato)values('COMERCIAL', '','0', currval('contato_id_seq'));insert into endereco (data_inicial_vigencia, endereco, cep)values('2000-01-01','AV JOSE GALANTE,650 APTO 31','5642001');insert into contribuinte(id,  data_cadastro, nome_empresa, id_endereco, id_contato, valor_contribuicao)values(749,'20/11/1997','JOHN LONG',currval('endereco_id_seq'), currval('contato_id_seq'),0.00);insert into historico_status_contribuinte(data_inicial_vigencia, status)values('2001-01-01','ATIVADO');insert into contribuinte_historico_status_contribuinte(id_contribuinte, id_historico_status_contribuinte)values(749,currval('historico_status_contribuinte_id_seq'));
insert into contato(ramal)values('');insert into telefone(tipo, ddd, telefone, id_contato)values('RESIDENCIAL', '', '0', currval('contato_id_seq'));insert into telefone(tipo, ddd, telefone, id_contato)values('COMERCIAL', '','0', currval('contato_id_seq'));insert into endereco (data_inicial_vigencia, endereco, cep)values('2000-01-01','R. ALVES GUIMARAES, 960 APTO 83','5410001');insert into contribuinte(id,  data_cadastro, nome_empresa, id_endereco, id_contato, valor_contribuicao)values(750,'20/11/1997','MARIA APARECIDA MATOS',currval('endereco_id_seq'), currval('contato_id_seq'),0.00);insert into historico_status_contribuinte(data_inicial_vigencia, status)values('2001-01-01','ATIVADO');insert into contribuinte_historico_status_contribuinte(id_contribuinte, id_historico_status_contribuinte)values(750,currval('historico_status_contribuinte_id_seq'));
insert into contato(ramal)values('');insert into telefone(tipo, ddd, telefone, id_contato)values('RESIDENCIAL', '', '0', currval('contato_id_seq'));insert into telefone(tipo, ddd, telefone, id_contato)values('COMERCIAL', '','0', currval('contato_id_seq'));insert into endereco (data_inicial_vigencia, endereco, cep)values('2000-01-01','R XV DE NOVEMBRO, 535 APTO 72','13360000');insert into contribuinte(id,  data_cadastro, nome_empresa, id_endereco, id_contato, valor_contribuicao)values(751,'20/11/1997','CARLO ALBERTO P. PROENCA',currval('endereco_id_seq'), currval('contato_id_seq'),0.00);insert into historico_status_contribuinte(data_inicial_vigencia, status)values('2001-01-01','ATIVADO');insert into contribuinte_historico_status_contribuinte(id_contribuinte, id_historico_status_contribuinte)values(751,currval('historico_status_contribuinte_id_seq'));
insert into contato(ramal)values('');insert into telefone(tipo, ddd, telefone, id_contato)values('RESIDENCIAL', '', '0', currval('contato_id_seq'));insert into telefone(tipo, ddd, telefone, id_contato)values('COMERCIAL', '','0', currval('contato_id_seq'));insert into endereco (data_inicial_vigencia, endereco, cep)values('2000-01-01','R KARL RICHTER, 69 APTO 101','5709030');insert into contribuinte(id,  data_cadastro, nome_empresa, id_endereco, id_contato, valor_contribuicao)values(752,'20/11/1997','LUIS AMOROSO',currval('endereco_id_seq'), currval('contato_id_seq'),0.00);insert into historico_status_contribuinte(data_inicial_vigencia, status)values('2001-01-01','ATIVADO');insert into contribuinte_historico_status_contribuinte(id_contribuinte, id_historico_status_contribuinte)values(752,currval('historico_status_contribuinte_id_seq'));
insert into contato(ramal)values('');insert into telefone(tipo, ddd, telefone, id_contato)values('RESIDENCIAL', '', '0', currval('contato_id_seq'));insert into telefone(tipo, ddd, telefone, id_contato)values('COMERCIAL', '','0', currval('contato_id_seq'));insert into endereco (data_inicial_vigencia, endereco, cep)values('2000-01-01','R SALDANHA MARINHO, 734','13360000');insert into contribuinte(id,  data_cadastro, nome_empresa, id_endereco, id_contato, valor_contribuicao)values(753,'20/11/1997','GILSON GIRARDI',currval('endereco_id_seq'), currval('contato_id_seq'),0.00);insert into historico_status_contribuinte(data_inicial_vigencia, status)values('2001-01-01','ATIVADO');insert into contribuinte_historico_status_contribuinte(id_contribuinte, id_historico_status_contribuinte)values(753,currval('historico_status_contribuinte_id_seq'));
insert into contato(ramal)values('');insert into telefone(tipo, ddd, telefone, id_contato)values('RESIDENCIAL', '', '0', currval('contato_id_seq'));insert into telefone(tipo, ddd, telefone, id_contato)values('COMERCIAL', '','0', currval('contato_id_seq'));insert into endereco (data_inicial_vigencia, endereco, cep)values('2000-01-01','R BENTO DIAS, 1181','13360000');insert into contribuinte(id,  data_cadastro, nome_empresa, id_endereco, id_contato, valor_contribuicao)values(754,'20/11/1997','NEWTON PIMENTA NEVES JR.',currval('endereco_id_seq'), currval('contato_id_seq'),0.00);insert into historico_status_contribuinte(data_inicial_vigencia, status)values('2001-01-01','ATIVADO');insert into contribuinte_historico_status_contribuinte(id_contribuinte, id_historico_status_contribuinte)values(754,currval('historico_status_contribuinte_id_seq'));
insert into contato(ramal)values('');insert into telefone(tipo, ddd, telefone, id_contato)values('RESIDENCIAL', '', '0', currval('contato_id_seq'));insert into telefone(tipo, ddd, telefone, id_contato)values('COMERCIAL', '','0', currval('contato_id_seq'));insert into endereco (data_inicial_vigencia, endereco, cep)values('2000-01-01','R CERQUEIRA CESAR, 244','13330005');insert into contribuinte(id,  data_cadastro, nome_empresa, id_endereco, id_contato, valor_contribuicao)values(755,'20/11/1997','MAURO PIMENTA NEVES',currval('endereco_id_seq'), currval('contato_id_seq'),0.00);insert into historico_status_contribuinte(data_inicial_vigencia, status)values('2001-01-01','ATIVADO');insert into contribuinte_historico_status_contribuinte(id_contribuinte, id_historico_status_contribuinte)values(755,currval('historico_status_contribuinte_id_seq'));
insert into contato(ramal)values('');insert into telefone(tipo, ddd, telefone, id_contato)values('RESIDENCIAL', '', '0', currval('contato_id_seq'));insert into telefone(tipo, ddd, telefone, id_contato)values('COMERCIAL', '','0', currval('contato_id_seq'));insert into endereco (data_inicial_vigencia, endereco, cep)values('2000-01-01','R GENERAL GAUDIE LEY, 218','4788130');insert into contribuinte(id,  data_cadastro, nome_empresa, id_endereco, id_contato, valor_contribuicao)values(756,'20/11/1997','ANA PRUDENTE',currval('endereco_id_seq'), currval('contato_id_seq'),0.00);insert into historico_status_contribuinte(data_inicial_vigencia, status)values('2001-01-01','ATIVADO');insert into contribuinte_historico_status_contribuinte(id_contribuinte, id_historico_status_contribuinte)values(756,currval('historico_status_contribuinte_id_seq'));
insert into contato(ramal)values('');insert into telefone(tipo, ddd, telefone, id_contato)values('RESIDENCIAL', '', '0', currval('contato_id_seq'));insert into telefone(tipo, ddd, telefone, id_contato)values('COMERCIAL', '','0', currval('contato_id_seq'));insert into endereco (data_inicial_vigencia, endereco, cep)values('2000-01-01','R CONCEICAO, 841 APTO 132','13010058');insert into contribuinte(id,  data_cadastro, nome_empresa, id_endereco, id_contato, valor_contribuicao)values(757,'20/11/1997','TANIA FARKUH',currval('endereco_id_seq'), currval('contato_id_seq'),0.00);insert into historico_status_contribuinte(data_inicial_vigencia, status)values('2001-01-01','ATIVADO');insert into contribuinte_historico_status_contribuinte(id_contribuinte, id_historico_status_contribuinte)values(757,currval('historico_status_contribuinte_id_seq'));
insert into contato(ramal)values('');insert into telefone(tipo, ddd, telefone, id_contato)values('RESIDENCIAL', '', '0', currval('contato_id_seq'));insert into telefone(tipo, ddd, telefone, id_contato)values('COMERCIAL', '','0', currval('contato_id_seq'));insert into endereco (data_inicial_vigencia, endereco, cep)values('2000-01-01','LARGO DO ROSARIO, 755 - AP. 132','13010091');insert into contribuinte(id,  data_cadastro, nome_empresa, id_endereco, id_contato, valor_contribuicao)values(758,'20/11/1997','LUIZ ROBERTO ANNICHINO',currval('endereco_id_seq'), currval('contato_id_seq'),0.00);insert into historico_status_contribuinte(data_inicial_vigencia, status)values('2001-01-01','ATIVADO');insert into contribuinte_historico_status_contribuinte(id_contribuinte, id_historico_status_contribuinte)values(758,currval('historico_status_contribuinte_id_seq'));
insert into contato(ramal)values('');insert into telefone(tipo, ddd, telefone, id_contato)values('RESIDENCIAL', '', '0', currval('contato_id_seq'));insert into telefone(tipo, ddd, telefone, id_contato)values('COMERCIAL', '','0', currval('contato_id_seq'));insert into endereco (data_inicial_vigencia, endereco, cep)values('2000-01-01','R PEDRO DE TOLEDO, 1222 APTO 173','4039002');insert into contribuinte(id,  data_cadastro, nome_empresa, id_endereco, id_contato, valor_contribuicao)values(759,'20/11/1997','YBSEN UVO',currval('endereco_id_seq'), currval('contato_id_seq'),0.00);insert into historico_status_contribuinte(data_inicial_vigencia, status)values('2001-01-01','ATIVADO');insert into contribuinte_historico_status_contribuinte(id_contribuinte, id_historico_status_contribuinte)values(759,currval('historico_status_contribuinte_id_seq'));
insert into contato(ramal)values('');insert into telefone(tipo, ddd, telefone, id_contato)values('RESIDENCIAL', '', '0', currval('contato_id_seq'));insert into telefone(tipo, ddd, telefone, id_contato)values('COMERCIAL', '','0', currval('contato_id_seq'));insert into endereco (data_inicial_vigencia, endereco, cep)values('2000-01-01','R DR VEIGA FILHO, 122 APTO 502','1229000');insert into contribuinte(id,  data_cadastro, nome_empresa, id_endereco, id_contato, valor_contribuicao)values(760,'20/11/1997','KINGA MARIA DRAPINSKA',currval('endereco_id_seq'), currval('contato_id_seq'),0.00);insert into historico_status_contribuinte(data_inicial_vigencia, status)values('2001-01-01','ATIVADO');insert into contribuinte_historico_status_contribuinte(id_contribuinte, id_historico_status_contribuinte)values(760,currval('historico_status_contribuinte_id_seq'));
insert into contato(ramal)values('');insert into telefone(tipo, ddd, telefone, id_contato)values('RESIDENCIAL', '', '0', currval('contato_id_seq'));insert into telefone(tipo, ddd, telefone, id_contato)values('COMERCIAL', '','0', currval('contato_id_seq'));insert into endereco (data_inicial_vigencia, endereco, cep)values('2000-01-01','R PEDRO DE TOLEDO, 270','4039000');insert into contribuinte(id,  data_cadastro, nome_empresa, id_endereco, id_contato, valor_contribuicao)values(761,'20/11/1997','PAULO SANTOS',currval('endereco_id_seq'), currval('contato_id_seq'),0.00);insert into historico_status_contribuinte(data_inicial_vigencia, status)values('2001-01-01','ATIVADO');insert into contribuinte_historico_status_contribuinte(id_contribuinte, id_historico_status_contribuinte)values(761,currval('historico_status_contribuinte_id_seq'));
insert into contato(ramal)values('');insert into telefone(tipo, ddd, telefone, id_contato)values('RESIDENCIAL', '', '0', currval('contato_id_seq'));insert into telefone(tipo, ddd, telefone, id_contato)values('COMERCIAL', '','0', currval('contato_id_seq'));insert into endereco (data_inicial_vigencia, endereco, cep)values('2000-01-01','AV CARLOS GRIMALDI,1171 CND.R.SAMANIA.62','13091000');insert into contribuinte(id,  data_cadastro, nome_empresa, id_endereco, id_contato, valor_contribuicao)values(762,'20/11/1997','RADAMES ASSAD',currval('endereco_id_seq'), currval('contato_id_seq'),0.00);insert into historico_status_contribuinte(data_inicial_vigencia, status)values('2001-01-01','ATIVADO');insert into contribuinte_historico_status_contribuinte(id_contribuinte, id_historico_status_contribuinte)values(762,currval('historico_status_contribuinte_id_seq'));
insert into contato(ramal)values('');insert into telefone(tipo, ddd, telefone, id_contato)values('RESIDENCIAL', '19', '32529902', currval('contato_id_seq'));insert into telefone(tipo, ddd, telefone, id_contato)values('COMERCIAL', '','0', currval('contato_id_seq'));insert into endereco (data_inicial_vigencia, endereco, cep)values('2000-01-01','AV. PRINCESA DO OESTE, 1144 13.ANDAR','13095010');insert into contribuinte(id,  data_cadastro, nome_empresa, id_endereco, id_contato, valor_contribuicao)values(763,'20/11/1997','WILMAR AZAL JUNIOR',currval('endereco_id_seq'), currval('contato_id_seq'),30.00);insert into historico_status_contribuinte(data_inicial_vigencia, status)values('2001-01-01','ATIVADO');insert into contribuinte_historico_status_contribuinte(id_contribuinte, id_historico_status_contribuinte)values(763,currval('historico_status_contribuinte_id_seq'));
insert into contato(ramal)values('');insert into telefone(tipo, ddd, telefone, id_contato)values('RESIDENCIAL', '', '0', currval('contato_id_seq'));insert into telefone(tipo, ddd, telefone, id_contato)values('COMERCIAL', '','0', currval('contato_id_seq'));insert into endereco (data_inicial_vigencia, endereco, cep)values('2000-01-01','R. ALEXANDRE DUMAS, 1320','4717003');insert into contribuinte(id,  data_cadastro, nome_empresa, id_endereco, id_contato, valor_contribuicao)values(764,'20/11/1997','SORAIA DA SANTISSIMA TRINDADE',currval('endereco_id_seq'), currval('contato_id_seq'),0.00);insert into historico_status_contribuinte(data_inicial_vigencia, status)values('2001-01-01','ATIVADO');insert into contribuinte_historico_status_contribuinte(id_contribuinte, id_historico_status_contribuinte)values(764,currval('historico_status_contribuinte_id_seq'));
insert into contato(ramal)values('');insert into telefone(tipo, ddd, telefone, id_contato)values('RESIDENCIAL', '', '0', currval('contato_id_seq'));insert into telefone(tipo, ddd, telefone, id_contato)values('COMERCIAL', '','0', currval('contato_id_seq'));insert into endereco (data_inicial_vigencia, endereco, cep)values('2000-01-01','R. FREDERICO GUARINON, 125 APTO 150','14770000');insert into contribuinte(id,  data_cadastro, nome_empresa, id_endereco, id_contato, valor_contribuicao)values(765,'20/11/1997','EUGENIO F. DO AMARAL',currval('endereco_id_seq'), currval('contato_id_seq'),0.00);insert into historico_status_contribuinte(data_inicial_vigencia, status)values('2001-01-01','ATIVADO');insert into contribuinte_historico_status_contribuinte(id_contribuinte, id_historico_status_contribuinte)values(765,currval('historico_status_contribuinte_id_seq'));
insert into contato(ramal)values('');insert into telefone(tipo, ddd, telefone, id_contato)values('RESIDENCIAL', '', '0', currval('contato_id_seq'));insert into telefone(tipo, ddd, telefone, id_contato)values('COMERCIAL', '','0', currval('contato_id_seq'));insert into endereco (data_inicial_vigencia, endereco, cep)values('2000-01-01','R. SAO JERONIMO DOS POCOES, 769 A','2955030');insert into contribuinte(id,  data_cadastro, nome_empresa, id_endereco, id_contato, valor_contribuicao)values(766,'24/11/1997','SANDRA LUCIA ROSAS',currval('endereco_id_seq'), currval('contato_id_seq'),0.00);insert into historico_status_contribuinte(data_inicial_vigencia, status)values('2001-01-01','ATIVADO');insert into contribuinte_historico_status_contribuinte(id_contribuinte, id_historico_status_contribuinte)values(766,currval('historico_status_contribuinte_id_seq'));
insert into contato(ramal)values('');insert into telefone(tipo, ddd, telefone, id_contato)values('RESIDENCIAL', '', '0', currval('contato_id_seq'));insert into telefone(tipo, ddd, telefone, id_contato)values('COMERCIAL', '','0', currval('contato_id_seq'));insert into endereco (data_inicial_vigencia, endereco, cep)values('2000-01-01','R. DR NETO DE ARAUJO, 122','4111000');insert into contribuinte(id,  data_cadastro, nome_empresa, id_endereco, id_contato, valor_contribuicao)values(767,'24/11/1997','FELICE BALZANO',currval('endereco_id_seq'), currval('contato_id_seq'),50.00);insert into historico_status_contribuinte(data_inicial_vigencia, status)values('2001-01-01','ATIVADO');insert into contribuinte_historico_status_contribuinte(id_contribuinte, id_historico_status_contribuinte)values(767,currval('historico_status_contribuinte_id_seq'));
insert into contato(ramal)values('');insert into telefone(tipo, ddd, telefone, id_contato)values('RESIDENCIAL', '11', '864', currval('contato_id_seq'));insert into telefone(tipo, ddd, telefone, id_contato)values('COMERCIAL', '','0', currval('contato_id_seq'));insert into endereco (data_inicial_vigencia, endereco, cep)values('2000-01-01','R. TUCUNA, 10 APTO 142','5021019');insert into contribuinte(id,  data_cadastro, nome_empresa, id_endereco, id_contato, valor_contribuicao)values(768,'27/11/1997','ARMANDO RODRIGUES',currval('endereco_id_seq'), currval('contato_id_seq'),75.00);insert into historico_status_contribuinte(data_inicial_vigencia, status)values('2001-01-01','ATIVADO');insert into contribuinte_historico_status_contribuinte(id_contribuinte, id_historico_status_contribuinte)values(768,currval('historico_status_contribuinte_id_seq'));
insert into contato(ramal)values('');insert into telefone(tipo, ddd, telefone, id_contato)values('RESIDENCIAL', '19', '6805919', currval('contato_id_seq'));insert into telefone(tipo, ddd, telefone, id_contato)values('COMERCIAL', '','0', currval('contato_id_seq'));insert into endereco (data_inicial_vigencia, endereco, cep)values('2000-01-01','R. CAMPOS SALLES,1745 VL. BRASIL','13720000');insert into contribuinte(id,  data_cadastro, nome_empresa, id_endereco, id_contato, valor_contribuicao)values(769,'27/11/1997','EDNA MARZULLI',currval('endereco_id_seq'), currval('contato_id_seq'),13.00);insert into historico_status_contribuinte(data_inicial_vigencia, status)values('2001-01-01','ATIVADO');insert into contribuinte_historico_status_contribuinte(id_contribuinte, id_historico_status_contribuinte)values(769,currval('historico_status_contribuinte_id_seq'));
insert into contato(ramal)values('');insert into telefone(tipo, ddd, telefone, id_contato)values('RESIDENCIAL', '11', '4214492', currval('contato_id_seq'));insert into telefone(tipo, ddd, telefone, id_contato)values('COMERCIAL', '','0', currval('contato_id_seq'));insert into endereco (data_inicial_vigencia, endereco, cep)values('2000-01-01','CALCADA DAS CAMELIAS, 10 C -ALPHAVILLE','6453000');insert into contribuinte(id,  data_cadastro, nome_empresa, id_endereco, id_contato, valor_contribuicao)values(770,'28/11/1997','SERGIO SAUAIA',currval('endereco_id_seq'), currval('contato_id_seq'),15.00);insert into historico_status_contribuinte(data_inicial_vigencia, status)values('2001-01-01','ATIVADO');insert into contribuinte_historico_status_contribuinte(id_contribuinte, id_historico_status_contribuinte)values(770,currval('historico_status_contribuinte_id_seq'));
insert into contato(ramal)values('');insert into telefone(tipo, ddd, telefone, id_contato)values('RESIDENCIAL', '21', '6222003', currval('contato_id_seq'));insert into telefone(tipo, ddd, telefone, id_contato)values('COMERCIAL', '','0', currval('contato_id_seq'));insert into endereco (data_inicial_vigencia, endereco, cep)values('2000-01-01','R TEOFILO RODRIGUES 22/401','24210490');insert into contribuinte(id,  data_cadastro, nome_empresa, id_endereco, id_contato, valor_contribuicao)values(771,'05/12/1997','PEDRO MAGER',currval('endereco_id_seq'), currval('contato_id_seq'),15.00);insert into historico_status_contribuinte(data_inicial_vigencia, status)values('2001-01-01','ATIVADO');insert into contribuinte_historico_status_contribuinte(id_contribuinte, id_historico_status_contribuinte)values(771,currval('historico_status_contribuinte_id_seq'));
insert into contato(ramal)values('');insert into telefone(tipo, ddd, telefone, id_contato)values('RESIDENCIAL', '11', '56676048', currval('contato_id_seq'));insert into telefone(tipo, ddd, telefone, id_contato)values('COMERCIAL', '','0', currval('contato_id_seq'));insert into endereco (data_inicial_vigencia, endereco, cep)values('2000-01-01','R. LEONARDO DE FASSIO, 681','4785020');insert into contribuinte(id,  data_cadastro, nome_empresa, id_endereco, id_contato, valor_contribuicao)values(772,'09/12/1997','ANDREA BECKER',currval('endereco_id_seq'), currval('contato_id_seq'),10.00);insert into historico_status_contribuinte(data_inicial_vigencia, status)values('2001-01-01','ATIVADO');insert into contribuinte_historico_status_contribuinte(id_contribuinte, id_historico_status_contribuinte)values(772,currval('historico_status_contribuinte_id_seq'));
insert into contato(ramal)values('');insert into telefone(tipo, ddd, telefone, id_contato)values('RESIDENCIAL', '', '30409901', currval('contato_id_seq'));insert into telefone(tipo, ddd, telefone, id_contato)values('COMERCIAL', '','0', currval('contato_id_seq'));insert into endereco (data_inicial_vigencia, endereco, cep)values('2000-01-01','R. TABAPUA, 540 - 9 ANDAR','4533001');insert into contribuinte(id,  data_cadastro, nome_empresa, id_endereco, id_contato, valor_contribuicao)values(773,'26/01/1998','JOAO CLOVIS THOMAS',currval('endereco_id_seq'), currval('contato_id_seq'),15.00);insert into historico_status_contribuinte(data_inicial_vigencia, status)values('2001-01-01','ATIVADO');insert into contribuinte_historico_status_contribuinte(id_contribuinte, id_historico_status_contribuinte)values(773,currval('historico_status_contribuinte_id_seq'));
insert into contato(ramal)values('');insert into telefone(tipo, ddd, telefone, id_contato)values('RESIDENCIAL', '11', '31042731', currval('contato_id_seq'));insert into telefone(tipo, ddd, telefone, id_contato)values('COMERCIAL', '','0', currval('contato_id_seq'));insert into endereco (data_inicial_vigencia, endereco, cep)values('2000-01-01','RUA SAO BENTO, 329 - 2.ANDAR - SALA 21','1011100');insert into contribuinte(id,  data_cadastro, nome_empresa, id_endereco, id_contato, valor_contribuicao)values(774,'26/01/1998','JOAO INACIO BATISTA NETO',currval('endereco_id_seq'), currval('contato_id_seq'),20.00);insert into historico_status_contribuinte(data_inicial_vigencia, status)values('2001-01-01','ATIVADO');insert into contribuinte_historico_status_contribuinte(id_contribuinte, id_historico_status_contribuinte)values(774,currval('historico_status_contribuinte_id_seq'));
insert into contato(ramal)values('');insert into telefone(tipo, ddd, telefone, id_contato)values('RESIDENCIAL', '11', '8447466', currval('contato_id_seq'));insert into telefone(tipo, ddd, telefone, id_contato)values('COMERCIAL', '','0', currval('contato_id_seq'));insert into endereco (data_inicial_vigencia, endereco, cep)values('2000-01-01','RUA FREDERICO GUARINON, 125 AP.153C','5713460');insert into contribuinte(id,  data_cadastro, nome_empresa, id_endereco, id_contato, valor_contribuicao)values(776,'02/03/1998','MARIA CRISTINA MILANO DIRCE',currval('endereco_id_seq'), currval('contato_id_seq'),10.00);insert into historico_status_contribuinte(data_inicial_vigencia, status)values('2001-01-01','ATIVADO');insert into contribuinte_historico_status_contribuinte(id_contribuinte, id_historico_status_contribuinte)values(776,currval('historico_status_contribuinte_id_seq'));
insert into contato(ramal)values('');insert into telefone(tipo, ddd, telefone, id_contato)values('RESIDENCIAL', '11', '37468563', currval('contato_id_seq'));insert into telefone(tipo, ddd, telefone, id_contato)values('COMERCIAL', '','0', currval('contato_id_seq'));insert into endereco (data_inicial_vigencia, endereco, cep)values('2000-01-01','RUA IUBATINGA, 145 AP.81-B','5716110');insert into contribuinte(id,  data_cadastro, nome_empresa, id_endereco, id_contato, valor_contribuicao)values(777,'02/03/1998','BRASILISA LOPES MONTEIRO DA FONSECA',currval('endereco_id_seq'), currval('contato_id_seq'),20.00);insert into historico_status_contribuinte(data_inicial_vigencia, status)values('2001-01-01','ATIVADO');insert into contribuinte_historico_status_contribuinte(id_contribuinte, id_historico_status_contribuinte)values(777,currval('historico_status_contribuinte_id_seq'));
insert into contato(ramal)values('');insert into telefone(tipo, ddd, telefone, id_contato)values('RESIDENCIAL', '11', '0', currval('contato_id_seq'));insert into telefone(tipo, ddd, telefone, id_contato)values('COMERCIAL', '','0', currval('contato_id_seq'));insert into endereco (data_inicial_vigencia, endereco, cep)values('2000-01-01','AV JOAO PEDRO BUENO, 125 AP.07','4355000');insert into contribuinte(id,  data_cadastro, nome_empresa, id_endereco, id_contato, valor_contribuicao)values(778,'02/03/1998','FRANCISCO LUIZ DE SOUZA NETTO',currval('endereco_id_seq'), currval('contato_id_seq'),10.00);insert into historico_status_contribuinte(data_inicial_vigencia, status)values('2001-01-01','ATIVADO');insert into contribuinte_historico_status_contribuinte(id_contribuinte, id_historico_status_contribuinte)values(778,currval('historico_status_contribuinte_id_seq'));
insert into contato(ramal)values('6445');insert into telefone(tipo, ddd, telefone, id_contato)values('RESIDENCIAL', '11', '69768288', currval('contato_id_seq'));insert into telefone(tipo, ddd, telefone, id_contato)values('COMERCIAL', '','0', currval('contato_id_seq'));insert into endereco (data_inicial_vigencia, endereco, cep)values('2000-01-01','ALAMEDA SIBIPIRUNAS 1045 PONTE PRETA','13290000');insert into contribuinte(id,  data_cadastro, nome_empresa, id_endereco, id_contato, valor_contribuicao)values(779,'02/03/1998','ANTONIO REYES',currval('endereco_id_seq'), currval('contato_id_seq'),15.00);insert into historico_status_contribuinte(data_inicial_vigencia, status)values('2001-01-01','ATIVADO');insert into contribuinte_historico_status_contribuinte(id_contribuinte, id_historico_status_contribuinte)values(779,currval('historico_status_contribuinte_id_seq'));
insert into contato(ramal)values('');insert into telefone(tipo, ddd, telefone, id_contato)values('RESIDENCIAL', '11', '36669780', currval('contato_id_seq'));insert into telefone(tipo, ddd, telefone, id_contato)values('COMERCIAL', '','0', currval('contato_id_seq'));insert into endereco (data_inicial_vigencia, endereco, cep)values('2000-01-01','R BARRA FUNDA 637','1152000');insert into contribuinte(id,  data_cadastro, nome_empresa, id_endereco, id_contato, valor_contribuicao)values(780,'02/03/1998','FLOOT ASTERóIDE COM.DE VIDROS LTDA',currval('endereco_id_seq'), currval('contato_id_seq'),30.00);insert into historico_status_contribuinte(data_inicial_vigencia, status)values('2001-01-01','ATIVADO');insert into contribuinte_historico_status_contribuinte(id_contribuinte, id_historico_status_contribuinte)values(780,currval('historico_status_contribuinte_id_seq'));
insert into contato(ramal)values('');insert into telefone(tipo, ddd, telefone, id_contato)values('RESIDENCIAL', '11', '38865000', currval('contato_id_seq'));insert into telefone(tipo, ddd, telefone, id_contato)values('COMERCIAL', '','0', currval('contato_id_seq'));insert into endereco (data_inicial_vigencia, endereco, cep)values('2000-01-01','R HUMBERTO I 908 APTO 81 VL MARIANA','4018030');insert into contribuinte(id,  data_cadastro, nome_empresa, id_endereco, id_contato, valor_contribuicao)values(781,'02/03/1998','WILSON ROBERTO CAMPOS DE MELLO',currval('endereco_id_seq'), currval('contato_id_seq'),30.00);insert into historico_status_contribuinte(data_inicial_vigencia, status)values('2001-01-01','ATIVADO');insert into contribuinte_historico_status_contribuinte(id_contribuinte, id_historico_status_contribuinte)values(781,currval('historico_status_contribuinte_id_seq'));
insert into contato(ramal)values('');insert into telefone(tipo, ddd, telefone, id_contato)values('RESIDENCIAL', '11', '3064', currval('contato_id_seq'));insert into telefone(tipo, ddd, telefone, id_contato)values('COMERCIAL', '','0', currval('contato_id_seq'));insert into endereco (data_inicial_vigencia, endereco, cep)values('2000-01-01','R JOAQUIM ANTUNES, 600A','5415000');insert into contribuinte(id,  data_cadastro, nome_empresa, id_endereco, id_contato, valor_contribuicao)values(782,'02/03/1998','WALDEMAR LOUREIRO ALVES VIANNA',currval('endereco_id_seq'), currval('contato_id_seq'),30.00);insert into historico_status_contribuinte(data_inicial_vigencia, status)values('2001-01-01','ATIVADO');insert into contribuinte_historico_status_contribuinte(id_contribuinte, id_historico_status_contribuinte)values(782,currval('historico_status_contribuinte_id_seq'));
insert into contato(ramal)values('');insert into telefone(tipo, ddd, telefone, id_contato)values('RESIDENCIAL', '11', '8853499', currval('contato_id_seq'));insert into telefone(tipo, ddd, telefone, id_contato)values('COMERCIAL', '','0', currval('contato_id_seq'));insert into endereco (data_inicial_vigencia, endereco, cep)values('2000-01-01','ALAMEDA FERNAO CARDIM, 283 AP. 51','1403002');insert into contribuinte(id,  data_cadastro, nome_empresa, id_endereco, id_contato, valor_contribuicao)values(783,'02/03/1998','LUCIANA PASTORE',currval('endereco_id_seq'), currval('contato_id_seq'),30.00);insert into historico_status_contribuinte(data_inicial_vigencia, status)values('2001-01-01','ATIVADO');insert into contribuinte_historico_status_contribuinte(id_contribuinte, id_historico_status_contribuinte)values(783,currval('historico_status_contribuinte_id_seq'));
insert into contato(ramal)values('');insert into telefone(tipo, ddd, telefone, id_contato)values('RESIDENCIAL', '11', '2724650', currval('contato_id_seq'));insert into telefone(tipo, ddd, telefone, id_contato)values('COMERCIAL', '','0', currval('contato_id_seq'));insert into endereco (data_inicial_vigencia, endereco, cep)values('2000-01-01','RUA CONSTITUINTE,57 AP.161','4204030');insert into contribuinte(id,  data_cadastro, nome_empresa, id_endereco, id_contato, valor_contribuicao)values(784,'02/03/1998','ISIS MARCIA MILANO IESI',currval('endereco_id_seq'), currval('contato_id_seq'),10.00);insert into historico_status_contribuinte(data_inicial_vigencia, status)values('2001-01-01','ATIVADO');insert into contribuinte_historico_status_contribuinte(id_contribuinte, id_historico_status_contribuinte)values(784,currval('historico_status_contribuinte_id_seq'));
insert into contato(ramal)values('');insert into telefone(tipo, ddd, telefone, id_contato)values('RESIDENCIAL', '11', '65813932', currval('contato_id_seq'));insert into telefone(tipo, ddd, telefone, id_contato)values('COMERCIAL', '','0', currval('contato_id_seq'));insert into endereco (data_inicial_vigencia, endereco, cep)values('2000-01-01','R. ARVORE DO VIAJANTE, 319','8180260');insert into contribuinte(id,  data_cadastro, nome_empresa, id_endereco, id_contato, valor_contribuicao)values(785,'24/03/1998','ANTONIO ALVES MONTEIRO',currval('endereco_id_seq'), currval('contato_id_seq'),10.00);insert into historico_status_contribuinte(data_inicial_vigencia, status)values('2001-01-01','ATIVADO');insert into contribuinte_historico_status_contribuinte(id_contribuinte, id_historico_status_contribuinte)values(785,currval('historico_status_contribuinte_id_seq'));
insert into contato(ramal)values('cel');insert into telefone(tipo, ddd, telefone, id_contato)values('RESIDENCIAL', '19', '32360050', currval('contato_id_seq'));insert into telefone(tipo, ddd, telefone, id_contato)values('COMERCIAL', '19','994', currval('contato_id_seq'));insert into endereco (data_inicial_vigencia, endereco, cep)values('2000-01-01','RUA PADRE VIEIRA, 880 AP.142','13015301');insert into contribuinte(id,  data_cadastro, nome_empresa, id_endereco, id_contato, valor_contribuicao)values(786,'12/03/1998','JOSE PEDRO LINS',currval('endereco_id_seq'), currval('contato_id_seq'),160.00);insert into historico_status_contribuinte(data_inicial_vigencia, status)values('2001-01-01','ATIVADO');insert into contribuinte_historico_status_contribuinte(id_contribuinte, id_historico_status_contribuinte)values(786,currval('historico_status_contribuinte_id_seq'));
insert into contato(ramal)values('');insert into telefone(tipo, ddd, telefone, id_contato)values('RESIDENCIAL', '11', '46542160', currval('contato_id_seq'));insert into telefone(tipo, ddd, telefone, id_contato)values('COMERCIAL', '11','239', currval('contato_id_seq'));insert into endereco (data_inicial_vigencia, endereco, cep)values('2000-01-01','AV.PANORAMICO, 480 - COND.ARUJAZINHO 4','7400000');insert into contribuinte(id,  data_cadastro, nome_empresa, id_endereco, id_contato, valor_contribuicao)values(787,'24/03/1998','CONSTANCIA MARIA MATTOS PIASENTIN',currval('endereco_id_seq'), currval('contato_id_seq'),10.00);insert into historico_status_contribuinte(data_inicial_vigencia, status)values('2001-01-01','ATIVADO');insert into contribuinte_historico_status_contribuinte(id_contribuinte, id_historico_status_contribuinte)values(787,currval('historico_status_contribuinte_id_seq'));
insert into contato(ramal)values('');insert into telefone(tipo, ddd, telefone, id_contato)values('RESIDENCIAL', '11', '61043377', currval('contato_id_seq'));insert into telefone(tipo, ddd, telefone, id_contato)values('COMERCIAL', '','0', currval('contato_id_seq'));insert into endereco (data_inicial_vigencia, endereco, cep)values('2000-01-01','AV FRANCISCO VIEIRA BUENO, 390','3390000');insert into contribuinte(id,  data_cadastro, nome_empresa, id_endereco, id_contato, valor_contribuicao)values(788,'04/05/1998','DERCY MANZI',currval('endereco_id_seq'), currval('contato_id_seq'),15.00);insert into historico_status_contribuinte(data_inicial_vigencia, status)values('2001-01-01','ATIVADO');insert into contribuinte_historico_status_contribuinte(id_contribuinte, id_historico_status_contribuinte)values(788,currval('historico_status_contribuinte_id_seq'));
insert into contato(ramal)values('');insert into telefone(tipo, ddd, telefone, id_contato)values('RESIDENCIAL', '11', '2160478', currval('contato_id_seq'));insert into telefone(tipo, ddd, telefone, id_contato)values('COMERCIAL', '','0', currval('contato_id_seq'));insert into endereco (data_inicial_vigencia, endereco, cep)values('2000-01-01','AV FRANCISCO VIEIRA BUENO, 390','3390000');insert into contribuinte(id,  data_cadastro, nome_empresa, id_endereco, id_contato, valor_contribuicao)values(789,'04/05/1998','ESMERALDA MANZI BIACCA',currval('endereco_id_seq'), currval('contato_id_seq'),15.00);insert into historico_status_contribuinte(data_inicial_vigencia, status)values('2001-01-01','ATIVADO');insert into contribuinte_historico_status_contribuinte(id_contribuinte, id_historico_status_contribuinte)values(789,currval('historico_status_contribuinte_id_seq'));
insert into contato(ramal)values('');insert into telefone(tipo, ddd, telefone, id_contato)values('RESIDENCIAL', '11', '61043377', currval('contato_id_seq'));insert into telefone(tipo, ddd, telefone, id_contato)values('COMERCIAL', '','0', currval('contato_id_seq'));insert into endereco (data_inicial_vigencia, endereco, cep)values('2000-01-01','AV FRANCISCO VIEIRA BUENO, 390','3390000');insert into contribuinte(id,  data_cadastro, nome_empresa, id_endereco, id_contato, valor_contribuicao)values(790,'04/05/1998','MARIA LEONILDA MANZI',currval('endereco_id_seq'), currval('contato_id_seq'),15.00);insert into historico_status_contribuinte(data_inicial_vigencia, status)values('2001-01-01','ATIVADO');insert into contribuinte_historico_status_contribuinte(id_contribuinte, id_historico_status_contribuinte)values(790,currval('historico_status_contribuinte_id_seq'));
insert into contato(ramal)values('');insert into telefone(tipo, ddd, telefone, id_contato)values('RESIDENCIAL', '11', '61923609', currval('contato_id_seq'));insert into telefone(tipo, ddd, telefone, id_contato)values('COMERCIAL', '','0', currval('contato_id_seq'));insert into endereco (data_inicial_vigencia, endereco, cep)values('2000-01-01','RUA SERRA DE BOTUCATU, 1977 - TATUAPE','3317001');insert into contribuinte(id,  data_cadastro, nome_empresa, id_endereco, id_contato, valor_contribuicao)values(791,'04/05/1998','ROSANA MEDEIROS',currval('endereco_id_seq'), currval('contato_id_seq'),30.00);insert into historico_status_contribuinte(data_inicial_vigencia, status)values('2001-01-01','ATIVADO');insert into contribuinte_historico_status_contribuinte(id_contribuinte, id_historico_status_contribuinte)values(791,currval('historico_status_contribuinte_id_seq'));
insert into contato(ramal)values('');insert into telefone(tipo, ddd, telefone, id_contato)values('RESIDENCIAL', '21', '3257339', currval('contato_id_seq'));insert into telefone(tipo, ddd, telefone, id_contato)values('COMERCIAL', '','0', currval('contato_id_seq'));insert into endereco (data_inicial_vigencia, endereco, cep)values('2000-01-01','RUA NASCIMENTO SILVA, 167 APTO 201','22421020');insert into contribuinte(id,  data_cadastro, nome_empresa, id_endereco, id_contato, valor_contribuicao)values(792,'02/04/1998','JORGE RAIMUNDO',currval('endereco_id_seq'), currval('contato_id_seq'),100.00);insert into historico_status_contribuinte(data_inicial_vigencia, status)values('2001-01-01','ATIVADO');insert into contribuinte_historico_status_contribuinte(id_contribuinte, id_historico_status_contribuinte)values(792,currval('historico_status_contribuinte_id_seq'));
insert into contato(ramal)values('');insert into telefone(tipo, ddd, telefone, id_contato)values('RESIDENCIAL', '11', '0', currval('contato_id_seq'));insert into telefone(tipo, ddd, telefone, id_contato)values('COMERCIAL', '','0', currval('contato_id_seq'));insert into endereco (data_inicial_vigencia, endereco, cep)values('2000-01-01','RUA BARONESA DE ITU, 698 - AP. 31','1231000');insert into contribuinte(id,  data_cadastro, nome_empresa, id_endereco, id_contato, valor_contribuicao)values(793,'01/06/1998','MARIA CRISTINA MALCRBI',currval('endereco_id_seq'), currval('contato_id_seq'),10.00);insert into historico_status_contribuinte(data_inicial_vigencia, status)values('2001-01-01','ATIVADO');insert into contribuinte_historico_status_contribuinte(id_contribuinte, id_historico_status_contribuinte)values(793,currval('historico_status_contribuinte_id_seq'));
insert into contato(ramal)values('');insert into telefone(tipo, ddd, telefone, id_contato)values('RESIDENCIAL', '', '0', currval('contato_id_seq'));insert into telefone(tipo, ddd, telefone, id_contato)values('COMERCIAL', '','0', currval('contato_id_seq'));insert into endereco (data_inicial_vigencia, endereco, cep)values('2000-01-01','RUA PARA, 446 AP.1302','41927000');insert into contribuinte(id,  data_cadastro, nome_empresa, id_endereco, id_contato, valor_contribuicao)values(794,'17/09/1998','CIDALISA GONCALVES CAI',currval('endereco_id_seq'), currval('contato_id_seq'),0.00);insert into historico_status_contribuinte(data_inicial_vigencia, status)values('2001-01-01','ATIVADO');insert into contribuinte_historico_status_contribuinte(id_contribuinte, id_historico_status_contribuinte)values(794,currval('historico_status_contribuinte_id_seq'));
insert into contato(ramal)values('');insert into telefone(tipo, ddd, telefone, id_contato)values('RESIDENCIAL', '11', '38723075', currval('contato_id_seq'));insert into telefone(tipo, ddd, telefone, id_contato)values('COMERCIAL', '','0', currval('contato_id_seq'));insert into endereco (data_inicial_vigencia, endereco, cep)values('2000-01-01','R: AMBERE, 466/71','5018010');insert into contribuinte(id,  data_cadastro, nome_empresa, id_endereco, id_contato, valor_contribuicao)values(813,'19/07/1999','CARLOS ROBERTO LEANDRO',currval('endereco_id_seq'), currval('contato_id_seq'),100.00);insert into historico_status_contribuinte(data_inicial_vigencia, status)values('2001-01-01','ATIVADO');insert into contribuinte_historico_status_contribuinte(id_contribuinte, id_historico_status_contribuinte)values(813,currval('historico_status_contribuinte_id_seq'));
insert into contato(ramal)values('');insert into telefone(tipo, ddd, telefone, id_contato)values('RESIDENCIAL', '', '96381988', currval('contato_id_seq'));insert into telefone(tipo, ddd, telefone, id_contato)values('COMERCIAL', '','0', currval('contato_id_seq'));insert into endereco (data_inicial_vigencia, endereco, cep)values('2000-01-01','R: JOAO CASTELHANOS 64 TORRE B','2407030');insert into contribuinte(id,  data_cadastro, nome_empresa, id_endereco, id_contato, valor_contribuicao)values(814,'15/10/1999','EDGAR DUARTE JUNIOR',currval('endereco_id_seq'), currval('contato_id_seq'),0.00);insert into historico_status_contribuinte(data_inicial_vigencia, status)values('2001-01-01','ATIVADO');insert into contribuinte_historico_status_contribuinte(id_contribuinte, id_historico_status_contribuinte)values(814,currval('historico_status_contribuinte_id_seq'));
insert into contato(ramal)values('');insert into telefone(tipo, ddd, telefone, id_contato)values('RESIDENCIAL', '11', '38725483', currval('contato_id_seq'));insert into telefone(tipo, ddd, telefone, id_contato)values('COMERCIAL', '','0', currval('contato_id_seq'));insert into endereco (data_inicial_vigencia, endereco, cep)values('2000-01-01','AV PEREIRA BARRETO, 2323','9190210');insert into contribuinte(id,  data_cadastro, nome_empresa, id_endereco, id_contato, valor_contribuicao)values(815,'07/04/2000','IB - ACESSORIOS',currval('endereco_id_seq'), currval('contato_id_seq'),50.00);insert into historico_status_contribuinte(data_inicial_vigencia, status)values('2001-01-01','ATIVADO');insert into contribuinte_historico_status_contribuinte(id_contribuinte, id_historico_status_contribuinte)values(815,currval('historico_status_contribuinte_id_seq'));
insert into contato(ramal)values('');insert into telefone(tipo, ddd, telefone, id_contato)values('RESIDENCIAL', '11', '36610038', currval('contato_id_seq'));insert into telefone(tipo, ddd, telefone, id_contato)values('COMERCIAL', '','0', currval('contato_id_seq'));insert into endereco (data_inicial_vigencia, endereco, cep)values('2000-01-01','R BARAO DE BUCANIA,140 6.AND-HIGIENOPOLI','1241020');insert into contribuinte(id,  data_cadastro, nome_empresa, id_endereco, id_contato, valor_contribuicao)values(816,'11/04/2000','MARIA DE LOURDES SOUTO BRAZ',currval('endereco_id_seq'), currval('contato_id_seq'),0.00);insert into historico_status_contribuinte(data_inicial_vigencia, status)values('2001-01-01','ATIVADO');insert into contribuinte_historico_status_contribuinte(id_contribuinte, id_historico_status_contribuinte)values(816,currval('historico_status_contribuinte_id_seq'));
insert into contato(ramal)values('');insert into telefone(tipo, ddd, telefone, id_contato)values('RESIDENCIAL', '', '0', currval('contato_id_seq'));insert into telefone(tipo, ddd, telefone, id_contato)values('COMERCIAL', '','0', currval('contato_id_seq'));insert into endereco (data_inicial_vigencia, endereco, cep)values('2000-01-01','AV ACM,771-SL.607-ED.EMPRES.TORRE D.PARK','41850000');insert into contribuinte(id,  data_cadastro, nome_empresa, id_endereco, id_contato, valor_contribuicao)values(817,'11/04/2000','MONICA BELTRAME',currval('endereco_id_seq'), currval('contato_id_seq'),0.00);insert into historico_status_contribuinte(data_inicial_vigencia, status)values('2001-01-01','ATIVADO');insert into contribuinte_historico_status_contribuinte(id_contribuinte, id_historico_status_contribuinte)values(817,currval('historico_status_contribuinte_id_seq'));
insert into contato(ramal)values('');insert into telefone(tipo, ddd, telefone, id_contato)values('RESIDENCIAL', '11', '50812309', currval('contato_id_seq'));insert into telefone(tipo, ddd, telefone, id_contato)values('COMERCIAL', '','0', currval('contato_id_seq'));insert into endereco (data_inicial_vigencia, endereco, cep)values('2000-01-01','R EMBAU, 209 - APTO.92 - VL. MARIANA','4039060');insert into contribuinte(id,  data_cadastro, nome_empresa, id_endereco, id_contato, valor_contribuicao)values(818,'11/04/2000','MARCIA MARIA CORSETTI',currval('endereco_id_seq'), currval('contato_id_seq'),0.00);insert into historico_status_contribuinte(data_inicial_vigencia, status)values('2001-01-01','ATIVADO');insert into contribuinte_historico_status_contribuinte(id_contribuinte, id_historico_status_contribuinte)values(818,currval('historico_status_contribuinte_id_seq'));
insert into contato(ramal)values('');insert into telefone(tipo, ddd, telefone, id_contato)values('RESIDENCIAL', '11', '8524080', currval('contato_id_seq'));insert into telefone(tipo, ddd, telefone, id_contato)values('COMERCIAL', '','0', currval('contato_id_seq'));insert into endereco (data_inicial_vigencia, endereco, cep)values('2000-01-01','RUA OSCAR FREIRE, 715 AP. 44','1426001');insert into contribuinte(id,  data_cadastro, nome_empresa, id_endereco, id_contato, valor_contribuicao)values(819,'11/04/2000','FERNANDO A.T. E VASCOCELOS',currval('endereco_id_seq'), currval('contato_id_seq'),25.00);insert into historico_status_contribuinte(data_inicial_vigencia, status)values('2001-01-01','ATIVADO');insert into contribuinte_historico_status_contribuinte(id_contribuinte, id_historico_status_contribuinte)values(819,currval('historico_status_contribuinte_id_seq'));
insert into contato(ramal)values('');insert into telefone(tipo, ddd, telefone, id_contato)values('RESIDENCIAL', '', '38728483', currval('contato_id_seq'));insert into telefone(tipo, ddd, telefone, id_contato)values('COMERCIAL', '','0', currval('contato_id_seq'));insert into endereco (data_inicial_vigencia, endereco, cep)values('2000-01-01','RUA DUILIO, 204 APTO.101A','5043020');insert into contribuinte(id,  data_cadastro, nome_empresa, id_endereco, id_contato, valor_contribuicao)values(820,'11/04/2000','MARIA ADELINA CARDOSO PINTO ROMAO',currval('endereco_id_seq'), currval('contato_id_seq'),50.00);insert into historico_status_contribuinte(data_inicial_vigencia, status)values('2001-01-01','ATIVADO');insert into contribuinte_historico_status_contribuinte(id_contribuinte, id_historico_status_contribuinte)values(820,currval('historico_status_contribuinte_id_seq'));
insert into contato(ramal)values('');insert into telefone(tipo, ddd, telefone, id_contato)values('RESIDENCIAL', '', '0', currval('contato_id_seq'));insert into telefone(tipo, ddd, telefone, id_contato)values('COMERCIAL', '','0', currval('contato_id_seq'));insert into endereco (data_inicial_vigencia, endereco, cep)values('2000-01-01','RUA MARANHAO, 163 APTO.33 - IGIENOPOLIS','1240001');insert into contribuinte(id,  data_cadastro, nome_empresa, id_endereco, id_contato, valor_contribuicao)values(821,'08/08/2000','VERA FRANCO DO AMARAL',currval('endereco_id_seq'), currval('contato_id_seq'),10.00);insert into historico_status_contribuinte(data_inicial_vigencia, status)values('2001-01-01','ATIVADO');insert into contribuinte_historico_status_contribuinte(id_contribuinte, id_historico_status_contribuinte)values(821,currval('historico_status_contribuinte_id_seq'));
insert into contato(ramal)values('');insert into telefone(tipo, ddd, telefone, id_contato)values('RESIDENCIAL', '11', '38313852', currval('contato_id_seq'));insert into telefone(tipo, ddd, telefone, id_contato)values('COMERCIAL', '','0', currval('contato_id_seq'));insert into endereco (data_inicial_vigencia, endereco, cep)values('2000-01-01','R JOSE FERNANDES LOBO, 133','5121120');insert into contribuinte(id,  data_cadastro, nome_empresa, id_endereco, id_contato, valor_contribuicao)values(822,'16/08/2000','VERA LUCIA BINELLI',currval('endereco_id_seq'), currval('contato_id_seq'),0.00);insert into historico_status_contribuinte(data_inicial_vigencia, status)values('2001-01-01','ATIVADO');insert into contribuinte_historico_status_contribuinte(id_contribuinte, id_historico_status_contribuinte)values(822,currval('historico_status_contribuinte_id_seq'));
insert into contato(ramal)values('');insert into telefone(tipo, ddd, telefone, id_contato)values('RESIDENCIAL', '', '39064797', currval('contato_id_seq'));insert into telefone(tipo, ddd, telefone, id_contato)values('COMERCIAL', '','0', currval('contato_id_seq'));insert into endereco (data_inicial_vigencia, endereco, cep)values('2000-01-01','AV AGENOR COUTO DE MAGALHAES,222 AP.1420','5174000');insert into contribuinte(id,  data_cadastro, nome_empresa, id_endereco, id_contato, valor_contribuicao)values(823,'01/09/2000','CARLA FABIANA GEREMIAS AUGUSTO',currval('endereco_id_seq'), currval('contato_id_seq'),12.00);insert into historico_status_contribuinte(data_inicial_vigencia, status)values('2001-01-01','ATIVADO');insert into contribuinte_historico_status_contribuinte(id_contribuinte, id_historico_status_contribuinte)values(823,currval('historico_status_contribuinte_id_seq'));
insert into contato(ramal)values('');insert into telefone(tipo, ddd, telefone, id_contato)values('RESIDENCIAL', '11', '36664942', currval('contato_id_seq'));insert into telefone(tipo, ddd, telefone, id_contato)values('COMERCIAL', '','0', currval('contato_id_seq'));insert into endereco (data_inicial_vigencia, endereco, cep)values('2000-01-01','RUA PARA, 65 - 6.ANDAR CJ. 61','1243020');insert into contribuinte(id,  data_cadastro, nome_empresa, id_endereco, id_contato, valor_contribuicao)values(824,'15/09/2000','BENJAMIM GOLCMAN',currval('endereco_id_seq'), currval('contato_id_seq'),18.00);insert into historico_status_contribuinte(data_inicial_vigencia, status)values('2001-01-01','ATIVADO');insert into contribuinte_historico_status_contribuinte(id_contribuinte, id_historico_status_contribuinte)values(824,currval('historico_status_contribuinte_id_seq'));
insert into contato(ramal)values('');insert into telefone(tipo, ddd, telefone, id_contato)values('RESIDENCIAL', '', '0', currval('contato_id_seq'));insert into telefone(tipo, ddd, telefone, id_contato)values('COMERCIAL', '','0', currval('contato_id_seq'));insert into endereco (data_inicial_vigencia, endereco, cep)values('2000-01-01','R.ENGENHEIRO ANTONIO JOVINO,220 7.ANDAR','5727220');insert into contribuinte(id,  data_cadastro, nome_empresa, id_endereco, id_contato, valor_contribuicao)values(825,'26/10/2000','EASE EMREENDIMENTOS E PARTICIP. LTDA.',currval('endereco_id_seq'), currval('contato_id_seq'),100.00);insert into historico_status_contribuinte(data_inicial_vigencia, status)values('2001-01-01','ATIVADO');insert into contribuinte_historico_status_contribuinte(id_contribuinte, id_historico_status_contribuinte)values(825,currval('historico_status_contribuinte_id_seq'));
insert into contato(ramal)values('');insert into telefone(tipo, ddd, telefone, id_contato)values('RESIDENCIAL', '', '0', currval('contato_id_seq'));insert into telefone(tipo, ddd, telefone, id_contato)values('COMERCIAL', '','0', currval('contato_id_seq'));insert into endereco (data_inicial_vigencia, endereco, cep)values('2000-01-01','RUA CARLOS VENTURE, 49 - PQ. DA MOOCA','3123050');insert into contribuinte(id,  data_cadastro, nome_empresa, id_endereco, id_contato, valor_contribuicao)values(826,'26/10/2000','PAULO/ALICE FISCHER',currval('endereco_id_seq'), currval('contato_id_seq'),0.00);insert into historico_status_contribuinte(data_inicial_vigencia, status)values('2001-01-01','ATIVADO');insert into contribuinte_historico_status_contribuinte(id_contribuinte, id_historico_status_contribuinte)values(826,currval('historico_status_contribuinte_id_seq'));
insert into contato(ramal)values('');insert into telefone(tipo, ddd, telefone, id_contato)values('RESIDENCIAL', '', '0', currval('contato_id_seq'));insert into telefone(tipo, ddd, telefone, id_contato)values('COMERCIAL', '','0', currval('contato_id_seq'));insert into endereco (data_inicial_vigencia, endereco, cep)values('2000-01-01','R OSCAR MONTEIRO DE BARROS, 333/AP.241','5641010');insert into contribuinte(id,  data_cadastro, nome_empresa, id_endereco, id_contato, valor_contribuicao)values(827,'26/10/2000','JOSE /MARIA HELENA CHEDI',currval('endereco_id_seq'), currval('contato_id_seq'),0.00);insert into historico_status_contribuinte(data_inicial_vigencia, status)values('2001-01-01','ATIVADO');insert into contribuinte_historico_status_contribuinte(id_contribuinte, id_historico_status_contribuinte)values(827,currval('historico_status_contribuinte_id_seq'));
insert into contato(ramal)values('');insert into telefone(tipo, ddd, telefone, id_contato)values('RESIDENCIAL', '', '55158801', currval('contato_id_seq'));insert into telefone(tipo, ddd, telefone, id_contato)values('COMERCIAL', '','0', currval('contato_id_seq'));insert into endereco (data_inicial_vigencia, endereco, cep)values('2000-01-01','R BARAO DE STA EULALIA,400 AP.21 REAL PQ','5685040');insert into contribuinte(id,  data_cadastro, nome_empresa, id_endereco, id_contato, valor_contribuicao)values(828,'26/10/2000','CLAUDIA NELZOW',currval('endereco_id_seq'), currval('contato_id_seq'),0.00);insert into historico_status_contribuinte(data_inicial_vigencia, status)values('2001-01-01','ATIVADO');insert into contribuinte_historico_status_contribuinte(id_contribuinte, id_historico_status_contribuinte)values(828,currval('historico_status_contribuinte_id_seq'));
insert into contato(ramal)values('');insert into telefone(tipo, ddd, telefone, id_contato)values('RESIDENCIAL', '', '0', currval('contato_id_seq'));insert into telefone(tipo, ddd, telefone, id_contato)values('COMERCIAL', '','0', currval('contato_id_seq'));insert into endereco (data_inicial_vigencia, endereco, cep)values('2000-01-01','R MIN. NELSON HUNGRIA, 193 - MORUMBI','5690050');insert into contribuinte(id,  data_cadastro, nome_empresa, id_endereco, id_contato, valor_contribuicao)values(829,'26/10/2000','LUIZ TODESCAN',currval('endereco_id_seq'), currval('contato_id_seq'),0.00);insert into historico_status_contribuinte(data_inicial_vigencia, status)values('2001-01-01','ATIVADO');insert into contribuinte_historico_status_contribuinte(id_contribuinte, id_historico_status_contribuinte)values(829,currval('historico_status_contribuinte_id_seq'));
insert into contato(ramal)values('');insert into telefone(tipo, ddd, telefone, id_contato)values('RESIDENCIAL', '', '0', currval('contato_id_seq'));insert into telefone(tipo, ddd, telefone, id_contato)values('COMERCIAL', '','0', currval('contato_id_seq'));insert into endereco (data_inicial_vigencia, endereco, cep)values('2000-01-01','R MIN. NELSON HUNGRIA, 193 - MORUMBI','5690050');insert into contribuinte(id,  data_cadastro, nome_empresa, id_endereco, id_contato, valor_contribuicao)values(830,'26/10/2000','CARLA TODESCAN',currval('endereco_id_seq'), currval('contato_id_seq'),0.00);insert into historico_status_contribuinte(data_inicial_vigencia, status)values('2001-01-01','ATIVADO');insert into contribuinte_historico_status_contribuinte(id_contribuinte, id_historico_status_contribuinte)values(830,currval('historico_status_contribuinte_id_seq'));
insert into contato(ramal)values('');insert into telefone(tipo, ddd, telefone, id_contato)values('RESIDENCIAL', '11', '21981240', currval('contato_id_seq'));insert into telefone(tipo, ddd, telefone, id_contato)values('COMERCIAL', '','0', currval('contato_id_seq'));insert into endereco (data_inicial_vigencia, endereco, cep)values('2000-01-01','PC VISCONDE DE SOUZA FONTES, 255 AP. 121','3127010');insert into contribuinte(id,  data_cadastro, nome_empresa, id_endereco, id_contato, valor_contribuicao)values(831,'30/10/2000','KARLA MARIA ARANA',currval('endereco_id_seq'), currval('contato_id_seq'),0.00);insert into historico_status_contribuinte(data_inicial_vigencia, status)values('2001-01-01','ATIVADO');insert into contribuinte_historico_status_contribuinte(id_contribuinte, id_historico_status_contribuinte)values(831,currval('historico_status_contribuinte_id_seq'));
insert into contato(ramal)values('');insert into telefone(tipo, ddd, telefone, id_contato)values('RESIDENCIAL', '', '0', currval('contato_id_seq'));insert into telefone(tipo, ddd, telefone, id_contato)values('COMERCIAL', '','0', currval('contato_id_seq'));insert into endereco (data_inicial_vigencia, endereco, cep)values('2000-01-01','R PEDRO MORAES DE ALMEIDA, 8A -JD.ROBERT','6170360');insert into contribuinte(id,  data_cadastro, nome_empresa, id_endereco, id_contato, valor_contribuicao)values(832,'30/10/2000','VERA LUCIA TARDIN',currval('endereco_id_seq'), currval('contato_id_seq'),0.00);insert into historico_status_contribuinte(data_inicial_vigencia, status)values('2001-01-01','ATIVADO');insert into contribuinte_historico_status_contribuinte(id_contribuinte, id_historico_status_contribuinte)values(832,currval('historico_status_contribuinte_id_seq'));
insert into contato(ramal)values('');insert into telefone(tipo, ddd, telefone, id_contato)values('RESIDENCIAL', '', '0', currval('contato_id_seq'));insert into telefone(tipo, ddd, telefone, id_contato)values('COMERCIAL', '','0', currval('contato_id_seq'));insert into endereco (data_inicial_vigencia, endereco, cep)values('2000-01-01','R PIRATININGA, 213 - VILA DIRCE','6333380');insert into contribuinte(id,  data_cadastro, nome_empresa, id_endereco, id_contato, valor_contribuicao)values(833,'30/10/2000','AFONSO/DIRCE PIMENTEL',currval('endereco_id_seq'), currval('contato_id_seq'),0.00);insert into historico_status_contribuinte(data_inicial_vigencia, status)values('2001-01-01','ATIVADO');insert into contribuinte_historico_status_contribuinte(id_contribuinte, id_historico_status_contribuinte)values(833,currval('historico_status_contribuinte_id_seq'));
insert into contato(ramal)values('');insert into telefone(tipo, ddd, telefone, id_contato)values('RESIDENCIAL', '11', '41921139', currval('contato_id_seq'));insert into telefone(tipo, ddd, telefone, id_contato)values('COMERCIAL', '','0', currval('contato_id_seq'));insert into endereco (data_inicial_vigencia, endereco, cep)values('2000-01-01','AL PROCION, 598 - MORADA DAS ESTRELAS','6429100');insert into contribuinte(id,  data_cadastro, nome_empresa, id_endereco, id_contato, valor_contribuicao)values(834,'30/10/2000','RUTH BOFFELLI',currval('endereco_id_seq'), currval('contato_id_seq'),30.00);insert into historico_status_contribuinte(data_inicial_vigencia, status)values('2001-01-01','ATIVADO');insert into contribuinte_historico_status_contribuinte(id_contribuinte, id_historico_status_contribuinte)values(834,currval('historico_status_contribuinte_id_seq'));
insert into contato(ramal)values('');insert into telefone(tipo, ddd, telefone, id_contato)values('RESIDENCIAL', '', '0', currval('contato_id_seq'));insert into telefone(tipo, ddd, telefone, id_contato)values('COMERCIAL', '','0', currval('contato_id_seq'));insert into endereco (data_inicial_vigencia, endereco, cep)values('2000-01-01','R CRITIOS, 189 AP. 111 - MORUMBI','5630040');insert into contribuinte(id,  data_cadastro, nome_empresa, id_endereco, id_contato, valor_contribuicao)values(835,'30/10/2000','LUIZ / SILVIA GOUVEIA',currval('endereco_id_seq'), currval('contato_id_seq'),0.00);insert into historico_status_contribuinte(data_inicial_vigencia, status)values('2001-01-01','ATIVADO');insert into contribuinte_historico_status_contribuinte(id_contribuinte, id_historico_status_contribuinte)values(835,currval('historico_status_contribuinte_id_seq'));
insert into contato(ramal)values('');insert into telefone(tipo, ddd, telefone, id_contato)values('RESIDENCIAL', '', '0', currval('contato_id_seq'));insert into telefone(tipo, ddd, telefone, id_contato)values('COMERCIAL', '','0', currval('contato_id_seq'));insert into endereco (data_inicial_vigencia, endereco, cep)values('2000-01-01','R DOM TOMAS COSTA E LIMA, 65 - MORUMBI','5692020');insert into contribuinte(id,  data_cadastro, nome_empresa, id_endereco, id_contato, valor_contribuicao)values(836,'30/10/2000','RODOLFO / KATIA HAHAN',currval('endereco_id_seq'), currval('contato_id_seq'),0.00);insert into historico_status_contribuinte(data_inicial_vigencia, status)values('2001-01-01','ATIVADO');insert into contribuinte_historico_status_contribuinte(id_contribuinte, id_historico_status_contribuinte)values(836,currval('historico_status_contribuinte_id_seq'));
insert into contato(ramal)values('');insert into telefone(tipo, ddd, telefone, id_contato)values('RESIDENCIAL', '', '0', currval('contato_id_seq'));insert into telefone(tipo, ddd, telefone, id_contato)values('COMERCIAL', '','0', currval('contato_id_seq'));insert into endereco (data_inicial_vigencia, endereco, cep)values('2000-01-01','R FREDERICO GUARINON, 125 - AP. 60H','5713460');insert into contribuinte(id,  data_cadastro, nome_empresa, id_endereco, id_contato, valor_contribuicao)values(837,'30/10/2000','RICARDO / MONICA RIBEIRO DOS SANTOS',currval('endereco_id_seq'), currval('contato_id_seq'),0.00);insert into historico_status_contribuinte(data_inicial_vigencia, status)values('2001-01-01','ATIVADO');insert into contribuinte_historico_status_contribuinte(id_contribuinte, id_historico_status_contribuinte)values(837,currval('historico_status_contribuinte_id_seq'));
insert into contato(ramal)values('');insert into telefone(tipo, ddd, telefone, id_contato)values('RESIDENCIAL', '', '0', currval('contato_id_seq'));insert into telefone(tipo, ddd, telefone, id_contato)values('COMERCIAL', '','0', currval('contato_id_seq'));insert into endereco (data_inicial_vigencia, endereco, cep)values('2000-01-01','R FREDERICO GUARINON, 125 - AP. 112-H','5713460');insert into contribuinte(id,  data_cadastro, nome_empresa, id_endereco, id_contato, valor_contribuicao)values(838,'30/10/2000','LOURIVAL / NANCY CRUZ',currval('endereco_id_seq'), currval('contato_id_seq'),0.00);insert into historico_status_contribuinte(data_inicial_vigencia, status)values('2001-01-01','ATIVADO');insert into contribuinte_historico_status_contribuinte(id_contribuinte, id_historico_status_contribuinte)values(838,currval('historico_status_contribuinte_id_seq'));
insert into contato(ramal)values('');insert into telefone(tipo, ddd, telefone, id_contato)values('RESIDENCIAL', '', '0', currval('contato_id_seq'));insert into telefone(tipo, ddd, telefone, id_contato)values('COMERCIAL', '','0', currval('contato_id_seq'));insert into endereco (data_inicial_vigencia, endereco, cep)values('2000-01-01','R FREDERICO GUARINON, 125 - AP. 22-B','5713460');insert into contribuinte(id,  data_cadastro, nome_empresa, id_endereco, id_contato, valor_contribuicao)values(839,'30/10/2000','SILVIO / DENISE ALTMAN',currval('endereco_id_seq'), currval('contato_id_seq'),0.00);insert into historico_status_contribuinte(data_inicial_vigencia, status)values('2001-01-01','ATIVADO');insert into contribuinte_historico_status_contribuinte(id_contribuinte, id_historico_status_contribuinte)values(839,currval('historico_status_contribuinte_id_seq'));
insert into contato(ramal)values('');insert into telefone(tipo, ddd, telefone, id_contato)values('RESIDENCIAL', '', '0', currval('contato_id_seq'));insert into telefone(tipo, ddd, telefone, id_contato)values('COMERCIAL', '','0', currval('contato_id_seq'));insert into endereco (data_inicial_vigencia, endereco, cep)values('2000-01-01','R FREDERICO GUARINON, 125 AP.','5713460');insert into contribuinte(id,  data_cadastro, nome_empresa, id_endereco, id_contato, valor_contribuicao)values(840,'30/10/2000','HAMILTON / CRISTINA CAMPOS',currval('endereco_id_seq'), currval('contato_id_seq'),0.00);insert into historico_status_contribuinte(data_inicial_vigencia, status)values('2001-01-01','ATIVADO');insert into contribuinte_historico_status_contribuinte(id_contribuinte, id_historico_status_contribuinte)values(840,currval('historico_status_contribuinte_id_seq'));
insert into contato(ramal)values('');insert into telefone(tipo, ddd, telefone, id_contato)values('RESIDENCIAL', '', '0', currval('contato_id_seq'));insert into telefone(tipo, ddd, telefone, id_contato)values('COMERCIAL', '','0', currval('contato_id_seq'));insert into endereco (data_inicial_vigencia, endereco, cep)values('2000-01-01','RUA ALGEMESI, 164 APTO 71','5717190');insert into contribuinte(id,  data_cadastro, nome_empresa, id_endereco, id_contato, valor_contribuicao)values(841,'30/10/2000','WILSON / CHRISTIANE A M CARVALHO',currval('endereco_id_seq'), currval('contato_id_seq'),0.00);insert into historico_status_contribuinte(data_inicial_vigencia, status)values('2001-01-01','ATIVADO');insert into contribuinte_historico_status_contribuinte(id_contribuinte, id_historico_status_contribuinte)values(841,currval('historico_status_contribuinte_id_seq'));
insert into contato(ramal)values('');insert into telefone(tipo, ddd, telefone, id_contato)values('RESIDENCIAL', '', '0', currval('contato_id_seq'));insert into telefone(tipo, ddd, telefone, id_contato)values('COMERCIAL', '','0', currval('contato_id_seq'));insert into endereco (data_inicial_vigencia, endereco, cep)values('2000-01-01','R FREDERICO GUARINON, 125 - AP.91-H','5713460');insert into contribuinte(id,  data_cadastro, nome_empresa, id_endereco, id_contato, valor_contribuicao)values(842,'30/10/2000','NILTON / ELENIR GRAMES MONTEIRO',currval('endereco_id_seq'), currval('contato_id_seq'),0.00);insert into historico_status_contribuinte(data_inicial_vigencia, status)values('2001-01-01','ATIVADO');insert into contribuinte_historico_status_contribuinte(id_contribuinte, id_historico_status_contribuinte)values(842,currval('historico_status_contribuinte_id_seq'));
insert into contato(ramal)values('');insert into telefone(tipo, ddd, telefone, id_contato)values('RESIDENCIAL', '', '0', currval('contato_id_seq'));insert into telefone(tipo, ddd, telefone, id_contato)values('COMERCIAL', '','0', currval('contato_id_seq'));insert into endereco (data_inicial_vigencia, endereco, cep)values('2000-01-01','R FREDERICO GUARINON, 125 - AP.130-S','5713460');insert into contribuinte(id,  data_cadastro, nome_empresa, id_endereco, id_contato, valor_contribuicao)values(843,'30/10/2000','ANTONIO ROBERTO / LURDES ALVARENGA',currval('endereco_id_seq'), currval('contato_id_seq'),0.00);insert into historico_status_contribuinte(data_inicial_vigencia, status)values('2001-01-01','ATIVADO');insert into contribuinte_historico_status_contribuinte(id_contribuinte, id_historico_status_contribuinte)values(843,currval('historico_status_contribuinte_id_seq'));
insert into contato(ramal)values('');insert into telefone(tipo, ddd, telefone, id_contato)values('RESIDENCIAL', '', '0', currval('contato_id_seq'));insert into telefone(tipo, ddd, telefone, id_contato)values('COMERCIAL', '','0', currval('contato_id_seq'));insert into endereco (data_inicial_vigencia, endereco, cep)values('2000-01-01','R FREDERICO GUARINON, 125 - AP. 180-B','5713460');insert into contribuinte(id,  data_cadastro, nome_empresa, id_endereco, id_contato, valor_contribuicao)values(844,'30/10/2000','ANDRE / MARCIA LITMANOWIEZ',currval('endereco_id_seq'), currval('contato_id_seq'),0.00);insert into historico_status_contribuinte(data_inicial_vigencia, status)values('2001-01-01','ATIVADO');insert into contribuinte_historico_status_contribuinte(id_contribuinte, id_historico_status_contribuinte)values(844,currval('historico_status_contribuinte_id_seq'));
insert into contato(ramal)values('');insert into telefone(tipo, ddd, telefone, id_contato)values('RESIDENCIAL', '', '0', currval('contato_id_seq'));insert into telefone(tipo, ddd, telefone, id_contato)values('COMERCIAL', '','0', currval('contato_id_seq'));insert into endereco (data_inicial_vigencia, endereco, cep)values('2000-01-01','R LAIR, 426 - TREMEMBE','2371040');insert into contribuinte(id,  data_cadastro, nome_empresa, id_endereco, id_contato, valor_contribuicao)values(845,'30/10/2000','HILARIO / SILVIA CIAFON',currval('endereco_id_seq'), currval('contato_id_seq'),0.00);insert into historico_status_contribuinte(data_inicial_vigencia, status)values('2001-01-01','ATIVADO');insert into contribuinte_historico_status_contribuinte(id_contribuinte, id_historico_status_contribuinte)values(845,currval('historico_status_contribuinte_id_seq'));
insert into contato(ramal)values('');insert into telefone(tipo, ddd, telefone, id_contato)values('RESIDENCIAL', '', '0', currval('contato_id_seq'));insert into telefone(tipo, ddd, telefone, id_contato)values('COMERCIAL', '','0', currval('contato_id_seq'));insert into endereco (data_inicial_vigencia, endereco, cep)values('2000-01-01','AV JOSE GALANTE, 650 - AP.31','5642001');insert into contribuinte(id,  data_cadastro, nome_empresa, id_endereco, id_contato, valor_contribuicao)values(846,'30/10/2000','PRICILA LONG',currval('endereco_id_seq'), currval('contato_id_seq'),0.00);insert into historico_status_contribuinte(data_inicial_vigencia, status)values('2001-01-01','ATIVADO');insert into contribuinte_historico_status_contribuinte(id_contribuinte, id_historico_status_contribuinte)values(846,currval('historico_status_contribuinte_id_seq'));
insert into contato(ramal)values('');insert into telefone(tipo, ddd, telefone, id_contato)values('RESIDENCIAL', '', '0', currval('contato_id_seq'));insert into telefone(tipo, ddd, telefone, id_contato)values('COMERCIAL', '','0', currval('contato_id_seq'));insert into endereco (data_inicial_vigencia, endereco, cep)values('2000-01-01','R PEDRO GOMES CARDIM, 128 - AP. 81-A','5617000');insert into contribuinte(id,  data_cadastro, nome_empresa, id_endereco, id_contato, valor_contribuicao)values(847,'30/10/2000','JOAO SAMPAIO',currval('endereco_id_seq'), currval('contato_id_seq'),0.00);insert into historico_status_contribuinte(data_inicial_vigencia, status)values('2001-01-01','ATIVADO');insert into contribuinte_historico_status_contribuinte(id_contribuinte, id_historico_status_contribuinte)values(847,currval('historico_status_contribuinte_id_seq'));
insert into contato(ramal)values('');insert into telefone(tipo, ddd, telefone, id_contato)values('RESIDENCIAL', '', '0', currval('contato_id_seq'));insert into telefone(tipo, ddd, telefone, id_contato)values('COMERCIAL', '','0', currval('contato_id_seq'));insert into endereco (data_inicial_vigencia, endereco, cep)values('2000-01-01','R ANDRE MENDES, 86 APTO. 111','4149110');insert into contribuinte(id,  data_cadastro, nome_empresa, id_endereco, id_contato, valor_contribuicao)values(848,'30/10/2000','OSMAR RISSIO',currval('endereco_id_seq'), currval('contato_id_seq'),0.00);insert into historico_status_contribuinte(data_inicial_vigencia, status)values('2001-01-01','ATIVADO');insert into contribuinte_historico_status_contribuinte(id_contribuinte, id_historico_status_contribuinte)values(848,currval('historico_status_contribuinte_id_seq'));
insert into contato(ramal)values('');insert into telefone(tipo, ddd, telefone, id_contato)values('RESIDENCIAL', '', '0', currval('contato_id_seq'));insert into telefone(tipo, ddd, telefone, id_contato)values('COMERCIAL', '','0', currval('contato_id_seq'));insert into endereco (data_inicial_vigencia, endereco, cep)values('2000-01-01','R MALVINAS, 400','5609010');insert into contribuinte(id,  data_cadastro, nome_empresa, id_endereco, id_contato, valor_contribuicao)values(849,'30/10/2000','JOSE LUIS BROLLO',currval('endereco_id_seq'), currval('contato_id_seq'),0.00);insert into historico_status_contribuinte(data_inicial_vigencia, status)values('2001-01-01','ATIVADO');insert into contribuinte_historico_status_contribuinte(id_contribuinte, id_historico_status_contribuinte)values(849,currval('historico_status_contribuinte_id_seq'));
insert into contato(ramal)values('');insert into telefone(tipo, ddd, telefone, id_contato)values('RESIDENCIAL', '', '0', currval('contato_id_seq'));insert into telefone(tipo, ddd, telefone, id_contato)values('COMERCIAL', '','0', currval('contato_id_seq'));insert into endereco (data_inicial_vigencia, endereco, cep)values('2000-01-01','R ALVES GUIMARAES, 960 - AP. 83','5410001');insert into contribuinte(id,  data_cadastro, nome_empresa, id_endereco, id_contato, valor_contribuicao)values(850,'30/10/2000','PARE MATOS',currval('endereco_id_seq'), currval('contato_id_seq'),0.00);insert into historico_status_contribuinte(data_inicial_vigencia, status)values('2001-01-01','ATIVADO');insert into contribuinte_historico_status_contribuinte(id_contribuinte, id_historico_status_contribuinte)values(850,currval('historico_status_contribuinte_id_seq'));
insert into contato(ramal)values('');insert into telefone(tipo, ddd, telefone, id_contato)values('RESIDENCIAL', '', '0', currval('contato_id_seq'));insert into telefone(tipo, ddd, telefone, id_contato)values('COMERCIAL', '','0', currval('contato_id_seq'));insert into endereco (data_inicial_vigencia, endereco, cep)values('2000-01-01','AL DOS NHAMBIQUARAS, 2012','4090004');insert into contribuinte(id,  data_cadastro, nome_empresa, id_endereco, id_contato, valor_contribuicao)values(851,'30/10/2000','ECOSSISTEMA PAISAGISMO LTDA - A/C CARMEM',currval('endereco_id_seq'), currval('contato_id_seq'),0.00);insert into historico_status_contribuinte(data_inicial_vigencia, status)values('2001-01-01','ATIVADO');insert into contribuinte_historico_status_contribuinte(id_contribuinte, id_historico_status_contribuinte)values(851,currval('historico_status_contribuinte_id_seq'));
insert into contato(ramal)values('');insert into telefone(tipo, ddd, telefone, id_contato)values('RESIDENCIAL', '', '0', currval('contato_id_seq'));insert into telefone(tipo, ddd, telefone, id_contato)values('COMERCIAL', '','0', currval('contato_id_seq'));insert into endereco (data_inicial_vigencia, endereco, cep)values('2000-01-01','R. XV DE NOVEMBRO, 535 - AP. 72','13360000');insert into contribuinte(id,  data_cadastro, nome_empresa, id_endereco, id_contato, valor_contribuicao)values(852,'30/10/2000','CARLOS ALBERTO P. PROENCA',currval('endereco_id_seq'), currval('contato_id_seq'),0.00);insert into historico_status_contribuinte(data_inicial_vigencia, status)values('2001-01-01','ATIVADO');insert into contribuinte_historico_status_contribuinte(id_contribuinte, id_historico_status_contribuinte)values(852,currval('historico_status_contribuinte_id_seq'));
insert into contato(ramal)values('');insert into telefone(tipo, ddd, telefone, id_contato)values('RESIDENCIAL', '', '0', currval('contato_id_seq'));insert into telefone(tipo, ddd, telefone, id_contato)values('COMERCIAL', '','0', currval('contato_id_seq'));insert into endereco (data_inicial_vigencia, endereco, cep)values('2000-01-01','R JOSE ANDRADE FIGUEIRA, 540 - AP. 72','5709010');insert into contribuinte(id,  data_cadastro, nome_empresa, id_endereco, id_contato, valor_contribuicao)values(853,'30/10/2000','DENISE LAURENTTI',currval('endereco_id_seq'), currval('contato_id_seq'),0.00);insert into historico_status_contribuinte(data_inicial_vigencia, status)values('2001-01-01','ATIVADO');insert into contribuinte_historico_status_contribuinte(id_contribuinte, id_historico_status_contribuinte)values(853,currval('historico_status_contribuinte_id_seq'));
insert into contato(ramal)values('142');insert into telefone(tipo, ddd, telefone, id_contato)values('RESIDENCIAL', '11', '44538242', currval('contato_id_seq'));insert into telefone(tipo, ddd, telefone, id_contato)values('COMERCIAL', '','0', currval('contato_id_seq'));insert into endereco (data_inicial_vigencia, endereco, cep)values('2000-01-01','RUA PACARANIA, 96','9134020');insert into contribuinte(id,  data_cadastro, nome_empresa, id_endereco, id_contato, valor_contribuicao)values(854,'14/11/2000','AMAURI RODRIGUES DA SILVEIRA',currval('endereco_id_seq'), currval('contato_id_seq'),50.00);insert into historico_status_contribuinte(data_inicial_vigencia, status)values('2001-01-01','ATIVADO');insert into contribuinte_historico_status_contribuinte(id_contribuinte, id_historico_status_contribuinte)values(854,currval('historico_status_contribuinte_id_seq'));
insert into contato(ramal)values('');insert into telefone(tipo, ddd, telefone, id_contato)values('RESIDENCIAL', '12', '2181229', currval('contato_id_seq'));insert into telefone(tipo, ddd, telefone, id_contato)values('COMERCIAL', '','0', currval('contato_id_seq'));insert into endereco (data_inicial_vigencia, endereco, cep)values('2000-01-01','R DOM DUARTE LEOPOLDO E SILVA, 844','12070590');insert into contribuinte(id,  data_cadastro, nome_empresa, id_endereco, id_contato, valor_contribuicao)values(855,'20/12/2000','IVAN CESAR LEITE DE MEDEIROS',currval('endereco_id_seq'), currval('contato_id_seq'),100.00);insert into historico_status_contribuinte(data_inicial_vigencia, status)values('2001-01-01','ATIVADO');insert into contribuinte_historico_status_contribuinte(id_contribuinte, id_historico_status_contribuinte)values(855,currval('historico_status_contribuinte_id_seq'));
insert into contato(ramal)values('');insert into telefone(tipo, ddd, telefone, id_contato)values('RESIDENCIAL', '11', '64427589', currval('contato_id_seq'));insert into telefone(tipo, ddd, telefone, id_contato)values('COMERCIAL', '','0', currval('contato_id_seq'));insert into endereco (data_inicial_vigencia, endereco, cep)values('2000-01-01','RUA GUARATINGUETA, 427 - GOPOUVA','7022030');insert into contribuinte(id,  data_cadastro, nome_empresa, id_endereco, id_contato, valor_contribuicao)values(856,'07/02/2001','JOSE RAIMUNDO DE VASCONCELOS',currval('endereco_id_seq'), currval('contato_id_seq'),10.00);insert into historico_status_contribuinte(data_inicial_vigencia, status)values('2001-01-01','ATIVADO');insert into contribuinte_historico_status_contribuinte(id_contribuinte, id_historico_status_contribuinte)values(856,currval('historico_status_contribuinte_id_seq'));
insert into contato(ramal)values('6321');insert into telefone(tipo, ddd, telefone, id_contato)values('RESIDENCIAL', '11', '64616321', currval('contato_id_seq'));insert into telefone(tipo, ddd, telefone, id_contato)values('COMERCIAL', '','0', currval('contato_id_seq'));insert into endereco (data_inicial_vigencia, endereco, cep)values('2000-01-01','RODOVIA PRESIDENTE DUTRA, KM222,2','7034904');insert into contribuinte(id,  data_cadastro, nome_empresa, id_endereco, id_contato, valor_contribuicao)values(857,'06/04/2001','APARECIDO DE MORAES -DPTO.ENG.INDUSTRIAL',currval('endereco_id_seq'), currval('contato_id_seq'),10.00);insert into historico_status_contribuinte(data_inicial_vigencia, status)values('2001-01-01','ATIVADO');insert into contribuinte_historico_status_contribuinte(id_contribuinte, id_historico_status_contribuinte)values(857,currval('historico_status_contribuinte_id_seq'));
insert into contato(ramal)values('6300');insert into telefone(tipo, ddd, telefone, id_contato)values('RESIDENCIAL', '', '64616300', currval('contato_id_seq'));insert into telefone(tipo, ddd, telefone, id_contato)values('COMERCIAL', '','0', currval('contato_id_seq'));insert into endereco (data_inicial_vigencia, endereco, cep)values('2000-01-01','RODOVIA PRESIDENTE DUTRA KM 227','7034904');insert into contribuinte(id,  data_cadastro, nome_empresa, id_endereco, id_contato, valor_contribuicao)values(858,'06/04/2001','SHEILA TETAMANTE',currval('endereco_id_seq'), currval('contato_id_seq'),0.00);insert into historico_status_contribuinte(data_inicial_vigencia, status)values('2001-01-01','ATIVADO');insert into contribuinte_historico_status_contribuinte(id_contribuinte, id_historico_status_contribuinte)values(858,currval('historico_status_contribuinte_id_seq'));
insert into contato(ramal)values('');insert into telefone(tipo, ddd, telefone, id_contato)values('RESIDENCIAL', '', '0', currval('contato_id_seq'));insert into telefone(tipo, ddd, telefone, id_contato)values('COMERCIAL', '','0', currval('contato_id_seq'));insert into endereco (data_inicial_vigencia, endereco, cep)values('2000-01-01','R VICENTE PEREIRA ASSUNCAO, 55/75','4658000');insert into contribuinte(id,  data_cadastro, nome_empresa, id_endereco, id_contato, valor_contribuicao)values(859,'11/04/2001','ANDREW DUSAN SEIDL',currval('endereco_id_seq'), currval('contato_id_seq'),10.00);insert into historico_status_contribuinte(data_inicial_vigencia, status)values('2001-01-01','ATIVADO');insert into contribuinte_historico_status_contribuinte(id_contribuinte, id_historico_status_contribuinte)values(859,currval('historico_status_contribuinte_id_seq'));
insert into contato(ramal)values('6459');insert into telefone(tipo, ddd, telefone, id_contato)values('RESIDENCIAL', '11', '44126258', currval('contato_id_seq'));insert into telefone(tipo, ddd, telefone, id_contato)values('COMERCIAL', '','0', currval('contato_id_seq'));insert into endereco (data_inicial_vigencia, endereco, cep)values('2000-01-01','RUA JOAO DE BARRO, 615 - JD.FLAMBOYANT','12946790');insert into contribuinte(id,  data_cadastro, nome_empresa, id_endereco, id_contato, valor_contribuicao)values(860,'05/06/2001','LUIZ FRANCISCO PIANOWSKI',currval('endereco_id_seq'), currval('contato_id_seq'),30.00);insert into historico_status_contribuinte(data_inicial_vigencia, status)values('2001-01-01','ATIVADO');insert into contribuinte_historico_status_contribuinte(id_contribuinte, id_historico_status_contribuinte)values(860,currval('historico_status_contribuinte_id_seq'));
insert into contato(ramal)values('');insert into telefone(tipo, ddd, telefone, id_contato)values('RESIDENCIAL', '11', '55318121', currval('contato_id_seq'));insert into telefone(tipo, ddd, telefone, id_contato)values('COMERCIAL', '','0', currval('contato_id_seq'));insert into endereco (data_inicial_vigencia, endereco, cep)values('2000-01-01','RUA JOAO DE LACERDA SOARES, 179 . AP.84','4707010');insert into contribuinte(id,  data_cadastro, nome_empresa, id_endereco, id_contato, valor_contribuicao)values(861,'03/07/2001','REGINA CELIA ESTEVES',currval('endereco_id_seq'), currval('contato_id_seq'),0.00);insert into historico_status_contribuinte(data_inicial_vigencia, status)values('2001-01-01','ATIVADO');insert into contribuinte_historico_status_contribuinte(id_contribuinte, id_historico_status_contribuinte)values(861,currval('historico_status_contribuinte_id_seq'));
insert into contato(ramal)values('');insert into telefone(tipo, ddd, telefone, id_contato)values('RESIDENCIAL', '11', '2954359', currval('contato_id_seq'));insert into telefone(tipo, ddd, telefone, id_contato)values('COMERCIAL', '','0', currval('contato_id_seq'));insert into endereco (data_inicial_vigencia, endereco, cep)values('2000-01-01','RUA MARTINS PENA, 285 - TATUAPE','3066000');insert into contribuinte(id,  data_cadastro, nome_empresa, id_endereco, id_contato, valor_contribuicao)values(862,'03/07/2001','CAROLINA ARRUDA',currval('endereco_id_seq'), currval('contato_id_seq'),10.00);insert into historico_status_contribuinte(data_inicial_vigencia, status)values('2001-01-01','ATIVADO');insert into contribuinte_historico_status_contribuinte(id_contribuinte, id_historico_status_contribuinte)values(862,currval('historico_status_contribuinte_id_seq'));
insert into contato(ramal)values('');insert into telefone(tipo, ddd, telefone, id_contato)values('RESIDENCIAL', '11', '45813111', currval('contato_id_seq'));insert into telefone(tipo, ddd, telefone, id_contato)values('COMERCIAL', '','0', currval('contato_id_seq'));insert into endereco (data_inicial_vigencia, endereco, cep)values('2000-01-01','R DO RETIRO 444 7 ANDAR CJ 72','13209355');insert into contribuinte(id,  data_cadastro, nome_empresa, id_endereco, id_contato, valor_contribuicao)values(863,'02/08/2001','MCA MONTAGENS ELET. LTDA -SR.ANTONIO BAR',currval('endereco_id_seq'), currval('contato_id_seq'),100.00);insert into historico_status_contribuinte(data_inicial_vigencia, status)values('2001-01-01','ATIVADO');insert into contribuinte_historico_status_contribuinte(id_contribuinte, id_historico_status_contribuinte)values(863,currval('historico_status_contribuinte_id_seq'));
insert into contato(ramal)values('');insert into telefone(tipo, ddd, telefone, id_contato)values('RESIDENCIAL', '11', '34362684', currval('contato_id_seq'));insert into telefone(tipo, ddd, telefone, id_contato)values('COMERCIAL', '','0', currval('contato_id_seq'));insert into endereco (data_inicial_vigencia, endereco, cep)values('2000-01-01','R AGUA DOCE, 110 - JD. S. DOMINGOS','7142080');insert into contribuinte(id,  data_cadastro, nome_empresa, id_endereco, id_contato, valor_contribuicao)values(864,'23/08/2001','JOSUE PIMENTEL SANTANA',currval('endereco_id_seq'), currval('contato_id_seq'),10.00);insert into historico_status_contribuinte(data_inicial_vigencia, status)values('2001-01-01','ATIVADO');insert into contribuinte_historico_status_contribuinte(id_contribuinte, id_historico_status_contribuinte)values(864,currval('historico_status_contribuinte_id_seq'));
insert into contato(ramal)values('');insert into telefone(tipo, ddd, telefone, id_contato)values('RESIDENCIAL', '11', '46880418', currval('contato_id_seq'));insert into telefone(tipo, ddd, telefone, id_contato)values('COMERCIAL', '','0', currval('contato_id_seq'));insert into endereco (data_inicial_vigencia, endereco, cep)values('2000-01-01','JOAO LOURENCO 463 APTO 21-VLNV CONCEICAO','4508030');insert into contribuinte(id,  data_cadastro, nome_empresa, id_endereco, id_contato, valor_contribuicao)values(865,'31/08/2001','MARJORIE ROBERTA ROCHA BRASIL',currval('endereco_id_seq'), currval('contato_id_seq'),50.00);insert into historico_status_contribuinte(data_inicial_vigencia, status)values('2001-01-01','ATIVADO');insert into contribuinte_historico_status_contribuinte(id_contribuinte, id_historico_status_contribuinte)values(865,currval('historico_status_contribuinte_id_seq'));
insert into contato(ramal)values('');insert into telefone(tipo, ddd, telefone, id_contato)values('RESIDENCIAL', '11', '98139423', currval('contato_id_seq'));insert into telefone(tipo, ddd, telefone, id_contato)values('COMERCIAL', '','0', currval('contato_id_seq'));insert into endereco (data_inicial_vigencia, endereco, cep)values('2000-01-01','RUA GREGORIO ALLEGRI 40 AP 62 VL BELEZAS','5842070');insert into contribuinte(id,  data_cadastro, nome_empresa, id_endereco, id_contato, valor_contribuicao)values(866,'03/09/2001','PAULO JESUS DO NASCIMENTO',currval('endereco_id_seq'), currval('contato_id_seq'),10.00);insert into historico_status_contribuinte(data_inicial_vigencia, status)values('2001-01-01','ATIVADO');insert into contribuinte_historico_status_contribuinte(id_contribuinte, id_historico_status_contribuinte)values(866,currval('historico_status_contribuinte_id_seq'));
insert into contato(ramal)values('');insert into telefone(tipo, ddd, telefone, id_contato)values('RESIDENCIAL', '11', '36730766', currval('contato_id_seq'));insert into telefone(tipo, ddd, telefone, id_contato)values('COMERCIAL', '','0', currval('contato_id_seq'));insert into endereco (data_inicial_vigencia, endereco, cep)values('2000-01-01','RUA HAVAI, 248    -   SUMARE','1259000');insert into contribuinte(id,  data_cadastro, nome_empresa, id_endereco, id_contato, valor_contribuicao)values(867,'02/10/2001','ANA MARIA B B GUARACIABA',currval('endereco_id_seq'), currval('contato_id_seq'),10.00);insert into historico_status_contribuinte(data_inicial_vigencia, status)values('2001-01-01','ATIVADO');insert into contribuinte_historico_status_contribuinte(id_contribuinte, id_historico_status_contribuinte)values(867,currval('historico_status_contribuinte_id_seq'));
insert into contato(ramal)values('');insert into telefone(tipo, ddd, telefone, id_contato)values('RESIDENCIAL', '11', '2037762', currval('contato_id_seq'));insert into telefone(tipo, ddd, telefone, id_contato)values('COMERCIAL', '','0', currval('contato_id_seq'));insert into endereco (data_inicial_vigencia, endereco, cep)values('2000-01-01','RUA PEDRO, 76     -  TREMEMBE','2371000');insert into contribuinte(id,  data_cadastro, nome_empresa, id_endereco, id_contato, valor_contribuicao)values(868,'02/10/2001','ANTONIO ROSOLIMPIO BORGES',currval('endereco_id_seq'), currval('contato_id_seq'),20.00);insert into historico_status_contribuinte(data_inicial_vigencia, status)values('2001-01-01','ATIVADO');insert into contribuinte_historico_status_contribuinte(id_contribuinte, id_historico_status_contribuinte)values(868,currval('historico_status_contribuinte_id_seq'));
insert into contato(ramal)values('');insert into telefone(tipo, ddd, telefone, id_contato)values('RESIDENCIAL', '11', '36617239', currval('contato_id_seq'));insert into telefone(tipo, ddd, telefone, id_contato)values('COMERCIAL', '','0', currval('contato_id_seq'));insert into endereco (data_inicial_vigencia, endereco, cep)values('2000-01-01','R ARACAJU 66 AP 41','1240030');insert into contribuinte(id,  data_cadastro, nome_empresa, id_endereco, id_contato, valor_contribuicao)values(869,'03/10/2001','NELZA CAMPOS PAVILAVICIUS',currval('endereco_id_seq'), currval('contato_id_seq'),60.00);insert into historico_status_contribuinte(data_inicial_vigencia, status)values('2001-01-01','ATIVADO');insert into contribuinte_historico_status_contribuinte(id_contribuinte, id_historico_status_contribuinte)values(869,currval('historico_status_contribuinte_id_seq'));
insert into contato(ramal)values('');insert into telefone(tipo, ddd, telefone, id_contato)values('RESIDENCIAL', '11', '61971908', currval('contato_id_seq'));insert into telefone(tipo, ddd, telefone, id_contato)values('COMERCIAL', '','0', currval('contato_id_seq'));insert into endereco (data_inicial_vigencia, endereco, cep)values('2000-01-01','RUA AIRI, 96 A','3310010');insert into contribuinte(id,  data_cadastro, nome_empresa, id_endereco, id_contato, valor_contribuicao)values(870,'08/10/2001','MAURO R. NASCIMENTO',currval('endereco_id_seq'), currval('contato_id_seq'),30.00);insert into historico_status_contribuinte(data_inicial_vigencia, status)values('2001-01-01','ATIVADO');insert into contribuinte_historico_status_contribuinte(id_contribuinte, id_historico_status_contribuinte)values(870,currval('historico_status_contribuinte_id_seq'));
insert into contato(ramal)values('');insert into telefone(tipo, ddd, telefone, id_contato)values('RESIDENCIAL', '11', '38653010', currval('contato_id_seq'));insert into telefone(tipo, ddd, telefone, id_contato)values('COMERCIAL', '','0', currval('contato_id_seq'));insert into endereco (data_inicial_vigencia, endereco, cep)values('2000-01-01','R PROF.CANDIDO ESPINHEIRA,755-AP114-11O.','5004000');insert into contribuinte(id,  data_cadastro, nome_empresa, id_endereco, id_contato, valor_contribuicao)values(871,'30/10/2001','TEREZA KRASUSKA',currval('endereco_id_seq'), currval('contato_id_seq'),20.00);insert into historico_status_contribuinte(data_inicial_vigencia, status)values('2001-01-01','ATIVADO');insert into contribuinte_historico_status_contribuinte(id_contribuinte, id_historico_status_contribuinte)values(871,currval('historico_status_contribuinte_id_seq'));
insert into contato(ramal)values('');insert into telefone(tipo, ddd, telefone, id_contato)values('RESIDENCIAL', '11', '32572496', currval('contato_id_seq'));insert into telefone(tipo, ddd, telefone, id_contato)values('COMERCIAL', '','0', currval('contato_id_seq'));insert into endereco (data_inicial_vigencia, endereco, cep)values('2000-01-01','RUA PIAUI, 456 APTO.124','1241000');insert into contribuinte(id,  data_cadastro, nome_empresa, id_endereco, id_contato, valor_contribuicao)values(872,'08/11/2001','NEYDE FELIX DE SIMAS',currval('endereco_id_seq'), currval('contato_id_seq'),10.00);insert into historico_status_contribuinte(data_inicial_vigencia, status)values('2001-01-01','ATIVADO');insert into contribuinte_historico_status_contribuinte(id_contribuinte, id_historico_status_contribuinte)values(872,currval('historico_status_contribuinte_id_seq'));
insert into contato(ramal)values('');insert into telefone(tipo, ddd, telefone, id_contato)values('RESIDENCIAL', '11', '33713325', currval('contato_id_seq'));insert into telefone(tipo, ddd, telefone, id_contato)values('COMERCIAL', '','0', currval('contato_id_seq'));insert into endereco (data_inicial_vigencia, endereco, cep)values('2000-01-01','RUA MARIA FIGUEIREDO, 396 - 16.ANDAR','4002001');insert into contribuinte(id,  data_cadastro, nome_empresa, id_endereco, id_contato, valor_contribuicao)values(873,'04/03/2002','INSTITUTO DE OFTALMOLOGIA TADEU CVINTAL',currval('endereco_id_seq'), currval('contato_id_seq'),300.00);insert into historico_status_contribuinte(data_inicial_vigencia, status)values('2001-01-01','ATIVADO');insert into contribuinte_historico_status_contribuinte(id_contribuinte, id_historico_status_contribuinte)values(873,currval('historico_status_contribuinte_id_seq'));
insert into contato(ramal)values('');insert into telefone(tipo, ddd, telefone, id_contato)values('RESIDENCIAL', '11', '37680090', currval('contato_id_seq'));insert into telefone(tipo, ddd, telefone, id_contato)values('COMERCIAL', '','0', currval('contato_id_seq'));insert into endereco (data_inicial_vigencia, endereco, cep)values('2000-01-01','R MARIA RISSIO MENDES, 24','5324050');insert into contribuinte(id,  data_cadastro, nome_empresa, id_endereco, id_contato, valor_contribuicao)values(874,'02/05/2002','MARIA AUGUSTA DE FIGUEREDO',currval('endereco_id_seq'), currval('contato_id_seq'),0.00);insert into historico_status_contribuinte(data_inicial_vigencia, status)values('2001-01-01','ATIVADO');insert into contribuinte_historico_status_contribuinte(id_contribuinte, id_historico_status_contribuinte)values(874,currval('historico_status_contribuinte_id_seq'));
insert into contato(ramal)values('9430');insert into telefone(tipo, ddd, telefone, id_contato)values('RESIDENCIAL', '11', '32555079', currval('contato_id_seq'));insert into telefone(tipo, ddd, telefone, id_contato)values('COMERCIAL', '','0', currval('contato_id_seq'));insert into endereco (data_inicial_vigencia, endereco, cep)values('2000-01-01','R SABARA, 106 -BL.B AP.31 - HIGIENOPOLIS','1239010');insert into contribuinte(id,  data_cadastro, nome_empresa, id_endereco, id_contato, valor_contribuicao)values(875,'02/05/2002','NILCE SANTANA MARTINS',currval('endereco_id_seq'), currval('contato_id_seq'),20.00);insert into historico_status_contribuinte(data_inicial_vigencia, status)values('2001-01-01','ATIVADO');insert into contribuinte_historico_status_contribuinte(id_contribuinte, id_historico_status_contribuinte)values(875,currval('historico_status_contribuinte_id_seq'));
insert into contato(ramal)values('');insert into telefone(tipo, ddd, telefone, id_contato)values('RESIDENCIAL', '', '39663176', currval('contato_id_seq'));insert into telefone(tipo, ddd, telefone, id_contato)values('COMERCIAL', '','0', currval('contato_id_seq'));insert into endereco (data_inicial_vigencia, endereco, cep)values('2000-01-01','RUA CAROLINA SOARES, 979 - AP.204','2554000');insert into contribuinte(id,  data_cadastro, nome_empresa, id_endereco, id_contato, valor_contribuicao)values(876,'20/05/2002','ELZA GAMEIRO',currval('endereco_id_seq'), currval('contato_id_seq'),10.00);insert into historico_status_contribuinte(data_inicial_vigencia, status)values('2001-01-01','ATIVADO');insert into contribuinte_historico_status_contribuinte(id_contribuinte, id_historico_status_contribuinte)values(876,currval('historico_status_contribuinte_id_seq'));
insert into contato(ramal)values('');insert into telefone(tipo, ddd, telefone, id_contato)values('RESIDENCIAL', '', '38655815', currval('contato_id_seq'));insert into telefone(tipo, ddd, telefone, id_contato)values('COMERCIAL', '','0', currval('contato_id_seq'));insert into endereco (data_inicial_vigencia, endereco, cep)values('2000-01-01','RUA PRINCIPADO DE MONACO, 85 - PACAEMBU','1247040');insert into contribuinte(id,  data_cadastro, nome_empresa, id_endereco, id_contato, valor_contribuicao)values(877,'20/05/2002','ANGELA PEREIRA LIMA',currval('endereco_id_seq'), currval('contato_id_seq'),50.00);insert into historico_status_contribuinte(data_inicial_vigencia, status)values('2001-01-01','ATIVADO');insert into contribuinte_historico_status_contribuinte(id_contribuinte, id_historico_status_contribuinte)values(877,currval('historico_status_contribuinte_id_seq'));
insert into contato(ramal)values('');insert into telefone(tipo, ddd, telefone, id_contato)values('RESIDENCIAL', '11', '55422109', currval('contato_id_seq'));insert into telefone(tipo, ddd, telefone, id_contato)values('COMERCIAL', '','0', currval('contato_id_seq'));insert into endereco (data_inicial_vigencia, endereco, cep)values('2000-01-01','RUA EDSON, 159  AP.151','4618030');insert into contribuinte(id,  data_cadastro, nome_empresa, id_endereco, id_contato, valor_contribuicao)values(878,'04/06/2002','VERA LUCIA G COSTA',currval('endereco_id_seq'), currval('contato_id_seq'),50.00);insert into historico_status_contribuinte(data_inicial_vigencia, status)values('2001-01-01','ATIVADO');insert into contribuinte_historico_status_contribuinte(id_contribuinte, id_historico_status_contribuinte)values(878,currval('historico_status_contribuinte_id_seq'));
insert into contato(ramal)values('');insert into telefone(tipo, ddd, telefone, id_contato)values('RESIDENCIAL', '11', '69501392', currval('contato_id_seq'));insert into telefone(tipo, ddd, telefone, id_contato)values('COMERCIAL', '','0', currval('contato_id_seq'));insert into endereco (data_inicial_vigencia, endereco, cep)values('2000-01-01','RUA PROF JOAQUIM OSORIO DE AZEVEDO 183','2039050');insert into contribuinte(id,  data_cadastro, nome_empresa, id_endereco, id_contato, valor_contribuicao)values(879,'19/06/2002','GERSON LUIZ PECCILLI',currval('endereco_id_seq'), currval('contato_id_seq'),60.00);insert into historico_status_contribuinte(data_inicial_vigencia, status)values('2001-01-01','ATIVADO');insert into contribuinte_historico_status_contribuinte(id_contribuinte, id_historico_status_contribuinte)values(879,currval('historico_status_contribuinte_id_seq'));
insert into contato(ramal)values('');insert into telefone(tipo, ddd, telefone, id_contato)values('RESIDENCIAL', '11', '31052618', currval('contato_id_seq'));insert into telefone(tipo, ddd, telefone, id_contato)values('COMERCIAL', '','0', currval('contato_id_seq'));insert into endereco (data_inicial_vigencia, endereco, cep)values('2000-01-01','RUA SANTO AMARO 439','1315001');insert into contribuinte(id,  data_cadastro, nome_empresa, id_endereco, id_contato, valor_contribuicao)values(880,'19/06/2002','GUERINA VIANA',currval('endereco_id_seq'), currval('contato_id_seq'),60.00);insert into historico_status_contribuinte(data_inicial_vigencia, status)values('2001-01-01','ATIVADO');insert into contribuinte_historico_status_contribuinte(id_contribuinte, id_historico_status_contribuinte)values(880,currval('historico_status_contribuinte_id_seq'));
insert into contato(ramal)values('');insert into telefone(tipo, ddd, telefone, id_contato)values('RESIDENCIAL', '11', '46521512', currval('contato_id_seq'));insert into telefone(tipo, ddd, telefone, id_contato)values('COMERCIAL', '','0', currval('contato_id_seq'));insert into endereco (data_inicial_vigencia, endereco, cep)values('2000-01-01','RUA ANGICO, 445 - ARUJAZINHO IV','7400000');insert into contribuinte(id,  data_cadastro, nome_empresa, id_endereco, id_contato, valor_contribuicao)values(881,'15/07/2002','ROSANGELA BROGLIATO RODRIGUES',currval('endereco_id_seq'), currval('contato_id_seq'),100.00);insert into historico_status_contribuinte(data_inicial_vigencia, status)values('2001-01-01','ATIVADO');insert into contribuinte_historico_status_contribuinte(id_contribuinte, id_historico_status_contribuinte)values(881,currval('historico_status_contribuinte_id_seq'));
insert into contato(ramal)values('');insert into telefone(tipo, ddd, telefone, id_contato)values('RESIDENCIAL', '11', '38368537', currval('contato_id_seq'));insert into telefone(tipo, ddd, telefone, id_contato)values('COMERCIAL', '','0', currval('contato_id_seq'));insert into endereco (data_inicial_vigencia, endereco, cep)values('2000-01-01','R PASSO DA PATRIA,1432-62A- ALTO DA LAPA','5084000');insert into contribuinte(id,  data_cadastro, nome_empresa, id_endereco, id_contato, valor_contribuicao)values(882,'02/10/2002','CONCEICAO SADRIANO',currval('endereco_id_seq'), currval('contato_id_seq'),30.00);insert into historico_status_contribuinte(data_inicial_vigencia, status)values('2001-01-01','ATIVADO');insert into contribuinte_historico_status_contribuinte(id_contribuinte, id_historico_status_contribuinte)values(882,currval('historico_status_contribuinte_id_seq'));
insert into contato(ramal)values('');insert into telefone(tipo, ddd, telefone, id_contato)values('RESIDENCIAL', '11', '67211110', currval('contato_id_seq'));insert into telefone(tipo, ddd, telefone, id_contato)values('COMERCIAL', '','0', currval('contato_id_seq'));insert into endereco (data_inicial_vigencia, endereco, cep)values('2000-01-01','R UGATAUA, 47 - JD. STA. TEREZINHA','3572190');insert into contribuinte(id,  data_cadastro, nome_empresa, id_endereco, id_contato, valor_contribuicao)values(883,'02/10/2002','ROSA MARIA DA SILVA GOMES',currval('endereco_id_seq'), currval('contato_id_seq'),10.00);insert into historico_status_contribuinte(data_inicial_vigencia, status)values('2001-01-01','ATIVADO');insert into contribuinte_historico_status_contribuinte(id_contribuinte, id_historico_status_contribuinte)values(883,currval('historico_status_contribuinte_id_seq'));
insert into contato(ramal)values('');insert into telefone(tipo, ddd, telefone, id_contato)values('RESIDENCIAL', '', '0', currval('contato_id_seq'));insert into telefone(tipo, ddd, telefone, id_contato)values('COMERCIAL', '','0', currval('contato_id_seq'));insert into endereco (data_inicial_vigencia, endereco, cep)values('2000-01-01','RUA ARIZONA, 1366 - 9.ANDAR','4567900');insert into contribuinte(id,  data_cadastro, nome_empresa, id_endereco, id_contato, valor_contribuicao)values(884,'18/11/2002','MILTCOMM LTDA.',currval('endereco_id_seq'), currval('contato_id_seq'),0.00);insert into historico_status_contribuinte(data_inicial_vigencia, status)values('2001-01-01','ATIVADO');insert into contribuinte_historico_status_contribuinte(id_contribuinte, id_historico_status_contribuinte)values(884,currval('historico_status_contribuinte_id_seq'));
insert into contato(ramal)values('');insert into telefone(tipo, ddd, telefone, id_contato)values('RESIDENCIAL', '', '30117840', currval('contato_id_seq'));insert into telefone(tipo, ddd, telefone, id_contato)values('COMERCIAL', '','0', currval('contato_id_seq'));insert into endereco (data_inicial_vigencia, endereco, cep)values('2000-01-01','R WILLIANS SPERS,762 CJ.4 -LAPA DE BAIXO','5065010');insert into contribuinte(id,  data_cadastro, nome_empresa, id_endereco, id_contato, valor_contribuicao)values(885,'29/05/2003','DIVANIO A TOLEDO JUNIOR',currval('endereco_id_seq'), currval('contato_id_seq'),0.00);insert into historico_status_contribuinte(data_inicial_vigencia, status)values('2001-01-01','ATIVADO');insert into contribuinte_historico_status_contribuinte(id_contribuinte, id_historico_status_contribuinte)values(885,currval('historico_status_contribuinte_id_seq'));
insert into contato(ramal)values('');insert into telefone(tipo, ddd, telefone, id_contato)values('RESIDENCIAL', '11', '97293938', currval('contato_id_seq'));insert into telefone(tipo, ddd, telefone, id_contato)values('COMERCIAL', '','0', currval('contato_id_seq'));insert into endereco (data_inicial_vigencia, endereco, cep)values('2000-01-01','R FERNANDO MENDES DE ALMEIDA N. 1.A','2987100');insert into contribuinte(id,  data_cadastro, nome_empresa, id_endereco, id_contato, valor_contribuicao)values(886,'03/12/2003','VALERIA MOISES DUARTE',currval('endereco_id_seq'), currval('contato_id_seq'),30.00);insert into historico_status_contribuinte(data_inicial_vigencia, status)values('2001-01-01','ATIVADO');insert into contribuinte_historico_status_contribuinte(id_contribuinte, id_historico_status_contribuinte)values(886,currval('historico_status_contribuinte_id_seq'));
insert into contato(ramal)values('');insert into telefone(tipo, ddd, telefone, id_contato)values('RESIDENCIAL', '19', '38851524', currval('contato_id_seq'));insert into telefone(tipo, ddd, telefone, id_contato)values('COMERCIAL', '','0', currval('contato_id_seq'));insert into endereco (data_inicial_vigencia, endereco, cep)values('2000-01-01','R. BORORO, 208','13335500');insert into contribuinte(id,  data_cadastro, nome_empresa, id_endereco, id_contato, valor_contribuicao)values(887,'03/12/2003','FABRICIA R. VALEZIN',currval('endereco_id_seq'), currval('contato_id_seq'),100.00);insert into historico_status_contribuinte(data_inicial_vigencia, status)values('2001-01-01','ATIVADO');insert into contribuinte_historico_status_contribuinte(id_contribuinte, id_historico_status_contribuinte)values(887,currval('historico_status_contribuinte_id_seq'));
insert into contato(ramal)values('');insert into telefone(tipo, ddd, telefone, id_contato)values('RESIDENCIAL', '11', '36623134', currval('contato_id_seq'));insert into telefone(tipo, ddd, telefone, id_contato)values('COMERCIAL', '','0', currval('contato_id_seq'));insert into endereco (data_inicial_vigencia, endereco, cep)values('2000-01-01','ALBUQUERQUE LINS, 801','1230000');insert into contribuinte(id,  data_cadastro, nome_empresa, id_endereco, id_contato, valor_contribuicao)values(888,'03/12/2003','SERGIO FONTENELLE MARQUES',currval('endereco_id_seq'), currval('contato_id_seq'),200.00);insert into historico_status_contribuinte(data_inicial_vigencia, status)values('2001-01-01','ATIVADO');insert into contribuinte_historico_status_contribuinte(id_contribuinte, id_historico_status_contribuinte)values(888,currval('historico_status_contribuinte_id_seq'));
insert into contato(ramal)values('');insert into telefone(tipo, ddd, telefone, id_contato)values('RESIDENCIAL', '11', '38369140', currval('contato_id_seq'));insert into telefone(tipo, ddd, telefone, id_contato)values('COMERCIAL', '','0', currval('contato_id_seq'));insert into endereco (data_inicial_vigencia, endereco, cep)values('2000-01-01','RUA JORGE AMERICANO, 301 - CASA 02','5083130');insert into contribuinte(id,  data_cadastro, nome_empresa, id_endereco, id_contato, valor_contribuicao)values(889,'06/01/2004','NILO ESPERANDIO',currval('endereco_id_seq'), currval('contato_id_seq'),10.00);insert into historico_status_contribuinte(data_inicial_vigencia, status)values('2001-01-01','ATIVADO');insert into contribuinte_historico_status_contribuinte(id_contribuinte, id_historico_status_contribuinte)values(889,currval('historico_status_contribuinte_id_seq'));
insert into contato(ramal)values('');insert into telefone(tipo, ddd, telefone, id_contato)values('RESIDENCIAL', '', '0', currval('contato_id_seq'));insert into telefone(tipo, ddd, telefone, id_contato)values('COMERCIAL', '','0', currval('contato_id_seq'));insert into endereco (data_inicial_vigencia, endereco, cep)values('2000-01-01','AV LINEU DE PAULA MACHADO, 900','5601000');insert into contribuinte(id,  data_cadastro, nome_empresa, id_endereco, id_contato, valor_contribuicao)values(890,'28/06/2004','ANTENA UM RADIO DIFUSAO LTDA.',currval('endereco_id_seq'), currval('contato_id_seq'),1000.00);insert into historico_status_contribuinte(data_inicial_vigencia, status)values('2001-01-01','ATIVADO');insert into contribuinte_historico_status_contribuinte(id_contribuinte, id_historico_status_contribuinte)values(890,currval('historico_status_contribuinte_id_seq'));
insert into contato(ramal)values('');insert into telefone(tipo, ddd, telefone, id_contato)values('RESIDENCIAL', '', '67049873', currval('contato_id_seq'));insert into telefone(tipo, ddd, telefone, id_contato)values('COMERCIAL', '','0', currval('contato_id_seq'));insert into endereco (data_inicial_vigencia, endereco, cep)values('2000-01-01','AV DO ORATORIO,5800 AP 56B','3220300');insert into contribuinte(id,  data_cadastro, nome_empresa, id_endereco, id_contato, valor_contribuicao)values(891,'12/07/2004','JULIANA',currval('endereco_id_seq'), currval('contato_id_seq'),0.00);insert into historico_status_contribuinte(data_inicial_vigencia, status)values('2001-01-01','ATIVADO');insert into contribuinte_historico_status_contribuinte(id_contribuinte, id_historico_status_contribuinte)values(891,currval('historico_status_contribuinte_id_seq'));
insert into contato(ramal)values('');insert into telefone(tipo, ddd, telefone, id_contato)values('RESIDENCIAL', '11', '30554704', currval('contato_id_seq'));insert into telefone(tipo, ddd, telefone, id_contato)values('COMERCIAL', '','0', currval('contato_id_seq'));insert into endereco (data_inicial_vigencia, endereco, cep)values('2000-01-01','R MIRANDA GUERRA,735 JD.PETROPOLIS BROKL','4640001');insert into contribuinte(id,  data_cadastro, nome_empresa, id_endereco, id_contato, valor_contribuicao)values(892,'16/07/2004','WILLY CORREA SCHOLZ',currval('endereco_id_seq'), currval('contato_id_seq'),50.00);insert into historico_status_contribuinte(data_inicial_vigencia, status)values('2001-01-01','ATIVADO');insert into contribuinte_historico_status_contribuinte(id_contribuinte, id_historico_status_contribuinte)values(892,currval('historico_status_contribuinte_id_seq'));
insert into contato(ramal)values('');insert into telefone(tipo, ddd, telefone, id_contato)values('RESIDENCIAL', '', '0', currval('contato_id_seq'));insert into telefone(tipo, ddd, telefone, id_contato)values('COMERCIAL', '','0', currval('contato_id_seq'));insert into endereco (data_inicial_vigencia, endereco, cep)values('2000-01-01','AL DAS CASTANHEIRAS, 98','6519332');insert into contribuinte(id,  data_cadastro, nome_empresa, id_endereco, id_contato, valor_contribuicao)values(893,'01/10/2004','ROBERTO FRAUENDORF',currval('endereco_id_seq'), currval('contato_id_seq'),600.00);insert into historico_status_contribuinte(data_inicial_vigencia, status)values('2001-01-01','ATIVADO');insert into contribuinte_historico_status_contribuinte(id_contribuinte, id_historico_status_contribuinte)values(893,currval('historico_status_contribuinte_id_seq'));
insert into contato(ramal)values('');insert into telefone(tipo, ddd, telefone, id_contato)values('RESIDENCIAL', '11', '30880636', currval('contato_id_seq'));insert into telefone(tipo, ddd, telefone, id_contato)values('COMERCIAL', '','0', currval('contato_id_seq'));insert into endereco (data_inicial_vigencia, endereco, cep)values('2000-01-01','ALAMEDA ITU 885 AP 111','1421001');insert into contribuinte(id,  data_cadastro, nome_empresa, id_endereco, id_contato, valor_contribuicao)values(894,'09/02/2007','ORNAN SCHWARZ',currval('endereco_id_seq'), currval('contato_id_seq'),0.00);insert into historico_status_contribuinte(data_inicial_vigencia, status)values('2001-01-01','ATIVADO');insert into contribuinte_historico_status_contribuinte(id_contribuinte, id_historico_status_contribuinte)values(894,currval('historico_status_contribuinte_id_seq'));
insert into contato(ramal)values('');insert into telefone(tipo, ddd, telefone, id_contato)values('RESIDENCIAL', '19', '34330932', currval('contato_id_seq'));insert into telefone(tipo, ddd, telefone, id_contato)values('COMERCIAL', '','0', currval('contato_id_seq'));insert into endereco (data_inicial_vigencia, endereco, cep)values('2000-01-01','R DO VERGUEIRO 514 AP 93','13400770');insert into contribuinte(id,  data_cadastro, nome_empresa, id_endereco, id_contato, valor_contribuicao)values(895,'31/07/2007','JOSE ADRIANO BALTIERI',currval('endereco_id_seq'), currval('contato_id_seq'),0.00);insert into historico_status_contribuinte(data_inicial_vigencia, status)values('2001-01-01','ATIVADO');insert into contribuinte_historico_status_contribuinte(id_contribuinte, id_historico_status_contribuinte)values(895,currval('historico_status_contribuinte_id_seq'));
insert into contato(ramal)values('');insert into telefone(tipo, ddd, telefone, id_contato)values('RESIDENCIAL', '11', '38147011', currval('contato_id_seq'));insert into telefone(tipo, ddd, telefone, id_contato)values('COMERCIAL', '','0', currval('contato_id_seq'));insert into endereco (data_inicial_vigencia, endereco, cep)values('2000-01-01','R JOAQUIM ANTUNES 1034 AP 92 PINHEIROS','5415001');insert into contribuinte(id,  data_cadastro, nome_empresa, id_endereco, id_contato, valor_contribuicao)values(896,'14/09/2007','CELIO PEREIRA LIMA',currval('endereco_id_seq'), currval('contato_id_seq'),100.00);insert into historico_status_contribuinte(data_inicial_vigencia, status)values('2001-01-01','ATIVADO');insert into contribuinte_historico_status_contribuinte(id_contribuinte, id_historico_status_contribuinte)values(896,currval('historico_status_contribuinte_id_seq'));
insert into contato(ramal)values('');insert into telefone(tipo, ddd, telefone, id_contato)values('RESIDENCIAL', '11', '32224429', currval('contato_id_seq'));insert into telefone(tipo, ddd, telefone, id_contato)values('COMERCIAL', '','0', currval('contato_id_seq'));insert into endereco (data_inicial_vigencia, endereco, cep)values('2000-01-01','R DNA VERIDIANA 484 AP 113A','1348010');insert into contribuinte(id,  data_cadastro, nome_empresa, id_endereco, id_contato, valor_contribuicao)values(897,'29/10/2008','BERTHA HALPEN GUROVITZ',currval('endereco_id_seq'), currval('contato_id_seq'),20.00);insert into historico_status_contribuinte(data_inicial_vigencia, status)values('2001-01-01','ATIVADO');insert into contribuinte_historico_status_contribuinte(id_contribuinte, id_historico_status_contribuinte)values(897,currval('historico_status_contribuinte_id_seq'));
insert into contato(ramal)values('');insert into telefone(tipo, ddd, telefone, id_contato)values('RESIDENCIAL', '11', '25325941', currval('contato_id_seq'));insert into telefone(tipo, ddd, telefone, id_contato)values('COMERCIAL', '','0', currval('contato_id_seq'));insert into endereco (data_inicial_vigencia, endereco, cep)values('2000-01-01','AV DO ANASTACIO 2409 AP 101 BL3','5119000');insert into contribuinte(id,  data_cadastro, nome_empresa, id_endereco, id_contato, valor_contribuicao)values(898,'05/01/2009','HELIO BRITO SOUZA',currval('endereco_id_seq'), currval('contato_id_seq'),0.00);insert into historico_status_contribuinte(data_inicial_vigencia, status)values('2001-01-01','ATIVADO');insert into contribuinte_historico_status_contribuinte(id_contribuinte, id_historico_status_contribuinte)values(898,currval('historico_status_contribuinte_id_seq'));
insert into contato(ramal)values('');insert into telefone(tipo, ddd, telefone, id_contato)values('RESIDENCIAL', '11', '20931218', currval('contato_id_seq'));insert into telefone(tipo, ddd, telefone, id_contato)values('COMERCIAL', '','0', currval('contato_id_seq'));insert into endereco (data_inicial_vigencia, endereco, cep)values('2000-01-01','R SANTO ANTERO 355 FDS','3637050');insert into contribuinte(id,  data_cadastro, nome_empresa, id_endereco, id_contato, valor_contribuicao)values(899,'05/01/2009','RICARDO JOSE MANOEL TEIXEIRA',currval('endereco_id_seq'), currval('contato_id_seq'),20.00);insert into historico_status_contribuinte(data_inicial_vigencia, status)values('2001-01-01','ATIVADO');insert into contribuinte_historico_status_contribuinte(id_contribuinte, id_historico_status_contribuinte)values(899,currval('historico_status_contribuinte_id_seq'));
insert into contato(ramal)values('');insert into telefone(tipo, ddd, telefone, id_contato)values('RESIDENCIAL', '11', '56110627', currval('contato_id_seq'));insert into telefone(tipo, ddd, telefone, id_contato)values('COMERCIAL', '','0', currval('contato_id_seq'));insert into endereco (data_inicial_vigencia, endereco, cep)values('2000-01-01','R SAO CANUDO 382','4456110');insert into contribuinte(id,  data_cadastro, nome_empresa, id_endereco, id_contato, valor_contribuicao)values(900,'14/01/2009','MASAE OJIMA MIYASHIRO',currval('endereco_id_seq'), currval('contato_id_seq'),30.00);insert into historico_status_contribuinte(data_inicial_vigencia, status)values('2001-01-01','ATIVADO');insert into contribuinte_historico_status_contribuinte(id_contribuinte, id_historico_status_contribuinte)values(900,currval('historico_status_contribuinte_id_seq'));
insert into contato(ramal)values('');insert into telefone(tipo, ddd, telefone, id_contato)values('RESIDENCIAL', '11', '46775404', currval('contato_id_seq'));insert into telefone(tipo, ddd, telefone, id_contato)values('COMERCIAL', '','0', currval('contato_id_seq'));insert into endereco (data_inicial_vigencia, endereco, cep)values('2000-01-01','AV LUIS ANTONIO DE PAIVA 701','8525000');insert into contribuinte(id,  data_cadastro, nome_empresa, id_endereco, id_contato, valor_contribuicao)values(901,'22/01/2009','EDINALVA FERREIRA DE SOUZA',currval('endereco_id_seq'), currval('contato_id_seq'),20.00);insert into historico_status_contribuinte(data_inicial_vigencia, status)values('2001-01-01','ATIVADO');insert into contribuinte_historico_status_contribuinte(id_contribuinte, id_historico_status_contribuinte)values(901,currval('historico_status_contribuinte_id_seq'));
insert into contato(ramal)values('');insert into telefone(tipo, ddd, telefone, id_contato)values('RESIDENCIAL', '17', '35761153', currval('contato_id_seq'));insert into telefone(tipo, ddd, telefone, id_contato)values('COMERCIAL', '','0', currval('contato_id_seq'));insert into endereco (data_inicial_vigencia, endereco, cep)values('2000-01-01','R SAO JOSE 439','15960000');insert into contribuinte(id,  data_cadastro, nome_empresa, id_endereco, id_contato, valor_contribuicao)values(902,'01/06/2009','CARLOS EDUARDO MOTTA',currval('endereco_id_seq'), currval('contato_id_seq'),30.00);insert into historico_status_contribuinte(data_inicial_vigencia, status)values('2001-01-01','ATIVADO');insert into contribuinte_historico_status_contribuinte(id_contribuinte, id_historico_status_contribuinte)values(902,currval('historico_status_contribuinte_id_seq'));
insert into contato(ramal)values('');insert into telefone(tipo, ddd, telefone, id_contato)values('RESIDENCIAL', '11', '39320899', currval('contato_id_seq'));insert into telefone(tipo, ddd, telefone, id_contato)values('COMERCIAL', '','0', currval('contato_id_seq'));insert into endereco (data_inicial_vigencia, endereco, cep)values('2000-01-01','ANTONIO R DE MORAES 264 BL5 AP111','2751000');insert into contribuinte(id,  data_cadastro, nome_empresa, id_endereco, id_contato, valor_contribuicao)values(903,'01/06/2009','ANDREA BARRIVIER FEQUETTIA',currval('endereco_id_seq'), currval('contato_id_seq'),50.00);insert into historico_status_contribuinte(data_inicial_vigencia, status)values('2001-01-01','ATIVADO');insert into contribuinte_historico_status_contribuinte(id_contribuinte, id_historico_status_contribuinte)values(903,currval('historico_status_contribuinte_id_seq'));
insert into contato(ramal)values('');insert into telefone(tipo, ddd, telefone, id_contato)values('RESIDENCIAL', '11', '39663154', currval('contato_id_seq'));insert into telefone(tipo, ddd, telefone, id_contato)values('COMERCIAL', '','0', currval('contato_id_seq'));insert into endereco (data_inicial_vigencia, endereco, cep)values('2000-01-01','R ZANZIBAR 953','2512010');insert into contribuinte(id,  data_cadastro, nome_empresa, id_endereco, id_contato, valor_contribuicao)values(904,'16/06/2009','MARIA DO CARMO SALES MONTEIRO',currval('endereco_id_seq'), currval('contato_id_seq'),50.00);insert into historico_status_contribuinte(data_inicial_vigencia, status)values('2001-01-01','ATIVADO');insert into contribuinte_historico_status_contribuinte(id_contribuinte, id_historico_status_contribuinte)values(904,currval('historico_status_contribuinte_id_seq'));
insert into contato(ramal)values('');insert into telefone(tipo, ddd, telefone, id_contato)values('RESIDENCIAL', '11', '38245702', currval('contato_id_seq'));insert into telefone(tipo, ddd, telefone, id_contato)values('COMERCIAL', '','0', currval('contato_id_seq'));insert into endereco (data_inicial_vigencia, endereco, cep)values('2000-01-01','R ROSA E SILVA 60 10 ANDAR','1230020');insert into contribuinte(id,  data_cadastro, nome_empresa, id_endereco, id_contato, valor_contribuicao)values(905,'30/06/2009','ANDREA FERNANDES DOS SANTOS',currval('endereco_id_seq'), currval('contato_id_seq'),20.00);insert into historico_status_contribuinte(data_inicial_vigencia, status)values('2001-01-01','ATIVADO');insert into contribuinte_historico_status_contribuinte(id_contribuinte, id_historico_status_contribuinte)values(905,currval('historico_status_contribuinte_id_seq'));
insert into contato(ramal)values('');insert into telefone(tipo, ddd, telefone, id_contato)values('RESIDENCIAL', '11', '81068143', currval('contato_id_seq'));insert into telefone(tipo, ddd, telefone, id_contato)values('COMERCIAL', '','0', currval('contato_id_seq'));insert into endereco (data_inicial_vigencia, endereco, cep)values('2000-01-01','R GANDAVO 298 AP 62','4023000');insert into contribuinte(id,  data_cadastro, nome_empresa, id_endereco, id_contato, valor_contribuicao)values(906,'03/09/2009','CAROLINA GIUNTOLI',currval('endereco_id_seq'), currval('contato_id_seq'),0.00);insert into historico_status_contribuinte(data_inicial_vigencia, status)values('2001-01-01','ATIVADO');insert into contribuinte_historico_status_contribuinte(id_contribuinte, id_historico_status_contribuinte)values(906,currval('historico_status_contribuinte_id_seq'));
insert into contato(ramal)values('');insert into telefone(tipo, ddd, telefone, id_contato)values('RESIDENCIAL', '1', '0', currval('contato_id_seq'));insert into telefone(tipo, ddd, telefone, id_contato)values('COMERCIAL', '','0', currval('contato_id_seq'));insert into endereco (data_inicial_vigencia, endereco, cep)values('2000-01-01','R AUSONIA 219 AP 46','2308050');insert into contribuinte(id,  data_cadastro, nome_empresa, id_endereco, id_contato, valor_contribuicao)values(907,'03/09/2009','DENIS DE FREITAS FRANCISCO',currval('endereco_id_seq'), currval('contato_id_seq'),20.00);insert into historico_status_contribuinte(data_inicial_vigencia, status)values('2001-01-01','ATIVADO');insert into contribuinte_historico_status_contribuinte(id_contribuinte, id_historico_status_contribuinte)values(907,currval('historico_status_contribuinte_id_seq'));
insert into contato(ramal)values('');insert into telefone(tipo, ddd, telefone, id_contato)values('RESIDENCIAL', '11', '50123925', currval('contato_id_seq'));insert into telefone(tipo, ddd, telefone, id_contato)values('COMERCIAL', '','0', currval('contato_id_seq'));insert into endereco (data_inicial_vigencia, endereco, cep)values('2000-01-01','R ENG EDSON TOLEDO 158','4314140');insert into contribuinte(id,  data_cadastro, nome_empresa, id_endereco, id_contato, valor_contribuicao)values(908,'03/09/2009','JAIR SOUZA DUARTE',currval('endereco_id_seq'), currval('contato_id_seq'),20.00);insert into historico_status_contribuinte(data_inicial_vigencia, status)values('2001-01-01','ATIVADO');insert into contribuinte_historico_status_contribuinte(id_contribuinte, id_historico_status_contribuinte)values(908,currval('historico_status_contribuinte_id_seq'));
insert into contato(ramal)values('');insert into telefone(tipo, ddd, telefone, id_contato)values('RESIDENCIAL', '92', '36712428', currval('contato_id_seq'));insert into telefone(tipo, ddd, telefone, id_contato)values('COMERCIAL', '','0', currval('contato_id_seq'));insert into endereco (data_inicial_vigencia, endereco, cep)values('2000-01-01','R DR VIRGILIO RAMOS 299','69027060');insert into contribuinte(id,  data_cadastro, nome_empresa, id_endereco, id_contato, valor_contribuicao)values(909,'28/09/2009','CLARA MARIA PEREIRA PANTOJA',currval('endereco_id_seq'), currval('contato_id_seq'),100.00);insert into historico_status_contribuinte(data_inicial_vigencia, status)values('2001-01-01','ATIVADO');insert into contribuinte_historico_status_contribuinte(id_contribuinte, id_historico_status_contribuinte)values(909,currval('historico_status_contribuinte_id_seq'));
insert into contato(ramal)values('');insert into telefone(tipo, ddd, telefone, id_contato)values('RESIDENCIAL', '11', '21535547', currval('contato_id_seq'));insert into telefone(tipo, ddd, telefone, id_contato)values('COMERCIAL', '','0', currval('contato_id_seq'));insert into endereco (data_inicial_vigencia, endereco, cep)values('2000-01-01','R CASSIO FONSECA 80','8450325');insert into contribuinte(id,  data_cadastro, nome_empresa, id_endereco, id_contato, valor_contribuicao)values(910,'30/09/2009','ANDREIA ANDRADE DOS SANTOS',currval('endereco_id_seq'), currval('contato_id_seq'),20.00);insert into historico_status_contribuinte(data_inicial_vigencia, status)values('2001-01-01','ATIVADO');insert into contribuinte_historico_status_contribuinte(id_contribuinte, id_historico_status_contribuinte)values(910,currval('historico_status_contribuinte_id_seq'));
insert into contato(ramal)values('');insert into telefone(tipo, ddd, telefone, id_contato)values('RESIDENCIAL', '', '0', currval('contato_id_seq'));insert into telefone(tipo, ddd, telefone, id_contato)values('COMERCIAL', '','0', currval('contato_id_seq'));insert into endereco (data_inicial_vigencia, endereco, cep)values('2000-01-01','R MURUPI 195','5467040');insert into contribuinte(id,  data_cadastro, nome_empresa, id_endereco, id_contato, valor_contribuicao)values(911,'09/10/2009','RICARDO CNEIO ALVES',currval('endereco_id_seq'), currval('contato_id_seq'),0.00);insert into historico_status_contribuinte(data_inicial_vigencia, status)values('2001-01-01','ATIVADO');insert into contribuinte_historico_status_contribuinte(id_contribuinte, id_historico_status_contribuinte)values(911,currval('historico_status_contribuinte_id_seq'));
insert into contato(ramal)values('');insert into telefone(tipo, ddd, telefone, id_contato)values('RESIDENCIAL', '11', '27427789', currval('contato_id_seq'));insert into telefone(tipo, ddd, telefone, id_contato)values('COMERCIAL', '','0', currval('contato_id_seq'));insert into endereco (data_inicial_vigencia, endereco, cep)values('2000-01-01','R FRANCESCO MELZI 594 CASA 02','3579140');insert into contribuinte(id,  data_cadastro, nome_empresa, id_endereco, id_contato, valor_contribuicao)values(912,'13/10/2009','ANA LUCIA DOS SANTOS',currval('endereco_id_seq'), currval('contato_id_seq'),20.00);insert into historico_status_contribuinte(data_inicial_vigencia, status)values('2001-01-01','ATIVADO');insert into contribuinte_historico_status_contribuinte(id_contribuinte, id_historico_status_contribuinte)values(912,currval('historico_status_contribuinte_id_seq'));
insert into contato(ramal)values('');insert into telefone(tipo, ddd, telefone, id_contato)values('RESIDENCIAL', '11', '36622443', currval('contato_id_seq'));insert into telefone(tipo, ddd, telefone, id_contato)values('COMERCIAL', '','0', currval('contato_id_seq'));insert into endereco (data_inicial_vigencia, endereco, cep)values('2000-01-01','LARGO PADRE PERICLES 145 CJ138','1156040');insert into contribuinte(id,  data_cadastro, nome_empresa, id_endereco, id_contato, valor_contribuicao)values(913,'30/10/2009','ADRIANA ALVES PEREIRA',currval('endereco_id_seq'), currval('contato_id_seq'),20.00);insert into historico_status_contribuinte(data_inicial_vigencia, status)values('2001-01-01','ATIVADO');insert into contribuinte_historico_status_contribuinte(id_contribuinte, id_historico_status_contribuinte)values(913,currval('historico_status_contribuinte_id_seq'));
insert into contato(ramal)values('');insert into telefone(tipo, ddd, telefone, id_contato)values('RESIDENCIAL', '11', '99563400', currval('contato_id_seq'));insert into telefone(tipo, ddd, telefone, id_contato)values('COMERCIAL', '','0', currval('contato_id_seq'));insert into endereco (data_inicial_vigencia, endereco, cep)values('2000-01-01','AV ROQUE PETRONI JR 1464 BLB 4ANDAR','4707000');insert into contribuinte(id,  data_cadastro, nome_empresa, id_endereco, id_contato, valor_contribuicao)values(914,'30/10/2009','CELI OLIVIERI',currval('endereco_id_seq'), currval('contato_id_seq'),0.00);insert into historico_status_contribuinte(data_inicial_vigencia, status)values('2001-01-01','ATIVADO');insert into contribuinte_historico_status_contribuinte(id_contribuinte, id_historico_status_contribuinte)values(914,currval('historico_status_contribuinte_id_seq'));
insert into contato(ramal)values('');insert into telefone(tipo, ddd, telefone, id_contato)values('RESIDENCIAL', '11', '97717475', currval('contato_id_seq'));insert into telefone(tipo, ddd, telefone, id_contato)values('COMERCIAL', '','0', currval('contato_id_seq'));insert into endereco (data_inicial_vigencia, endereco, cep)values('2000-01-01','AV LIBERDADE 959 AP 303B','1502001');insert into contribuinte(id,  data_cadastro, nome_empresa, id_endereco, id_contato, valor_contribuicao)values(915,'04/11/2009','LUCIANA ANDREA LEAO',currval('endereco_id_seq'), currval('contato_id_seq'),50.00);insert into historico_status_contribuinte(data_inicial_vigencia, status)values('2001-01-01','ATIVADO');insert into contribuinte_historico_status_contribuinte(id_contribuinte, id_historico_status_contribuinte)values(915,currval('historico_status_contribuinte_id_seq'));
insert into contato(ramal)values('');insert into telefone(tipo, ddd, telefone, id_contato)values('RESIDENCIAL', '19', '78055756', currval('contato_id_seq'));insert into telefone(tipo, ddd, telefone, id_contato)values('COMERCIAL', '','0', currval('contato_id_seq'));insert into endereco (data_inicial_vigencia, endereco, cep)values('2000-01-01','R ELVIRA MARI GRIGOLETO OLANZA 60','13140000');insert into contribuinte(id,  data_cadastro, nome_empresa, id_endereco, id_contato, valor_contribuicao)values(916,'09/02/2010','ELIZABETH',currval('endereco_id_seq'), currval('contato_id_seq'),50.00);insert into historico_status_contribuinte(data_inicial_vigencia, status)values('2001-01-01','ATIVADO');insert into contribuinte_historico_status_contribuinte(id_contribuinte, id_historico_status_contribuinte)values(916,currval('historico_status_contribuinte_id_seq'));
insert into contato(ramal)values('');insert into telefone(tipo, ddd, telefone, id_contato)values('RESIDENCIAL', '11', '83713315', currval('contato_id_seq'));insert into telefone(tipo, ddd, telefone, id_contato)values('COMERCIAL', '','0', currval('contato_id_seq'));insert into endereco (data_inicial_vigencia, endereco, cep)values('2000-01-01','R APINAJES 1985 APTO 81','1258001');insert into contribuinte(id,  data_cadastro, nome_empresa, id_endereco, id_contato, valor_contribuicao)values(917,'08/03/2010','SONIA MARIA PINHA DE OLIVEIRA',currval('endereco_id_seq'), currval('contato_id_seq'),100.00);insert into historico_status_contribuinte(data_inicial_vigencia, status)values('2001-01-01','ATIVADO');insert into contribuinte_historico_status_contribuinte(id_contribuinte, id_historico_status_contribuinte)values(917,currval('historico_status_contribuinte_id_seq'));
insert into contato(ramal)values('');insert into telefone(tipo, ddd, telefone, id_contato)values('RESIDENCIAL', '11', '88100564', currval('contato_id_seq'));insert into telefone(tipo, ddd, telefone, id_contato)values('COMERCIAL', '','0', currval('contato_id_seq'));insert into endereco (data_inicial_vigencia, endereco, cep)values('2000-01-01','AV GEORGE SAVILLE DODD,500','5608020');insert into contribuinte(id,  data_cadastro, nome_empresa, id_endereco, id_contato, valor_contribuicao)values(918,'16/03/2010','RICARDO ZACCARO DE QUEIROZ',currval('endereco_id_seq'), currval('contato_id_seq'),0.00);insert into historico_status_contribuinte(data_inicial_vigencia, status)values('2001-01-01','ATIVADO');insert into contribuinte_historico_status_contribuinte(id_contribuinte, id_historico_status_contribuinte)values(918,currval('historico_status_contribuinte_id_seq'));
insert into contato(ramal)values('');insert into telefone(tipo, ddd, telefone, id_contato)values('RESIDENCIAL', '11', '67108308', currval('contato_id_seq'));insert into telefone(tipo, ddd, telefone, id_contato)values('COMERCIAL', '','0', currval('contato_id_seq'));insert into endereco (data_inicial_vigencia, endereco, cep)values('2000-01-01','R DR SOTER DE FARIA 37,CASA 2','5725040');insert into contribuinte(id,  data_cadastro, nome_empresa, id_endereco, id_contato, valor_contribuicao)values(919,'18/05/2010','TATIANA CRISTINA CANDIDO',currval('endereco_id_seq'), currval('contato_id_seq'),0.00);insert into historico_status_contribuinte(data_inicial_vigencia, status)values('2001-01-01','ATIVADO');insert into contribuinte_historico_status_contribuinte(id_contribuinte, id_historico_status_contribuinte)values(919,currval('historico_status_contribuinte_id_seq'));
insert into contato(ramal)values('');insert into telefone(tipo, ddd, telefone, id_contato)values('RESIDENCIAL', '11', '30242010', currval('contato_id_seq'));insert into telefone(tipo, ddd, telefone, id_contato)values('COMERCIAL', '','0', currval('contato_id_seq'));insert into endereco (data_inicial_vigencia, endereco, cep)values('2000-01-01','AV NAçõES UNIDAS 4777 13ANDAR-ALT PINHEI','5477000');insert into contribuinte(id,  data_cadastro, nome_empresa, id_endereco, id_contato, valor_contribuicao)values(920,'26/05/2010','MARIA THEREZINHA DEPIERI',currval('endereco_id_seq'), currval('contato_id_seq'),1000.00);insert into historico_status_contribuinte(data_inicial_vigencia, status)values('2001-01-01','ATIVADO');insert into contribuinte_historico_status_contribuinte(id_contribuinte, id_historico_status_contribuinte)values(920,currval('historico_status_contribuinte_id_seq'));
insert into contato(ramal)values('');insert into telefone(tipo, ddd, telefone, id_contato)values('RESIDENCIAL', '11', '30242010', currval('contato_id_seq'));insert into telefone(tipo, ddd, telefone, id_contato)values('COMERCIAL', '','0', currval('contato_id_seq'));insert into endereco (data_inicial_vigencia, endereco, cep)values('2000-01-01','AV NAçõES UNIDAS 4777 13ANDAR ALTO PINHE','5477000');insert into contribuinte(id,  data_cadastro, nome_empresa, id_endereco, id_contato, valor_contribuicao)values(921,'26/05/2010','PATRICIA DEPIERI PARSEQUIAN',currval('endereco_id_seq'), currval('contato_id_seq'),200.00);insert into historico_status_contribuinte(data_inicial_vigencia, status)values('2001-01-01','ATIVADO');insert into contribuinte_historico_status_contribuinte(id_contribuinte, id_historico_status_contribuinte)values(921,currval('historico_status_contribuinte_id_seq'));
insert into contato(ramal)values('');insert into telefone(tipo, ddd, telefone, id_contato)values('RESIDENCIAL', '', '0', currval('contato_id_seq'));insert into telefone(tipo, ddd, telefone, id_contato)values('COMERCIAL', '','0', currval('contato_id_seq'));insert into endereco (data_inicial_vigencia, endereco, cep)values('2000-01-01','R PASSEIO BRILHANTE 105','15385000');insert into contribuinte(id,  data_cadastro, nome_empresa, id_endereco, id_contato, valor_contribuicao)values(922,'17/06/2010','MARCO ANTONIO KUBIK DE CASTRO',currval('endereco_id_seq'), currval('contato_id_seq'),20.00);insert into historico_status_contribuinte(data_inicial_vigencia, status)values('2001-01-01','ATIVADO');insert into contribuinte_historico_status_contribuinte(id_contribuinte, id_historico_status_contribuinte)values(922,currval('historico_status_contribuinte_id_seq'));
insert into contato(ramal)values('');insert into telefone(tipo, ddd, telefone, id_contato)values('RESIDENCIAL', '', '0', currval('contato_id_seq'));insert into telefone(tipo, ddd, telefone, id_contato)values('COMERCIAL', '','0', currval('contato_id_seq'));insert into endereco (data_inicial_vigencia, endereco, cep)values('2000-01-01','R PEREIRA LEITE,44 APTO 11','5442000');insert into contribuinte(id,  data_cadastro, nome_empresa, id_endereco, id_contato, valor_contribuicao)values(923,'01/09/2010','PAUL JEAN ETIENNE JESZENSKY',currval('endereco_id_seq'), currval('contato_id_seq'),0.00);insert into historico_status_contribuinte(data_inicial_vigencia, status)values('2001-01-01','ATIVADO');insert into contribuinte_historico_status_contribuinte(id_contribuinte, id_historico_status_contribuinte)values(923,currval('historico_status_contribuinte_id_seq'));
insert into contato(ramal)values('');insert into telefone(tipo, ddd, telefone, id_contato)values('RESIDENCIAL', '', '0', currval('contato_id_seq'));insert into telefone(tipo, ddd, telefone, id_contato)values('COMERCIAL', '','0', currval('contato_id_seq'));insert into endereco (data_inicial_vigencia, endereco, cep)values('2000-01-01','R FERNANDO COSTA 204','9120305');insert into contribuinte(id,  data_cadastro, nome_empresa, id_endereco, id_contato, valor_contribuicao)values(924,'20/09/2010','RUBENS DA SILVA MOREIRA',currval('endereco_id_seq'), currval('contato_id_seq'),50.00);insert into historico_status_contribuinte(data_inicial_vigencia, status)values('2001-01-01','ATIVADO');insert into contribuinte_historico_status_contribuinte(id_contribuinte, id_historico_status_contribuinte)values(924,currval('historico_status_contribuinte_id_seq'));
insert into contato(ramal)values('');insert into telefone(tipo, ddd, telefone, id_contato)values('RESIDENCIAL', '11', '95493780', currval('contato_id_seq'));insert into telefone(tipo, ddd, telefone, id_contato)values('COMERCIAL', '','0', currval('contato_id_seq'));insert into endereco (data_inicial_vigencia, endereco, cep)values('2000-01-01','R BARRA MANSA 41 JD FRANCA','2337040');insert into contribuinte(id,  data_cadastro, nome_empresa, id_endereco, id_contato, valor_contribuicao)values(925,'13/10/2010','CRISTIANE BADAIN',currval('endereco_id_seq'), currval('contato_id_seq'),30.00);insert into historico_status_contribuinte(data_inicial_vigencia, status)values('2001-01-01','ATIVADO');insert into contribuinte_historico_status_contribuinte(id_contribuinte, id_historico_status_contribuinte)values(925,currval('historico_status_contribuinte_id_seq'));
insert into contato(ramal)values('');insert into telefone(tipo, ddd, telefone, id_contato)values('RESIDENCIAL', '11', '58165909', currval('contato_id_seq'));insert into telefone(tipo, ddd, telefone, id_contato)values('COMERCIAL', '','0', currval('contato_id_seq'));insert into endereco (data_inicial_vigencia, endereco, cep)values('2000-01-01','R ROBERTO MESQUITA 83','5780380');insert into contribuinte(id,  data_cadastro, nome_empresa, id_endereco, id_contato, valor_contribuicao)values(926,'19/10/2010','MARIA DO CARMO PEREIRA LOURO',currval('endereco_id_seq'), currval('contato_id_seq'),20.00);insert into historico_status_contribuinte(data_inicial_vigencia, status)values('2001-01-01','ATIVADO');insert into contribuinte_historico_status_contribuinte(id_contribuinte, id_historico_status_contribuinte)values(926,currval('historico_status_contribuinte_id_seq'));
insert into contato(ramal)values('');insert into telefone(tipo, ddd, telefone, id_contato)values('RESIDENCIAL', '11', '63463131', currval('contato_id_seq'));insert into telefone(tipo, ddd, telefone, id_contato)values('COMERCIAL', '','0', currval('contato_id_seq'));insert into endereco (data_inicial_vigencia, endereco, cep)values('2000-01-01','R MANDURI 473','1457020');insert into contribuinte(id,  data_cadastro, nome_empresa, id_endereco, id_contato, valor_contribuicao)values(927,'19/10/2010','MARGARETH MANICARDI SIMOES',currval('endereco_id_seq'), currval('contato_id_seq'),100.00);insert into historico_status_contribuinte(data_inicial_vigencia, status)values('2001-01-01','ATIVADO');insert into contribuinte_historico_status_contribuinte(id_contribuinte, id_historico_status_contribuinte)values(927,currval('historico_status_contribuinte_id_seq'));
insert into contato(ramal)values('');insert into telefone(tipo, ddd, telefone, id_contato)values('RESIDENCIAL', '11', '92920095', currval('contato_id_seq'));insert into telefone(tipo, ddd, telefone, id_contato)values('COMERCIAL', '','0', currval('contato_id_seq'));insert into endereco (data_inicial_vigencia, endereco, cep)values('2000-01-01','AV CEL JOSE P ANDRADE,646 AP104','4295001');insert into contribuinte(id,  data_cadastro, nome_empresa, id_endereco, id_contato, valor_contribuicao)values(928,'12/11/2010','WOLNEY DOS ANJOS FERREIRA DE ALMEIDA',currval('endereco_id_seq'), currval('contato_id_seq'),20.00);insert into historico_status_contribuinte(data_inicial_vigencia, status)values('2001-01-01','ATIVADO');insert into contribuinte_historico_status_contribuinte(id_contribuinte, id_historico_status_contribuinte)values(928,currval('historico_status_contribuinte_id_seq'));
insert into contato(ramal)values('');insert into telefone(tipo, ddd, telefone, id_contato)values('RESIDENCIAL', '11', '99975142', currval('contato_id_seq'));insert into telefone(tipo, ddd, telefone, id_contato)values('COMERCIAL', '','0', currval('contato_id_seq'));insert into endereco (data_inicial_vigencia, endereco, cep)values('2000-01-01','RUA CARAIBAS 741 APTO 81','5020000');insert into contribuinte(id,  data_cadastro, nome_empresa, id_endereco, id_contato, valor_contribuicao)values(929,'06/12/2010','SUELY COLIN',currval('endereco_id_seq'), currval('contato_id_seq'),30.00);insert into historico_status_contribuinte(data_inicial_vigencia, status)values('2001-01-01','ATIVADO');insert into contribuinte_historico_status_contribuinte(id_contribuinte, id_historico_status_contribuinte)values(929,currval('historico_status_contribuinte_id_seq'));
insert into contato(ramal)values('');insert into telefone(tipo, ddd, telefone, id_contato)values('RESIDENCIAL', '14', '97781827', currval('contato_id_seq'));insert into telefone(tipo, ddd, telefone, id_contato)values('COMERCIAL', '','0', currval('contato_id_seq'));insert into endereco (data_inicial_vigencia, endereco, cep)values('2000-01-01','R SERVIO TC COUBE 3-33AP 34-C','17012632');insert into contribuinte(id,  data_cadastro, nome_empresa, id_endereco, id_contato, valor_contribuicao)values(930,'18/01/2011','DEMADES MARIO CASTRO',currval('endereco_id_seq'), currval('contato_id_seq'),30.00);insert into historico_status_contribuinte(data_inicial_vigencia, status)values('2001-01-01','ATIVADO');insert into contribuinte_historico_status_contribuinte(id_contribuinte, id_historico_status_contribuinte)values(930,currval('historico_status_contribuinte_id_seq'));
insert into contato(ramal)values('');insert into telefone(tipo, ddd, telefone, id_contato)values('RESIDENCIAL', '11', '30340700', currval('contato_id_seq'));insert into telefone(tipo, ddd, telefone, id_contato)values('COMERCIAL', '','0', currval('contato_id_seq'));insert into endereco (data_inicial_vigencia, endereco, cep)values('2000-01-01','R TEODORO SAMPAIO 2393 CONJ 91 PINHEIROS','5405250');insert into contribuinte(id,  data_cadastro, nome_empresa, id_endereco, id_contato, valor_contribuicao)values(931,'26/01/2011','VIRTUAL O2 COM EQUIP INFO LTDA EPP',currval('endereco_id_seq'), currval('contato_id_seq'),50.00);insert into historico_status_contribuinte(data_inicial_vigencia, status)values('2001-01-01','ATIVADO');insert into contribuinte_historico_status_contribuinte(id_contribuinte, id_historico_status_contribuinte)values(931,currval('historico_status_contribuinte_id_seq'));
insert into contato(ramal)values('');insert into telefone(tipo, ddd, telefone, id_contato)values('RESIDENCIAL', '11', '93815707', currval('contato_id_seq'));insert into telefone(tipo, ddd, telefone, id_contato)values('COMERCIAL', '','0', currval('contato_id_seq'));insert into endereco (data_inicial_vigencia, endereco, cep)values('2000-01-01','AV AMADOR BUENO DA VEIGA,841 CASA 2','3635000');insert into contribuinte(id,  data_cadastro, nome_empresa, id_endereco, id_contato, valor_contribuicao)values(932,'01/02/2011','LUCIANO FROIS DA SILVA',currval('endereco_id_seq'), currval('contato_id_seq'),20.00);insert into historico_status_contribuinte(data_inicial_vigencia, status)values('2001-01-01','ATIVADO');insert into contribuinte_historico_status_contribuinte(id_contribuinte, id_historico_status_contribuinte)values(932,currval('historico_status_contribuinte_id_seq'));
insert into contato(ramal)values('');insert into telefone(tipo, ddd, telefone, id_contato)values('RESIDENCIAL', '11', '85911858', currval('contato_id_seq'));insert into telefone(tipo, ddd, telefone, id_contato)values('COMERCIAL', '','0', currval('contato_id_seq'));insert into endereco (data_inicial_vigencia, endereco, cep)values('2000-01-01','R MARIA CORTADA CODORNIZ 354 CS1','4940140');insert into contribuinte(id,  data_cadastro, nome_empresa, id_endereco, id_contato, valor_contribuicao)values(933,'02/02/2011','CLAUDIO FRANCISCO JACINTO JUNIOR',currval('endereco_id_seq'), currval('contato_id_seq'),20.00);insert into historico_status_contribuinte(data_inicial_vigencia, status)values('2001-01-01','ATIVADO');insert into contribuinte_historico_status_contribuinte(id_contribuinte, id_historico_status_contribuinte)values(933,currval('historico_status_contribuinte_id_seq'));
insert into contato(ramal)values('');insert into telefone(tipo, ddd, telefone, id_contato)values('RESIDENCIAL', '85', '88443281', currval('contato_id_seq'));insert into telefone(tipo, ddd, telefone, id_contato)values('COMERCIAL', '','0', currval('contato_id_seq'));insert into endereco (data_inicial_vigencia, endereco, cep)values('2000-01-01','R JOAQUIM MARTINS 455 PASSARE','60744020');insert into contribuinte(id,  data_cadastro, nome_empresa, id_endereco, id_contato, valor_contribuicao)values(934,'02/02/2011','ELENEIDE SILVA DOS REIS',currval('endereco_id_seq'), currval('contato_id_seq'),0.00);insert into historico_status_contribuinte(data_inicial_vigencia, status)values('2001-01-01','ATIVADO');insert into contribuinte_historico_status_contribuinte(id_contribuinte, id_historico_status_contribuinte)values(934,currval('historico_status_contribuinte_id_seq'));
insert into contato(ramal)values('');insert into telefone(tipo, ddd, telefone, id_contato)values('RESIDENCIAL', '11', '74532684', currval('contato_id_seq'));insert into telefone(tipo, ddd, telefone, id_contato)values('COMERCIAL', '','0', currval('contato_id_seq'));insert into endereco (data_inicial_vigencia, endereco, cep)values('2000-01-01','AV.3 AP.43 PREDIO 15','7051090');insert into contribuinte(id,  data_cadastro, nome_empresa, id_endereco, id_contato, valor_contribuicao)values(935,'03/03/2011','RENATO DE ANDRADE ASSIS',currval('endereco_id_seq'), currval('contato_id_seq'),30.00);insert into historico_status_contribuinte(data_inicial_vigencia, status)values('2001-01-01','ATIVADO');insert into contribuinte_historico_status_contribuinte(id_contribuinte, id_historico_status_contribuinte)values(935,currval('historico_status_contribuinte_id_seq'));
insert into contato(ramal)values('');insert into telefone(tipo, ddd, telefone, id_contato)values('RESIDENCIAL', '18', '97476798', currval('contato_id_seq'));insert into telefone(tipo, ddd, telefone, id_contato)values('COMERCIAL', '','0', currval('contato_id_seq'));insert into endereco (data_inicial_vigencia, endereco, cep)values('2000-01-01','R FRANCISCO GARCIA CASTILHO 164','16290000');insert into contribuinte(id,  data_cadastro, nome_empresa, id_endereco, id_contato, valor_contribuicao)values(936,'16/03/2011','MANOEL PEDRO DA SILVA',currval('endereco_id_seq'), currval('contato_id_seq'),30.00);insert into historico_status_contribuinte(data_inicial_vigencia, status)values('2001-01-01','ATIVADO');insert into contribuinte_historico_status_contribuinte(id_contribuinte, id_historico_status_contribuinte)values(936,currval('historico_status_contribuinte_id_seq'));
insert into contato(ramal)values('');insert into telefone(tipo, ddd, telefone, id_contato)values('RESIDENCIAL', '11', '37149485', currval('contato_id_seq'));insert into telefone(tipo, ddd, telefone, id_contato)values('COMERCIAL', '','0', currval('contato_id_seq'));insert into endereco (data_inicial_vigencia, endereco, cep)values('2000-01-01','R ALFREDO PINHEIRO 137','5325000');insert into contribuinte(id,  data_cadastro, nome_empresa, id_endereco, id_contato, valor_contribuicao)values(937,'12/04/2011','ALVARO ALVES NOGA',currval('endereco_id_seq'), currval('contato_id_seq'),30.00);insert into historico_status_contribuinte(data_inicial_vigencia, status)values('2001-01-01','ATIVADO');insert into contribuinte_historico_status_contribuinte(id_contribuinte, id_historico_status_contribuinte)values(937,currval('historico_status_contribuinte_id_seq'));
insert into contato(ramal)values('');insert into telefone(tipo, ddd, telefone, id_contato)values('RESIDENCIAL', '11', '22752350', currval('contato_id_seq'));insert into telefone(tipo, ddd, telefone, id_contato)values('COMERCIAL', '','0', currval('contato_id_seq'));insert into endereco (data_inicial_vigencia, endereco, cep)values('2000-01-01','ALAMEDA DOS TACAUNAS 821','4068021');insert into contribuinte(id,  data_cadastro, nome_empresa, id_endereco, id_contato, valor_contribuicao)values(938,'12/04/2011','SERGIO PAGOTTI',currval('endereco_id_seq'), currval('contato_id_seq'),30.00);insert into historico_status_contribuinte(data_inicial_vigencia, status)values('2001-01-01','ATIVADO');insert into contribuinte_historico_status_contribuinte(id_contribuinte, id_historico_status_contribuinte)values(938,currval('historico_status_contribuinte_id_seq'));
insert into contato(ramal)values('');insert into telefone(tipo, ddd, telefone, id_contato)values('RESIDENCIAL', '11', '60245426', currval('contato_id_seq'));insert into telefone(tipo, ddd, telefone, id_contato)values('COMERCIAL', '','0', currval('contato_id_seq'));insert into endereco (data_inicial_vigencia, endereco, cep)values('2000-01-01','R CEMBIRA 135','8030050');insert into contribuinte(id,  data_cadastro, nome_empresa, id_endereco, id_contato, valor_contribuicao)values(939,'11/05/2011','JOSE HENRIQUE DEMARQUES',currval('endereco_id_seq'), currval('contato_id_seq'),30.00);insert into historico_status_contribuinte(data_inicial_vigencia, status)values('2001-01-01','ATIVADO');insert into contribuinte_historico_status_contribuinte(id_contribuinte, id_historico_status_contribuinte)values(939,currval('historico_status_contribuinte_id_seq'));
insert into contato(ramal)values('');insert into telefone(tipo, ddd, telefone, id_contato)values('RESIDENCIAL', '22', '25421374', currval('contato_id_seq'));insert into telefone(tipo, ddd, telefone, id_contato)values('COMERCIAL', '','0', currval('contato_id_seq'));insert into endereco (data_inicial_vigencia, endereco, cep)values('2000-01-01','ESTRADA FOZ DO IGUACU,259 DEBOSSAN','28615690');insert into contribuinte(id,  data_cadastro, nome_empresa, id_endereco, id_contato, valor_contribuicao)values(940,'24/05/2011','FABIO DABREU E SOUZA',currval('endereco_id_seq'), currval('contato_id_seq'),50.00);insert into historico_status_contribuinte(data_inicial_vigencia, status)values('2001-01-01','ATIVADO');insert into contribuinte_historico_status_contribuinte(id_contribuinte, id_historico_status_contribuinte)values(940,currval('historico_status_contribuinte_id_seq'));
insert into contato(ramal)values('');insert into telefone(tipo, ddd, telefone, id_contato)values('RESIDENCIAL', '11', '39417331', currval('contato_id_seq'));insert into telefone(tipo, ddd, telefone, id_contato)values('COMERCIAL', '','0', currval('contato_id_seq'));insert into endereco (data_inicial_vigencia, endereco, cep)values('2000-01-01','R:SAVERIO VALENTE,100 AP133 BL2','2996120');insert into contribuinte(id,  data_cadastro, nome_empresa, id_endereco, id_contato, valor_contribuicao)values(941,'18/07/2011','LUCAS ALBERTO SOUZA RODRIGUES',currval('endereco_id_seq'), currval('contato_id_seq'),20.00);insert into historico_status_contribuinte(data_inicial_vigencia, status)values('2001-01-01','ATIVADO');insert into contribuinte_historico_status_contribuinte(id_contribuinte, id_historico_status_contribuinte)values(941,currval('historico_status_contribuinte_id_seq'));
insert into contato(ramal)values('');insert into telefone(tipo, ddd, telefone, id_contato)values('RESIDENCIAL', '31', '38524714', currval('contato_id_seq'));insert into telefone(tipo, ddd, telefone, id_contato)values('COMERCIAL', '','0', currval('contato_id_seq'));insert into endereco (data_inicial_vigencia, endereco, cep)values('2000-01-01','AV AEROPORTO,11 VL TANQUE','35930438');insert into contribuinte(id,  data_cadastro, nome_empresa, id_endereco, id_contato, valor_contribuicao)values(942,'21/07/2011','THALES ORNELAS IGLESIAS',currval('endereco_id_seq'), currval('contato_id_seq'),20.00);insert into historico_status_contribuinte(data_inicial_vigencia, status)values('2001-01-01','ATIVADO');insert into contribuinte_historico_status_contribuinte(id_contribuinte, id_historico_status_contribuinte)values(942,currval('historico_status_contribuinte_id_seq'));
insert into contato(ramal)values('');insert into telefone(tipo, ddd, telefone, id_contato)values('RESIDENCIAL', '11', '56690099', currval('contato_id_seq'));insert into telefone(tipo, ddd, telefone, id_contato)values('COMERCIAL', '','0', currval('contato_id_seq'));insert into endereco (data_inicial_vigencia, endereco, cep)values('2000-01-01','RUA UNACIO DE ALMEIDA ARRUDA,286','4777050');insert into contribuinte(id,  data_cadastro, nome_empresa, id_endereco, id_contato, valor_contribuicao)values(943,'03/10/2011','REGINALDO MARQUES DA SILVA (DARIO)',currval('endereco_id_seq'), currval('contato_id_seq'),50.00);insert into historico_status_contribuinte(data_inicial_vigencia, status)values('2001-01-01','ATIVADO');insert into contribuinte_historico_status_contribuinte(id_contribuinte, id_historico_status_contribuinte)values(943,currval('historico_status_contribuinte_id_seq'));
insert into contato(ramal)values('');insert into telefone(tipo, ddd, telefone, id_contato)values('RESIDENCIAL', '31', '87110516', currval('contato_id_seq'));insert into telefone(tipo, ddd, telefone, id_contato)values('COMERCIAL', '','0', currval('contato_id_seq'));insert into endereco (data_inicial_vigencia, endereco, cep)values('2000-01-01','R DONATO DA FONSECA','35400000');insert into contribuinte(id,  data_cadastro, nome_empresa, id_endereco, id_contato, valor_contribuicao)values(944,'04/11/2011','THIAGO CONTIJO MATOS',currval('endereco_id_seq'), currval('contato_id_seq'),20.00);insert into historico_status_contribuinte(data_inicial_vigencia, status)values('2001-01-01','ATIVADO');insert into contribuinte_historico_status_contribuinte(id_contribuinte, id_historico_status_contribuinte)values(944,currval('historico_status_contribuinte_id_seq'));
insert into contato(ramal)values('');insert into telefone(tipo, ddd, telefone, id_contato)values('RESIDENCIAL', '11', '82908706', currval('contato_id_seq'));insert into telefone(tipo, ddd, telefone, id_contato)values('COMERCIAL', '','0', currval('contato_id_seq'));insert into endereco (data_inicial_vigencia, endereco, cep)values('2000-01-01','R GUARARA 538/121','1425000');insert into contribuinte(id,  data_cadastro, nome_empresa, id_endereco, id_contato, valor_contribuicao)values(945,'15/12/2011','EDVALDO SANTANA JUNIOR',currval('endereco_id_seq'), currval('contato_id_seq'),30.00);insert into historico_status_contribuinte(data_inicial_vigencia, status)values('2001-01-01','ATIVADO');insert into contribuinte_historico_status_contribuinte(id_contribuinte, id_historico_status_contribuinte)values(945,currval('historico_status_contribuinte_id_seq'));
insert into contato(ramal)values('');insert into telefone(tipo, ddd, telefone, id_contato)values('RESIDENCIAL', '11', '4071832', currval('contato_id_seq'));insert into telefone(tipo, ddd, telefone, id_contato)values('COMERCIAL', '','0', currval('contato_id_seq'));insert into endereco (data_inicial_vigencia, endereco, cep)values('2000-01-01','TRAV.RAMIRO GOMES JARDIM 189','9942490');insert into contribuinte(id,  data_cadastro, nome_empresa, id_endereco, id_contato, valor_contribuicao)values(946,'03/01/2012','AGATHA CRISTINA DE SOUZA',currval('endereco_id_seq'), currval('contato_id_seq'),30.00);insert into historico_status_contribuinte(data_inicial_vigencia, status)values('2001-01-01','ATIVADO');insert into contribuinte_historico_status_contribuinte(id_contribuinte, id_historico_status_contribuinte)values(946,currval('historico_status_contribuinte_id_seq'));
insert into contato(ramal)values('');insert into telefone(tipo, ddd, telefone, id_contato)values('RESIDENCIAL', '27', '97909544', currval('contato_id_seq'));insert into telefone(tipo, ddd, telefone, id_contato)values('COMERCIAL', '','0', currval('contato_id_seq'));insert into endereco (data_inicial_vigencia, endereco, cep)values('2000-01-01','R POçO MESTRE 12','29149555');insert into contribuinte(id,  data_cadastro, nome_empresa, id_endereco, id_contato, valor_contribuicao)values(947,'03/01/2012','ALDAIR DE ALMEIDA CARDOSO',currval('endereco_id_seq'), currval('contato_id_seq'),20.00);insert into historico_status_contribuinte(data_inicial_vigencia, status)values('2001-01-01','ATIVADO');insert into contribuinte_historico_status_contribuinte(id_contribuinte, id_historico_status_contribuinte)values(947,currval('historico_status_contribuinte_id_seq'));
insert into contato(ramal)values('');insert into telefone(tipo, ddd, telefone, id_contato)values('RESIDENCIAL', '11', '38511549', currval('contato_id_seq'));insert into telefone(tipo, ddd, telefone, id_contato)values('COMERCIAL', '','0', currval('contato_id_seq'));insert into endereco (data_inicial_vigencia, endereco, cep)values('2000-01-01','R CANDIDO MATEUS DE FARIAS,32','2871180');insert into contribuinte(id,  data_cadastro, nome_empresa, id_endereco, id_contato, valor_contribuicao)values(948,'12/09/2012','IONE BENA DE ARAGAO SILVA',currval('endereco_id_seq'), currval('contato_id_seq'),30.00);insert into historico_status_contribuinte(data_inicial_vigencia, status)values('2001-01-01','ATIVADO');insert into contribuinte_historico_status_contribuinte(id_contribuinte, id_historico_status_contribuinte)values(948,currval('historico_status_contribuinte_id_seq'));
insert into contato(ramal)values('');insert into telefone(tipo, ddd, telefone, id_contato)values('RESIDENCIAL', '14', '35238403', currval('contato_id_seq'));insert into telefone(tipo, ddd, telefone, id_contato)values('COMERCIAL', '','0', currval('contato_id_seq'));insert into endereco (data_inicial_vigencia, endereco, cep)values('2000-01-01','R LUIZ CARLOS SOARES,71','16402235');insert into contribuinte(id,  data_cadastro, nome_empresa, id_endereco, id_contato, valor_contribuicao)values(949,'21/11/2012','VALMIR DONIZETE CONTIERO',currval('endereco_id_seq'), currval('contato_id_seq'),0.00);insert into historico_status_contribuinte(data_inicial_vigencia, status)values('2001-01-01','ATIVADO');insert into contribuinte_historico_status_contribuinte(id_contribuinte, id_historico_status_contribuinte)values(949,currval('historico_status_contribuinte_id_seq'));
insert into contato(ramal)values('');insert into telefone(tipo, ddd, telefone, id_contato)values('RESIDENCIAL', '11', '36752554', currval('contato_id_seq'));insert into telefone(tipo, ddd, telefone, id_contato)values('COMERCIAL', '','0', currval('contato_id_seq'));insert into endereco (data_inicial_vigencia, endereco, cep)values('2000-01-01','R MINERVA 128 -PERDIZES','5007030');insert into contribuinte(id,  data_cadastro, nome_empresa, id_endereco, id_contato, valor_contribuicao)values(950,'21/11/2012','MARCIA JUNQUEIRA FRANCO DE MELO',currval('endereco_id_seq'), currval('contato_id_seq'),0.00);insert into historico_status_contribuinte(data_inicial_vigencia, status)values('2001-01-01','ATIVADO');insert into contribuinte_historico_status_contribuinte(id_contribuinte, id_historico_status_contribuinte)values(950,currval('historico_status_contribuinte_id_seq'));
insert into contato(ramal)values('');insert into telefone(tipo, ddd, telefone, id_contato)values('RESIDENCIAL', '11', '25584107', currval('contato_id_seq'));insert into telefone(tipo, ddd, telefone, id_contato)values('COMERCIAL', '','0', currval('contato_id_seq'));insert into endereco (data_inicial_vigencia, endereco, cep)values('2000-01-01','R ARQUITETO PROF.CHAVES 07-CID TIRADENTE','8490620');insert into contribuinte(id,  data_cadastro, nome_empresa, id_endereco, id_contato, valor_contribuicao)values(951,'21/11/2012','NUBIA AMARAL SILVA QUEIROZ',currval('endereco_id_seq'), currval('contato_id_seq'),0.00);insert into historico_status_contribuinte(data_inicial_vigencia, status)values('2001-01-01','ATIVADO');insert into contribuinte_historico_status_contribuinte(id_contribuinte, id_historico_status_contribuinte)values(951,currval('historico_status_contribuinte_id_seq'));
insert into contato(ramal)values('');insert into telefone(tipo, ddd, telefone, id_contato)values('RESIDENCIAL', '11', '22722773', currval('contato_id_seq'));insert into telefone(tipo, ddd, telefone, id_contato)values('COMERCIAL', '','0', currval('contato_id_seq'));insert into endereco (data_inicial_vigencia, endereco, cep)values('2000-01-01','PçA DO CENTENARIO VL PRUDENTE AP112,139','3132050');insert into contribuinte(id,  data_cadastro, nome_empresa, id_endereco, id_contato, valor_contribuicao)values(952,'21/11/2012','ADRIANA APARECIDA CRISOSTOMO',currval('endereco_id_seq'), currval('contato_id_seq'),0.00);insert into historico_status_contribuinte(data_inicial_vigencia, status)values('2001-01-01','ATIVADO');insert into contribuinte_historico_status_contribuinte(id_contribuinte, id_historico_status_contribuinte)values(952,currval('historico_status_contribuinte_id_seq'));
insert into contato(ramal)values('');insert into telefone(tipo, ddd, telefone, id_contato)values('RESIDENCIAL', '11', '41585508', currval('contato_id_seq'));insert into telefone(tipo, ddd, telefone, id_contato)values('COMERCIAL', '','0', currval('contato_id_seq'));insert into endereco (data_inicial_vigencia, endereco, cep)values('2000-01-01','R RADIALISTAS 115-JD EUROPA','6730000');insert into contribuinte(id,  data_cadastro, nome_empresa, id_endereco, id_contato, valor_contribuicao)values(953,'21/11/2012','JOSE GERALDO ROZEMBRA',currval('endereco_id_seq'), currval('contato_id_seq'),0.00);insert into historico_status_contribuinte(data_inicial_vigencia, status)values('2001-01-01','ATIVADO');insert into contribuinte_historico_status_contribuinte(id_contribuinte, id_historico_status_contribuinte)values(953,currval('historico_status_contribuinte_id_seq'));
insert into contato(ramal)values('');insert into telefone(tipo, ddd, telefone, id_contato)values('RESIDENCIAL', '11', '34245605', currval('contato_id_seq'));insert into telefone(tipo, ddd, telefone, id_contato)values('COMERCIAL', '','0', currval('contato_id_seq'));insert into endereco (data_inicial_vigencia, endereco, cep)values('2000-01-01','R PROF JOSE EZEQUIEL DE SOUZA,138','12030540');insert into contribuinte(id,  data_cadastro, nome_empresa, id_endereco, id_contato, valor_contribuicao)values(954,'21/11/2012','GRAZIELA MARIA DE JESUS LIBORIO',currval('endereco_id_seq'), currval('contato_id_seq'),0.00);insert into historico_status_contribuinte(data_inicial_vigencia, status)values('2001-01-01','ATIVADO');insert into contribuinte_historico_status_contribuinte(id_contribuinte, id_historico_status_contribuinte)values(954,currval('historico_status_contribuinte_id_seq'));
insert into contato(ramal)values('');insert into telefone(tipo, ddd, telefone, id_contato)values('RESIDENCIAL', '14', '34153487', currval('contato_id_seq'));insert into telefone(tipo, ddd, telefone, id_contato)values('COMERCIAL', '','0', currval('contato_id_seq'));insert into endereco (data_inicial_vigencia, endereco, cep)values('2000-01-01','R GARçA 186 -CASTELO BRANCO','17520160');insert into contribuinte(id,  data_cadastro, nome_empresa, id_endereco, id_contato, valor_contribuicao)values(955,'21/11/2012','DENISE MARTINS',currval('endereco_id_seq'), currval('contato_id_seq'),0.00);insert into historico_status_contribuinte(data_inicial_vigencia, status)values('2001-01-01','ATIVADO');insert into contribuinte_historico_status_contribuinte(id_contribuinte, id_historico_status_contribuinte)values(955,currval('historico_status_contribuinte_id_seq'));
insert into contato(ramal)values('');insert into telefone(tipo, ddd, telefone, id_contato)values('RESIDENCIAL', '11', '26063338', currval('contato_id_seq'));insert into telefone(tipo, ddd, telefone, id_contato)values('COMERCIAL', '','0', currval('contato_id_seq'));insert into endereco (data_inicial_vigencia, endereco, cep)values('2000-01-01','R CUIABA APTO23 , 990 MOOCA','3183001');insert into contribuinte(id,  data_cadastro, nome_empresa, id_endereco, id_contato, valor_contribuicao)values(956,'21/11/2012','ELISABETE DOS SANTOS FREIRE',currval('endereco_id_seq'), currval('contato_id_seq'),0.00);insert into historico_status_contribuinte(data_inicial_vigencia, status)values('2001-01-01','ATIVADO');insert into contribuinte_historico_status_contribuinte(id_contribuinte, id_historico_status_contribuinte)values(956,currval('historico_status_contribuinte_id_seq'));
insert into contato(ramal)values('');insert into telefone(tipo, ddd, telefone, id_contato)values('RESIDENCIAL', '35', '34651242', currval('contato_id_seq'));insert into telefone(tipo, ddd, telefone, id_contato)values('COMERCIAL', '','0', currval('contato_id_seq'));insert into endereco (data_inicial_vigencia, endereco, cep)values('2000-01-01','RUA PE CORNELIO 616 JD BELA VISTA','37580000');insert into contribuinte(id,  data_cadastro, nome_empresa, id_endereco, id_contato, valor_contribuicao)values(957,'10/12/2012','RICARDO DOS SANTOS SALZANI',currval('endereco_id_seq'), currval('contato_id_seq'),0.00);insert into historico_status_contribuinte(data_inicial_vigencia, status)values('2001-01-01','ATIVADO');insert into contribuinte_historico_status_contribuinte(id_contribuinte, id_historico_status_contribuinte)values(957,currval('historico_status_contribuinte_id_seq'));
insert into contato(ramal)values('');insert into telefone(tipo, ddd, telefone, id_contato)values('RESIDENCIAL', '11', '20926237', currval('contato_id_seq'));insert into telefone(tipo, ddd, telefone, id_contato)values('COMERCIAL', '','0', currval('contato_id_seq'));insert into endereco (data_inicial_vigencia, endereco, cep)values('2000-01-01','RUA SETE DE OUTUBRO APTO 151 N.104','3407040');insert into contribuinte(id,  data_cadastro, nome_empresa, id_endereco, id_contato, valor_contribuicao)values(958,'10/12/2012','DANIELA MESQUITA DE OLIVEIRA GAMA',currval('endereco_id_seq'), currval('contato_id_seq'),0.00);insert into historico_status_contribuinte(data_inicial_vigencia, status)values('2001-01-01','ATIVADO');insert into contribuinte_historico_status_contribuinte(id_contribuinte, id_historico_status_contribuinte)values(958,currval('historico_status_contribuinte_id_seq'));
insert into contato(ramal)values('');insert into telefone(tipo, ddd, telefone, id_contato)values('RESIDENCIAL', '11', '27583717', currval('contato_id_seq'));insert into telefone(tipo, ddd, telefone, id_contato)values('COMERCIAL', '','0', currval('contato_id_seq'));insert into endereco (data_inicial_vigencia, endereco, cep)values('2000-01-01','RUA LUCELIA N.488','9760420');insert into contribuinte(id,  data_cadastro, nome_empresa, id_endereco, id_contato, valor_contribuicao)values(959,'10/12/2012','WASHINGTON MIRANDA LEAO',currval('endereco_id_seq'), currval('contato_id_seq'),0.00);insert into historico_status_contribuinte(data_inicial_vigencia, status)values('2001-01-01','ATIVADO');insert into contribuinte_historico_status_contribuinte(id_contribuinte, id_historico_status_contribuinte)values(959,currval('historico_status_contribuinte_id_seq'));
insert into contato(ramal)values('');insert into telefone(tipo, ddd, telefone, id_contato)values('RESIDENCIAL', '11', '36836842', currval('contato_id_seq'));insert into telefone(tipo, ddd, telefone, id_contato)values('COMERCIAL', '','0', currval('contato_id_seq'));insert into endereco (data_inicial_vigencia, endereco, cep)values('2000-01-01','RUA RESEDA N. 210','6120150');insert into contribuinte(id,  data_cadastro, nome_empresa, id_endereco, id_contato, valor_contribuicao)values(960,'10/12/2012','ELAINE LOPES O. SILVA',currval('endereco_id_seq'), currval('contato_id_seq'),0.00);insert into historico_status_contribuinte(data_inicial_vigencia, status)values('2001-01-01','ATIVADO');insert into contribuinte_historico_status_contribuinte(id_contribuinte, id_historico_status_contribuinte)values(960,currval('historico_status_contribuinte_id_seq'));
insert into contato(ramal)values('');insert into telefone(tipo, ddd, telefone, id_contato)values('RESIDENCIAL', '11', '87197668', currval('contato_id_seq'));insert into telefone(tipo, ddd, telefone, id_contato)values('COMERCIAL', '','0', currval('contato_id_seq'));insert into endereco (data_inicial_vigencia, endereco, cep)values('2000-01-01','RUA AGOSTINHO CANTU N.73','5501010');insert into contribuinte(id,  data_cadastro, nome_empresa, id_endereco, id_contato, valor_contribuicao)values(961,'10/12/2012','RODRIGO FABRI',currval('endereco_id_seq'), currval('contato_id_seq'),0.00);insert into historico_status_contribuinte(data_inicial_vigencia, status)values('2001-01-01','ATIVADO');insert into contribuinte_historico_status_contribuinte(id_contribuinte, id_historico_status_contribuinte)values(961,currval('historico_status_contribuinte_id_seq'));
insert into contato(ramal)values('');insert into telefone(tipo, ddd, telefone, id_contato)values('RESIDENCIAL', '11', '50117836', currval('contato_id_seq'));insert into telefone(tipo, ddd, telefone, id_contato)values('COMERCIAL', '','0', currval('contato_id_seq'));insert into endereco (data_inicial_vigencia, endereco, cep)values('2000-01-01','RUA GRUMIXAMAS N.845','4349000');insert into contribuinte(id,  data_cadastro, nome_empresa, id_endereco, id_contato, valor_contribuicao)values(962,'10/12/2012','DIRLENE CARVALHO TIRADO',currval('endereco_id_seq'), currval('contato_id_seq'),0.00);insert into historico_status_contribuinte(data_inicial_vigencia, status)values('2001-01-01','ATIVADO');insert into contribuinte_historico_status_contribuinte(id_contribuinte, id_historico_status_contribuinte)values(962,currval('historico_status_contribuinte_id_seq'));
insert into contato(ramal)values('');insert into telefone(tipo, ddd, telefone, id_contato)values('RESIDENCIAL', '11', '37810521', currval('contato_id_seq'));insert into telefone(tipo, ddd, telefone, id_contato)values('COMERCIAL', '','0', currval('contato_id_seq'));insert into endereco (data_inicial_vigencia, endereco, cep)values('2000-01-01','RUA JOAQUIM LAPAS VEIGA N. 416','5550010');insert into contribuinte(id,  data_cadastro, nome_empresa, id_endereco, id_contato, valor_contribuicao)values(963,'10/12/2012','ADALBERTO LOPES DE ALENCAR',currval('endereco_id_seq'), currval('contato_id_seq'),0.00);insert into historico_status_contribuinte(data_inicial_vigencia, status)values('2001-01-01','ATIVADO');insert into contribuinte_historico_status_contribuinte(id_contribuinte, id_historico_status_contribuinte)values(963,currval('historico_status_contribuinte_id_seq'));
insert into contato(ramal)values('');insert into telefone(tipo, ddd, telefone, id_contato)values('RESIDENCIAL', '11', '46365227', currval('contato_id_seq'));insert into telefone(tipo, ddd, telefone, id_contato)values('COMERCIAL', '','0', currval('contato_id_seq'));insert into endereco (data_inicial_vigencia, endereco, cep)values('2000-01-01','RUA POANOPOLIS N.152','8562300');insert into contribuinte(id,  data_cadastro, nome_empresa, id_endereco, id_contato, valor_contribuicao)values(964,'10/12/2012','IRANI CARVALHO DE OLIVEIRA',currval('endereco_id_seq'), currval('contato_id_seq'),0.00);insert into historico_status_contribuinte(data_inicial_vigencia, status)values('2001-01-01','ATIVADO');insert into contribuinte_historico_status_contribuinte(id_contribuinte, id_historico_status_contribuinte)values(964,currval('historico_status_contribuinte_id_seq'));
insert into contato(ramal)values('');insert into telefone(tipo, ddd, telefone, id_contato)values('RESIDENCIAL', '11', '31410371', currval('contato_id_seq'));insert into telefone(tipo, ddd, telefone, id_contato)values('COMERCIAL', '','0', currval('contato_id_seq'));insert into endereco (data_inicial_vigencia, endereco, cep)values('2000-01-01','AL.JOAQUIM EUGENIO DE LIMA APTO.112N.984','1403000');insert into contribuinte(id,  data_cadastro, nome_empresa, id_endereco, id_contato, valor_contribuicao)values(965,'10/12/2012','THAIS CASTELLI',currval('endereco_id_seq'), currval('contato_id_seq'),0.00);insert into historico_status_contribuinte(data_inicial_vigencia, status)values('2001-01-01','ATIVADO');insert into contribuinte_historico_status_contribuinte(id_contribuinte, id_historico_status_contribuinte)values(965,currval('historico_status_contribuinte_id_seq'));
insert into contato(ramal)values('');insert into telefone(tipo, ddd, telefone, id_contato)values('RESIDENCIAL', '11', '22951912', currval('contato_id_seq'));insert into telefone(tipo, ddd, telefone, id_contato)values('COMERCIAL', '','0', currval('contato_id_seq'));insert into endereco (data_inicial_vigencia, endereco, cep)values('2000-01-01','RUA CANTAGALO 958 APTO 151 VL GOMES CARD','3319000');insert into contribuinte(id,  data_cadastro, nome_empresa, id_endereco, id_contato, valor_contribuicao)values(966,'12/03/2013','FERNANDO DE SOUZA COELHO',currval('endereco_id_seq'), currval('contato_id_seq'),0.00);insert into historico_status_contribuinte(data_inicial_vigencia, status)values('2001-01-01','ATIVADO');insert into contribuinte_historico_status_contribuinte(id_contribuinte, id_historico_status_contribuinte)values(966,currval('historico_status_contribuinte_id_seq'));
insert into contato(ramal)values('');insert into telefone(tipo, ddd, telefone, id_contato)values('RESIDENCIAL', '11', '24369300', currval('contato_id_seq'));insert into telefone(tipo, ddd, telefone, id_contato)values('COMERCIAL', '','0', currval('contato_id_seq'));insert into endereco (data_inicial_vigencia, endereco, cep)values('2000-01-01','R RUBENS TABORDA 831 PONTE ALTA','7179220');insert into contribuinte(id,  data_cadastro, nome_empresa, id_endereco, id_contato, valor_contribuicao)values(967,'13/03/2013','ALESSANDRA COSTA BRASIL OLIVEIRA',currval('endereco_id_seq'), currval('contato_id_seq'),0.00);insert into historico_status_contribuinte(data_inicial_vigencia, status)values('2001-01-01','ATIVADO');insert into contribuinte_historico_status_contribuinte(id_contribuinte, id_historico_status_contribuinte)values(967,currval('historico_status_contribuinte_id_seq'));
insert into contato(ramal)values('');insert into telefone(tipo, ddd, telefone, id_contato)values('RESIDENCIAL', '13', '38421272', currval('contato_id_seq'));insert into telefone(tipo, ddd, telefone, id_contato)values('COMERCIAL', '','0', currval('contato_id_seq'));insert into endereco (data_inicial_vigencia, endereco, cep)values('2000-01-01','AV JULIO FRANCO  984','11920000');insert into contribuinte(id,  data_cadastro, nome_empresa, id_endereco, id_contato, valor_contribuicao)values(968,'08/04/2013','ROSELI AP. RAMALHO COLAÇO',currval('endereco_id_seq'), currval('contato_id_seq'),0.00);insert into historico_status_contribuinte(data_inicial_vigencia, status)values('2001-01-01','ATIVADO');insert into contribuinte_historico_status_contribuinte(id_contribuinte, id_historico_status_contribuinte)values(968,currval('historico_status_contribuinte_id_seq'));
insert into contato(ramal)values('');insert into telefone(tipo, ddd, telefone, id_contato)values('RESIDENCIAL', '11', '23862018', currval('contato_id_seq'));insert into telefone(tipo, ddd, telefone, id_contato)values('COMERCIAL', '','0', currval('contato_id_seq'));insert into endereco (data_inicial_vigencia, endereco, cep)values('2000-01-01','R.ALVES DE ALMEIDA 798 CHAC. BELEZINHO','3378010');insert into contribuinte(id,  data_cadastro, nome_empresa, id_endereco, id_contato, valor_contribuicao)values(969,'22/04/2013','NILTON GONÇALVES DE PAULA JUNIOR',currval('endereco_id_seq'), currval('contato_id_seq'),0.00);insert into historico_status_contribuinte(data_inicial_vigencia, status)values('2001-01-01','ATIVADO');insert into contribuinte_historico_status_contribuinte(id_contribuinte, id_historico_status_contribuinte)values(969,currval('historico_status_contribuinte_id_seq'));
insert into contato(ramal)values('');insert into telefone(tipo, ddd, telefone, id_contato)values('RESIDENCIAL', '11', '20465869', currval('contato_id_seq'));insert into telefone(tipo, ddd, telefone, id_contato)values('COMERCIAL', '','0', currval('contato_id_seq'));insert into endereco (data_inicial_vigencia, endereco, cep)values('2000-01-01','RUA TOMÁS DE AQUINO PEREIRA 219','3893050');insert into contribuinte(id,  data_cadastro, nome_empresa, id_endereco, id_contato, valor_contribuicao)values(970,'22/04/2013','MIRIAN OLIVEIRA S FERRACINI',currval('endereco_id_seq'), currval('contato_id_seq'),0.00);insert into historico_status_contribuinte(data_inicial_vigencia, status)values('2001-01-01','ATIVADO');insert into contribuinte_historico_status_contribuinte(id_contribuinte, id_historico_status_contribuinte)values(970,currval('historico_status_contribuinte_id_seq'));
insert into contato(ramal)values('');insert into telefone(tipo, ddd, telefone, id_contato)values('RESIDENCIAL', '11', '33622128', currval('contato_id_seq'));insert into telefone(tipo, ddd, telefone, id_contato)values('COMERCIAL', '','0', currval('contato_id_seq'));insert into endereco (data_inicial_vigencia, endereco, cep)values('2000-01-01','RUA ALBUQUERQUE LINS 992 APTO 71','1230000');insert into contribuinte(id,  data_cadastro, nome_empresa, id_endereco, id_contato, valor_contribuicao)values(971,'13/05/2013','JACK STRAUSS',currval('endereco_id_seq'), currval('contato_id_seq'),36.00);insert into historico_status_contribuinte(data_inicial_vigencia, status)values('2001-01-01','ATIVADO');insert into contribuinte_historico_status_contribuinte(id_contribuinte, id_historico_status_contribuinte)values(971,currval('historico_status_contribuinte_id_seq'));
insert into contato(ramal)values('');insert into telefone(tipo, ddd, telefone, id_contato)values('RESIDENCIAL', '', '0', currval('contato_id_seq'));insert into telefone(tipo, ddd, telefone, id_contato)values('COMERCIAL', '','0', currval('contato_id_seq'));insert into endereco (data_inicial_vigencia, endereco, cep)values('2000-01-01','RUA SILVA JARDIM 453 CENTRO','13880000');insert into contribuinte(id,  data_cadastro, nome_empresa, id_endereco, id_contato, valor_contribuicao)values(972,'01/07/2013','JULIA DA SILVA SCABAROZI',currval('endereco_id_seq'), currval('contato_id_seq'),0.00);insert into historico_status_contribuinte(data_inicial_vigencia, status)values('2001-01-01','ATIVADO');insert into contribuinte_historico_status_contribuinte(id_contribuinte, id_historico_status_contribuinte)values(972,currval('historico_status_contribuinte_id_seq'));
insert into contato(ramal)values('');insert into telefone(tipo, ddd, telefone, id_contato)values('RESIDENCIAL', '11', '32929309', currval('contato_id_seq'));insert into telefone(tipo, ddd, telefone, id_contato)values('COMERCIAL', '','0', currval('contato_id_seq'));insert into endereco (data_inicial_vigencia, endereco, cep)values('2000-01-01','RUA SANTO AMARO, 526 BELA VISTA','1315000');insert into contribuinte(id,  data_cadastro, nome_empresa, id_endereco, id_contato, valor_contribuicao)values(973,'14/08/2013','APPROBATO & FISCHER CONTABIL ASSOC LTDA',currval('endereco_id_seq'), currval('contato_id_seq'),0.00);insert into historico_status_contribuinte(data_inicial_vigencia, status)values('2001-01-01','ATIVADO');insert into contribuinte_historico_status_contribuinte(id_contribuinte, id_historico_status_contribuinte)values(973,currval('historico_status_contribuinte_id_seq'));
insert into contato(ramal)values('');insert into telefone(tipo, ddd, telefone, id_contato)values('RESIDENCIAL', '', '41270295', currval('contato_id_seq'));insert into telefone(tipo, ddd, telefone, id_contato)values('COMERCIAL', '','0', currval('contato_id_seq'));insert into endereco (data_inicial_vigencia, endereco, cep)values('2000-01-01','R ARACI BARBOSA HORTA, 82 CONJ HAB FRAN','9720570');insert into contribuinte(id,  data_cadastro, nome_empresa, id_endereco, id_contato, valor_contribuicao)values(974,'14/08/2013','CINTIA DE OLIVEIRA LIVIO',currval('endereco_id_seq'), currval('contato_id_seq'),0.00);insert into historico_status_contribuinte(data_inicial_vigencia, status)values('2001-01-01','ATIVADO');insert into contribuinte_historico_status_contribuinte(id_contribuinte, id_historico_status_contribuinte)values(974,currval('historico_status_contribuinte_id_seq'));
insert into contato(ramal)values('');insert into telefone(tipo, ddd, telefone, id_contato)values('RESIDENCIAL', '11', '50617574', currval('contato_id_seq'));insert into telefone(tipo, ddd, telefone, id_contato)values('COMERCIAL', '','0', currval('contato_id_seq'));insert into endereco (data_inicial_vigencia, endereco, cep)values('2000-01-01','R VIGARIO ALBERNAZ 523 APTO 152 VL GUMER','4134021');insert into contribuinte(id,  data_cadastro, nome_empresa, id_endereco, id_contato, valor_contribuicao)values(975,'16/08/2013','NOEMIA COMAR ALVES',currval('endereco_id_seq'), currval('contato_id_seq'),0.00);insert into historico_status_contribuinte(data_inicial_vigencia, status)values('2001-01-01','ATIVADO');insert into contribuinte_historico_status_contribuinte(id_contribuinte, id_historico_status_contribuinte)values(975,currval('historico_status_contribuinte_id_seq'));
insert into contato(ramal)values('');insert into telefone(tipo, ddd, telefone, id_contato)values('RESIDENCIAL', '11', '50519430', currval('contato_id_seq'));insert into telefone(tipo, ddd, telefone, id_contato)values('COMERCIAL', '','0', currval('contato_id_seq'));insert into endereco (data_inicial_vigencia, endereco, cep)values('2000-01-01','AV JACUTINGA 386 4 ANDAR APTO 41 INDIAN','4515030');insert into contribuinte(id,  data_cadastro, nome_empresa, id_endereco, id_contato, valor_contribuicao)values(976,'11/09/2013','JULIANA FINI DE SENA MANSO',currval('endereco_id_seq'), currval('contato_id_seq'),0.00);insert into historico_status_contribuinte(data_inicial_vigencia, status)values('2001-01-01','ATIVADO');insert into contribuinte_historico_status_contribuinte(id_contribuinte, id_historico_status_contribuinte)values(976,currval('historico_status_contribuinte_id_seq'));
insert into contato(ramal)values('');insert into telefone(tipo, ddd, telefone, id_contato)values('RESIDENCIAL', '11', '39727193', currval('contato_id_seq'));insert into telefone(tipo, ddd, telefone, id_contato)values('COMERCIAL', '','0', currval('contato_id_seq'));insert into endereco (data_inicial_vigencia, endereco, cep)values('2000-01-01','R DOURADA 619 VILA BRASILANDIA','2820090');insert into contribuinte(id,  data_cadastro, nome_empresa, id_endereco, id_contato, valor_contribuicao)values(977,'11/09/2013','CÉLIA REGINA DURVAL',currval('endereco_id_seq'), currval('contato_id_seq'),0.00);insert into historico_status_contribuinte(data_inicial_vigencia, status)values('2001-01-01','ATIVADO');insert into contribuinte_historico_status_contribuinte(id_contribuinte, id_historico_status_contribuinte)values(977,currval('historico_status_contribuinte_id_seq'));
insert into contato(ramal)values('');insert into telefone(tipo, ddd, telefone, id_contato)values('RESIDENCIAL', '11', '50822587', currval('contato_id_seq'));insert into telefone(tipo, ddd, telefone, id_contato)values('COMERCIAL', '','0', currval('contato_id_seq'));insert into endereco (data_inicial_vigencia, endereco, cep)values('2000-01-01','RUA ESTELA 22 APTO 701 VL MARIANA','4011000');insert into contribuinte(id,  data_cadastro, nome_empresa, id_endereco, id_contato, valor_contribuicao)values(978,'11/09/2013','PAULA SAMPEL BORGES MORAES',currval('endereco_id_seq'), currval('contato_id_seq'),0.00);insert into historico_status_contribuinte(data_inicial_vigencia, status)values('2001-01-01','ATIVADO');insert into contribuinte_historico_status_contribuinte(id_contribuinte, id_historico_status_contribuinte)values(978,currval('historico_status_contribuinte_id_seq'));
insert into contato(ramal)values('');insert into telefone(tipo, ddd, telefone, id_contato)values('RESIDENCIAL', '14', '33063139', currval('contato_id_seq'));insert into telefone(tipo, ddd, telefone, id_contato)values('COMERCIAL', '','0', currval('contato_id_seq'));insert into endereco (data_inicial_vigencia, endereco, cep)values('2000-01-01','AV DR HERCULES GALLETTI 382 BL14AP 302','17527350');insert into contribuinte(id,  data_cadastro, nome_empresa, id_endereco, id_contato, valor_contribuicao)values(979,'26/11/2013','LUIZ FERNANDO CAMARGO LOPES',currval('endereco_id_seq'), currval('contato_id_seq'),0.00);insert into historico_status_contribuinte(data_inicial_vigencia, status)values('2001-01-01','ATIVADO');insert into contribuinte_historico_status_contribuinte(id_contribuinte, id_historico_status_contribuinte)values(979,currval('historico_status_contribuinte_id_seq'));
insert into contato(ramal)values('');insert into telefone(tipo, ddd, telefone, id_contato)values('RESIDENCIAL', '11', '37297196', currval('contato_id_seq'));insert into telefone(tipo, ddd, telefone, id_contato)values('COMERCIAL', '','0', currval('contato_id_seq'));insert into endereco (data_inicial_vigencia, endereco, cep)values('2000-01-01','AV ALVARO RAMOS 375 AP 82 BL B BELENZINH','3058060');insert into contribuinte(id,  data_cadastro, nome_empresa, id_endereco, id_contato, valor_contribuicao)values(980,'26/11/2013','FLAVIO PEREIRA DA SILVA',currval('endereco_id_seq'), currval('contato_id_seq'),0.00);insert into historico_status_contribuinte(data_inicial_vigencia, status)values('2001-01-01','ATIVADO');insert into contribuinte_historico_status_contribuinte(id_contribuinte, id_historico_status_contribuinte)values(980,currval('historico_status_contribuinte_id_seq'));
insert into contato(ramal)values('');insert into telefone(tipo, ddd, telefone, id_contato)values('RESIDENCIAL', '35', '91080430', currval('contato_id_seq'));insert into telefone(tipo, ddd, telefone, id_contato)values('COMERCIAL', '','0', currval('contato_id_seq'));insert into endereco (data_inicial_vigencia, endereco, cep)values('2000-01-01','RUA FRANCISCO FAGUNDES 171 CENTRO','37564000');insert into contribuinte(id,  data_cadastro, nome_empresa, id_endereco, id_contato, valor_contribuicao)values(981,'05/05/2014','OSCAR MOREIRA DE LIMA',currval('endereco_id_seq'), currval('contato_id_seq'),0.00);insert into historico_status_contribuinte(data_inicial_vigencia, status)values('2001-01-01','ATIVADO');insert into contribuinte_historico_status_contribuinte(id_contribuinte, id_historico_status_contribuinte)values(981,currval('historico_status_contribuinte_id_seq'));
insert into contato(ramal)values('');insert into telefone(tipo, ddd, telefone, id_contato)values('RESIDENCIAL', '11', '40716506', currval('contato_id_seq'));insert into telefone(tipo, ddd, telefone, id_contato)values('COMERCIAL', '','0', currval('contato_id_seq'));insert into endereco (data_inicial_vigencia, endereco, cep)values('2000-01-01','TRAV JARDEL FILHO (NV CONQUISTA)N 50 CS','9950675');insert into contribuinte(id,  data_cadastro, nome_empresa, id_endereco, id_contato, valor_contribuicao)values(982,'11/08/2014','PRISCILA DOS SANTOS CARLI',currval('endereco_id_seq'), currval('contato_id_seq'),0.00);insert into historico_status_contribuinte(data_inicial_vigencia, status)values('2001-01-01','ATIVADO');insert into contribuinte_historico_status_contribuinte(id_contribuinte, id_historico_status_contribuinte)values(982,currval('historico_status_contribuinte_id_seq'));
insert into contato(ramal)values('');insert into telefone(tipo, ddd, telefone, id_contato)values('RESIDENCIAL', '11', '74122655', currval('contato_id_seq'));insert into telefone(tipo, ddd, telefone, id_contato)values('COMERCIAL', '','0', currval('contato_id_seq'));insert into endereco (data_inicial_vigencia, endereco, cep)values('2000-01-01','RUA BOLIVIA,N.28 JD CASTELANO','8940000');insert into contribuinte(id,  data_cadastro, nome_empresa, id_endereco, id_contato, valor_contribuicao)values(983,'29/10/2014','JEANE DE CARVALHO SOUSA',currval('endereco_id_seq'), currval('contato_id_seq'),0.00);insert into historico_status_contribuinte(data_inicial_vigencia, status)values('2001-01-01','ATIVADO');insert into contribuinte_historico_status_contribuinte(id_contribuinte, id_historico_status_contribuinte)values(983,currval('historico_status_contribuinte_id_seq'));
insert into contato(ramal)values('');insert into telefone(tipo, ddd, telefone, id_contato)values('RESIDENCIAL', '11', '46795902', currval('contato_id_seq'));insert into telefone(tipo, ddd, telefone, id_contato)values('COMERCIAL', '','0', currval('contato_id_seq'));insert into endereco (data_inicial_vigencia, endereco, cep)values('2000-01-01','RUA JULIO MACEDO 188','3576190');insert into contribuinte(id,  data_cadastro, nome_empresa, id_endereco, id_contato, valor_contribuicao)values(984,'11/11/2014','RENATA NORONHA ANDRE',currval('endereco_id_seq'), currval('contato_id_seq'),0.00);insert into historico_status_contribuinte(data_inicial_vigencia, status)values('2001-01-01','ATIVADO');insert into contribuinte_historico_status_contribuinte(id_contribuinte, id_historico_status_contribuinte)values(984,currval('historico_status_contribuinte_id_seq'));
insert into contato(ramal)values('');insert into telefone(tipo, ddd, telefone, id_contato)values('RESIDENCIAL', '11', '37249517', currval('contato_id_seq'));insert into telefone(tipo, ddd, telefone, id_contato)values('COMERCIAL', '','0', currval('contato_id_seq'));insert into endereco (data_inicial_vigencia, endereco, cep)values('2000-01-01','AV ELISEU DE ALMEIDA, 1415 BUTANTA','5533000');insert into contribuinte(id,  data_cadastro, nome_empresa, id_endereco, id_contato, valor_contribuicao)values(985,'28/01/2015','EXTO ENGENHARIA E CONSTRUCOES LTDA',currval('endereco_id_seq'), currval('contato_id_seq'),1000.00);insert into historico_status_contribuinte(data_inicial_vigencia, status)values('2001-01-01','ATIVADO');insert into contribuinte_historico_status_contribuinte(id_contribuinte, id_historico_status_contribuinte)values(985,currval('historico_status_contribuinte_id_seq'));
insert into contato(ramal)values('');insert into telefone(tipo, ddd, telefone, id_contato)values('RESIDENCIAL', '11', '69918131', currval('contato_id_seq'));insert into telefone(tipo, ddd, telefone, id_contato)values('COMERCIAL', '','0', currval('contato_id_seq'));insert into endereco (data_inicial_vigencia, endereco, cep)values('2000-01-01','RUA DO EXPEDICIONARIO N 12 RES SOL NASC','5283120');insert into contribuinte(id,  data_cadastro, nome_empresa, id_endereco, id_contato, valor_contribuicao)values(986,'07/05/2015','PAULO SERGIO ALVES DA CUNHA',currval('endereco_id_seq'), currval('contato_id_seq'),0.00);insert into historico_status_contribuinte(data_inicial_vigencia, status)values('2001-01-01','ATIVADO');insert into contribuinte_historico_status_contribuinte(id_contribuinte, id_historico_status_contribuinte)values(986,currval('historico_status_contribuinte_id_seq'));
