insert into perfil(descricao)values('Administrador');
insert into perfil(descricao)values('Operador');
insert into perfil_permissoes(id_perfil, permissao)values(1, 'USUARIO_TELA_EDICAO_VISUALIZAR');
insert into perfil_permissoes(id_perfil, permissao)values(2, 'USUARIO_TELA_EDICAO_VISUALIZAR');
insert into perfil_permissoes(id_perfil, permissao)values(1, 'USUARIO_EDICAO');
insert into perfil_permissoes(id_perfil, permissao)values(1, 'INSTITUICAO_TELA_EDICAO_VISUALIZAR');
insert into perfil_permissoes(id_perfil, permissao)values(1, 'INSTITUICAO_EDICAO');
insert into perfil_permissoes(id_perfil, permissao)values(1, 'PRE_CADASTRO_TELA_EDICAO_VISUALIZAR');
insert into perfil_permissoes(id_perfil, permissao)values(1, 'PRE_CADASTRO_EDICAO');
insert into perfil_permissoes(id_perfil, permissao)values(1, 'CONTA_ACESSO_TELA_EDICAO_VISUALIZAR');
insert into perfil_permissoes(id_perfil, permissao)values(1, 'CONTA_ACESSO_EDICAO');
insert into perfil_permissoes(id_perfil, permissao)values(1, 'PERFIL_TELA_EDICAO_VISUALIZAR');
insert into perfil_permissoes(id_perfil, permissao)values(1, 'PERFIL_EDICAO');
insert into perfil_permissoes(id_perfil, permissao)values(1, 'GRUPO_TELA_EDICAO_VISUALIZAR');
insert into perfil_permissoes(id_perfil, permissao)values(1, 'GRUPO_EDICAO');
insert into perfil_permissoes(id_perfil, permissao)values(1, 'AGENDA_TELA_EDICAO_VISUALIZAR');
insert into perfil_permissoes(id_perfil, permissao)values(1, 'AGENDA_EDICAO');
insert into perfil_permissoes(id_perfil, permissao)values(1, 'ESPERA_TELA_EDICAO_VISUALIZAR');
insert into perfil_permissoes(id_perfil, permissao)values(1, 'ESPERA_EDICAO');
insert into perfil_permissoes(id_perfil, permissao)values(1, 'DEMANDA_EDICAO');
insert into perfil_permissoes(id_perfil, permissao)values(1, 'DEMANDA_VISUALIZACAO_DOCUMENTO');
insert into perfil_permissoes(id_perfil, permissao)values(1, 'DEMANDA_PRORROGAR');
insert into perfil_permissoes(id_perfil, permissao)values(1, 'DEMANDA_CAPTAR');
insert into perfil_permissoes(id_perfil, permissao)values(1, 'PROJETO_EDICAO');
insert into perfil_permissoes(id_perfil, permissao)values(1, 'CONTRIBUINTE_EDICAO');
insert into perfil_permissoes(id_perfil, permissao)values(1, 'SOLICITACAO_RELATORIO_EDICAO');
insert into perfil_permissoes(id_perfil, permissao)values(1, 'SOLICITACAO_RELATORIO_TELA_EDICAO_VISUALIZAR');
insert into perfil_permissoes(id_perfil, permissao)values(1, 'ATENDIMENTO_INDIVIDUAL_TELA_EDICAO_VISUALIZAR');
insert into perfil_permissoes(id_perfil, permissao)values(1, 'ATENDIMENTO_INDIVIDUAL_TELA_GEREN_VISUALIZAR');
insert into perfil_permissoes(id_perfil, permissao)values(1, 'ATENDIMENTO_INDIVIDUAL_EDICAO');
insert into perfil_permissoes(id_perfil, permissao)values(1, 'DESBLOQUEIO_TELA');
insert into perfil_permissoes(id_perfil, permissao)values(1, 'RELATORIO_ATENDIMENTO_USUARIO_NO_GRUPO_SIMPLES');
insert into perfil_permissoes(id_perfil, permissao)values(1, 'RELATORIO_ATENDIMENTO_USUARIO_NO_GRUPO_DETALHADO');
insert into perfil_permissoes(id_perfil, permissao)values(1, 'RELATORIO_TODOS_ATENDIMENTOS_DO_USUARIO_ORDENADO_POR_GRUPO');
insert into perfil_permissoes(id_perfil, permissao)values(1, 'RELATORIO_TODOS_ATENDIMENTOS_DO_USUARIO_ORDENADO_POR_DATA_LANCAMENTO');
insert into perfil_permissoes(id_perfil, permissao)values(1, 'RELATORIO_TODOS_ATENDIMENTOS_DO_USUARIO_ORDENADO_POR_DATA_LANCAMENTO_LEGADO');
insert into perfil_permissoes(id_perfil, permissao)values(1, 'RELATORIO_QUANTIDADE_USUARIO_POR_IDADE');
insert into perfil_permissoes(id_perfil, permissao)values(1, 'RELATORIO_QUANTIDADE_ATENDIMENTOS_INDIVIDUAIS');
insert into perfil_permissoes(id_perfil, permissao)values(1, 'RELATORIO_RECIBO');
insert into perfil_permissoes(id_perfil, permissao)values(1, 'USUARIO_TELA_EDICAO_VISUALIZAR_PESSOAIS');
insert into perfil_permissoes(id_perfil, permissao)values(1, 'USUARIO_TELA_EDICAO_VISUALIZAR_EDUCACIONAL');
insert into perfil_permissoes(id_perfil, permissao)values(1, 'USUARIO_TELA_EDICAO_VISUALIZAR_FAMILIAR');
insert into perfil_permissoes(id_perfil, permissao)values(1, 'USUARIO_TELA_EDICAO_VISUALIZAR_OUTRAS');
insert into perfil_permissoes(id_perfil, permissao)values(1, 'USUARIO_TELA_EDICAO_VISUALIZAR_PRONTUARIO_ANTIGO');
insert into perfil_permissoes(id_perfil, permissao)values(1, 'USUARIO_TELA_EDICAO_VISUALIZAR_DEFICIENCIA');
insert into perfil_permissoes(id_perfil, permissao)values(1, 'USUARIO_TELA_EDICAO_VISUALIZAR_OBSERVACOES');
insert into perfil_permissoes(id_perfil, permissao)values(1, 'USUARIO_TELA_EDICAO_VISUALIZAR_CERTIDAO');
insert into perfil_permissoes(id_perfil, permissao)values(1, 'USUARIO_TELA_EDICAO_VISUALIZAR_TRABALHO');
insert into perfil_permissoes(id_perfil, permissao)values(1, 'USUARIO_TELA_EDICAO_VISUALIZAR_DESCRICAO');
insert into perfil_permissoes(id_perfil, permissao)values(1, 'FINALIZAR_SERVICO');
insert into perfil_permissoes(id_perfil, permissao)values(1, 'ATIVACAO_DESATIVACAO_AVISO_ATUALIZACAO');
insert into perfil_permissoes(id_perfil, permissao)values(1, 'DEMANDA_EDICAO_VISUALIZAR');
insert into perfil_permissoes(id_perfil, permissao)values(1, 'DEMANDA_EDICAO');
insert into perfil_permissoes(id_perfil, permissao)values(1, 'PROJETO_EDICAO');
insert into perfil_permissoes(id_perfil, permissao)values(1, 'PROJETO_EDICAO_VISUALIZAR');
insert into perfil_permissoes(id_perfil, permissao)values(1, 'RECIBO_EDICAO');
insert into perfil_permissoes(id_perfil, permissao)values(1, 'RECIBO_TELA_GEREN_VISUALIZAR');
insert into perfil_permissoes(id_perfil, permissao)values(1, 'CONTRIBUINTE_TELA_GEREN_VISUALIZAR');

insert into profissional(nome, profissional, especialidade)values('Fulano Costa', true, 'OFTALMOLOGIA');
insert into profissional(nome, profissional)values('Cicrano Moreira', true);
insert into profissional(id, nome, profissional)values(6, 'ANDERSON ALMEIDA BATISTA', true);
insert into profissional(id, nome, profissional)values(13, 'VERA APARECIDA SALGUEIRO PEREIRA', true);
insert into profissional(id, nome, profissional)values(29, 'ERICA CRISTINA TAKAHASHI SILVA', true);

insert into conta_acesso(id_perfil, login, senha, bloqueado, extensao_relatorios, filtro_grupo, id_profissional)values(1, 'a', '0cc175b9c0f1b6a831c399e269772661', 'false', 'pdf', 'false', 1);
insert into conta_acesso(id_perfil, login, senha, bloqueado, extensao_relatorios, filtro_grupo)values(1, 'b', '92eb5ffee6ae2fec3ad71c777531578f', 'false', 'pdf', 'false');
insert into conta_acesso(id_perfil, login, senha, bloqueado, extensao_relatorios, filtro_grupo)values(1, 'root', '92eb5ffee6ae2fec3ad71c777531578f', 'false', 'pdf', 'false');
insert into conta_acesso(id_perfil, login, senha, bloqueado, extensao_relatorios, filtro_grupo)values(2, 'c', '4a8a08f09d37b73795649038408b5f33', 'false', 'xls', 'false');

insert into pais (id, nome)values(1, 'Brasil');
insert into pais (id, nome)values(2, 'Venezuela');
insert into municipio(id, nome, uf)values(1, 'São Paulo', 'SP');
insert into municipio(id, nome, uf)values(2, 'Rio de Janeiro','RJ');
insert into municipio(id, nome, uf)values(3, 'Guarulhos', 'SP');
insert into municipio(id, nome, uf)values(4, 'Niterói', 'RJ');

insert into setor(id, descricao)values('PROCEJA', 'PROCEJA');
insert into setor(id, descricao)values('CTO', 'CTO');
insert into setor(id, descricao)values('NENHUM', 'NENHUM');

insert into estado_civil(id, descricao)values(1, 'Casado');
insert into estado_civil(id, descricao)values(2, 'Solteiro');

insert into situacao_guarda(id, descricao)values(1, 'Adoção');
insert into situacao_guarda(id, descricao)values(2, 'Tutela');

insert into beneficio(id, descricao)values(1, 'Aposentadoria por Invalidez');
insert into beneficio(id, descricao)values(2, 'Aposentadoria por Tempo de Serviço');

insert into deficiencia(id, descricao)values(1, 'Auditiva');
insert into deficiencia(id, descricao)values(2, 'Fisica');

insert into comprometimento(id, descricao)values(1, 'Auditiva');
insert into comprometimento(id, descricao)values(2, 'Fisica');

insert into convenio(id, descricao)values(1, 'Ministerio da Educação');
insert into convenio(id, descricao)values(2, 'Prefeitura de São Paulo');

insert into endereco(data_inicial_vigencia, uf, id_municipio, bairro, endereco, numero, zona, id_pais)
values('2010-05-01', 'SP', 1, 'Santa Cecilia', 'Rua Brigadeiro GAlvão', '233', 'OESTE', 1);
insert into endereco(data_inicial_vigencia, uf, id_municipio, bairro, endereco, numero, zona, id_pais)
values('2010-05-01', 'RJ', 2, 'Barra Funda', 'Rua das Andradas', '348', 'LESTE', 1);
insert into endereco(data_inicial_vigencia, uf, id_municipio, cep, bairro, endereco, numero, complemento, zona, id_pais)
values('2010-05-01', 'SP', 1, '01212222', 'ABC', 'Rua do ABC', '233', 'AP99', 'OESTE', 1);
insert into endereco(data_inicial_vigencia, uf, id_municipio, cep, bairro, endereco, numero, complemento, zona, id_pais)
values('2010-05-01', 'SP', 1, '99922222', 'Santa Cecilia', 'Rua do Paraiso', '333', 'AP22', 'LESTE', 1);

insert into serie (id, descricao) values (1, '1º Ano');
insert into serie (id, descricao) values (2, '2º Ano');
insert into serie (id, descricao) values (3, '2º Série');
insert into escolaridade(id, descricao) values (1, 'Superior');
insert into escolaridade(id, descricao) values (2, 'Fundamental');
insert into escolaridade_serie(id_escolaridade, id_serie) values (1, 1);
insert into escolaridade_serie(id_escolaridade, id_serie) values (1, 2);
insert into escolaridade_serie(id_escolaridade, id_serie) values (2, 3);

insert into contato(id, ramal, nome_contato, email)values(10000, '2323', 'Josefino de Moraes', 'aaaaaaaa@aaaa.com.br');
insert into contato(id, ramal, nome_contato, email)values(20000, '2321', 'Andres de Jesus', 'jpcontab@terra.com.br');
insert into contato(id, ramal, nome_contato, email)values(30000, '4444', 'Terezinha de Jesus AZ', 'aaaaaaaaaa@terra.com.br');
insert into contato(id, ramal, nome_contato, email)values(40000, '5555', 'Mercedes de Jesus BC', 'wwwwwwwwwww@terra.com.br');
insert into contato(id, ramal, nome_contato, email)values(50000, '5555', 'Josep Martins', 'aaaaaaa@terra.com.br');
insert into contato(id, ramal, nome_contato, email)values(60000, '5555', 'Marcolina Almeira', 'bbbbbb@terra.com.br');
insert into contato(id, ramal, nome_contato, email)values(70000, '5555', 'Alphir Loyola', 'bbbbbb@terra.com.br');

insert into telefone(id_contato, tipo, ddd, telefone)values(10000, 'RESIDENCIAL', '11', '22223333');
insert into telefone(id_contato, tipo, ddd, telefone)values(10000, 'CELULAR', '11', '99999999');
insert into telefone(id_contato, tipo, ddd, telefone)values(20000, 'RESIDENCIAL', '11', '23412342');
insert into telefone(id_contato, tipo, ddd, telefone)values(30000, 'RESIDENCIAL', '55', '87654321');
insert into telefone(id_contato, tipo, ddd, telefone)values(40000, 'RESIDENCIAL', '11', '99999999');
insert into telefone(id_contato, tipo, ddd, telefone)values(50000, 'RESIDENCIAL', '21', '22341235');
insert into telefone(id_contato, tipo, ddd, telefone)values(60000, 'RESIDENCIAL', '11', '22341234');
insert into telefone(id_contato, tipo, ddd, telefone)values(70000, 'RESIDENCIAL', '11', '22223333');

insert into dre_cefai(id, nome)values(11111, 'CEFAI – Butantã');
insert into dre_cefai(id, nome)values(22222, 'CEFAI – Campo Limpo');
insert into dre_cefai(id, nome)values(44444, 'CEFAI – Ipiranga');
insert into dre_cefai(id, nome)values(55556, 'CEFAI – Itaquera');

insert into diretoria_ensino(id, nome)values(11111, 'Diretoria de Ensino Centro');
insert into diretoria_ensino(id, nome)values(22222, 'Diretoria de Ensino Oeste');

insert into instituicao(id, id_endereco, id_contato, tipo, nome, nome_coordenador_responsavel, classificacao, obs, tipo_apoio, id_dre_cefai)
values(87487, 3, 30000, 'FATEC', 'Escola São Paulino', 'Manue Importâncio da Silva', 'FEDERAL', 'Grande texto de observação que será exibido para todos os interessados.', 'SALA_DE_RECURSO_DO_ESTADO', 11111);
insert into instituicao(id, id_endereco, id_contato, tipo, nome, nome_coordenador_responsavel, classificacao, obs, tipo_apoio, id_diretoria_ensino)
values(87488, 4, 40000, 'EE', 'Escola Estadual Joao Bezerra', 'Jose Paulo Ferreira dos Santos', 'ESTADUAL', 'Grande segundo texto de observação que será exibido para todos os interessados.', 'SRMs', 11111);

insert into instituicao_escolaridade(id_instituicao, id_escolaridade)values(87487, 1);
insert into instituicao_escolaridade(id_instituicao, id_escolaridade)values(87488, 2);
insert into instituicao_escolaridade(id_instituicao, id_escolaridade)values(87488, 2);

insert into instituicao_tipo_especialidade(id_instituicao, tipo_especialidade)values(87487, 'DV');

insert into informacao_educacional(id, data_inicial_vigencia, id_instituicao, id_escolaridade, id_serie, situacao, periodo, data_referencia, nome_professor, excluido)values(43333, '0001-01-01', 87487, 1, 1, 'CURSANDO', 'MANHA', '01-01-2011', 'Josep Meaza', false);
insert into informacao_educacional(id, data_inicial_vigencia, id_instituicao, id_escolaridade, id_serie, situacao, periodo, data_referencia, nome_professor, excluido)values(42222, '0001-01-01', 87487, 1, 2, 'COMPLETO', 'NOITE', '01-01-2011', 'OPA', false);
insert into informacao_educacional(id, data_inicial_vigencia, id_instituicao, id_escolaridade, id_serie, situacao, periodo, data_referencia, excluido)values(52222, '0001-01-01', 87488, 2, 3, 'CURSANDO', 'NOITE', '01-01-2011', false);

insert into informacao_essencial(id, nome, id_contato, data_nascimento, cpf)values(55555, 'Jose Augusto Siqueira', 10000, '2010-07-27', '85317737508');
insert into informacao_essencial(id, nome, id_contato, data_nascimento, cpf)values(66666, 'Marcos Augusto Jose', 20000, '2010-07-27', '51539346595');
insert into informacao_essencial(id, nome, id_contato, data_nascimento, cpf)values(77777, 'Paulo Augusto Bandeira', 50000, '2010-07-27', '71894810287');
insert into informacao_essencial(id, nome, id_contato, data_nascimento, cpf)values(88888, 'Carlos Eduardo Bandeira', 60000, '2010-07-27', '84103650303');
insert into informacao_essencial(id, nome, id_contato, data_nascimento, cpf)values(99999, 'José Paulo', 70000, '2010-07-27', '84696405346');

insert into historico_rg(data_inicial_vigencia, rg)values('0001-01-01', '384744');
insert into historico_rg(data_inicial_vigencia, rg)values('0001-01-01', '3847SS');
insert into historico_rg(data_inicial_vigencia, rg)values('0001-01-01', '1284744');
insert into historico_rg(data_inicial_vigencia, rg)values('0001-01-01', '343244');
insert into historico_rg(data_inicial_vigencia, rg)values('0001-01-01', '3423423A');

insert into informacao_essencial_historico_rg(id_informacao_essencial, id_historico_rg)values(55555, 1);
insert into informacao_essencial_historico_rg(id_informacao_essencial, id_historico_rg)values(66666, 2);
insert into informacao_essencial_historico_rg(id_informacao_essencial, id_historico_rg)values(77777, 3);
insert into informacao_essencial_historico_rg(id_informacao_essencial, id_historico_rg)values(88888, 4);
insert into informacao_essencial_historico_rg(id_informacao_essencial, id_historico_rg)values(99999, 5);

insert into parentesco(id, descricao)values(1, 'Pai');
insert into parentesco(id, descricao)values(2, 'Mãe');

insert into informacao_trabalho(id, empresa, funcao)values(22222, 'CTIS', 'Analista de Sistemas');

insert into familiar(id, id_parentesco, id_informacao_essencial, cpf, data_nascimento, id_estado_civil, id_informacao_trabalho, nao_alfabetizado, renda, principal_responsavel)
values(11111, 1, 99999, '11111111111', '1950-01-01', 1, 22222, true, '4', true);

insert into familiar_informacao_educacional(id_familiar, id_informacao_educacional)values(11111, 52222);

insert into historico_setor(data_inicial_vigencia, id_setor)values('0001-01-01', 'CTO');
insert into historico_setor(data_inicial_vigencia, id_setor)values('0001-01-01', 'PROCEJA');

insert into historico_classificacao_social(data_inicial_vigencia, classificacao_social)values('0001-01-01', 'W4');
insert into historico_classificacao_social(data_inicial_vigencia, classificacao_social)values('0001-01-01', 'I');

insert into historico_status(data_inicial_vigencia, status)values('0001-01-01', 'INTEGRADO');
insert into historico_status(data_inicial_vigencia, status)values('0001-01-01', 'INTEGRADO');

insert into usuario(id, versao, data_cadastro, id_informacao_essencial, genero, naturalidade, rg_uf, rg_data_expedicao, rg_orgao_emissor, id_estado_civil, nacionalidade, nao_alfabetizado, nao_esta_na_escola, tipo_leitura)
values(12222, 1, '1999-12-31', 55555, 'MASCULINO', 'Belém', 'PA', '1998-12-31', 'SEGUP', 1, 'Russo', true, true, 'AMPLIADO');
insert into usuario(id, versao, data_cadastro, id_informacao_essencial, genero, naturalidade, rg_uf, rg_data_expedicao, rg_orgao_emissor, id_estado_civil, nacionalidade, nao_alfabetizado, nao_esta_na_escola, tipo_leitura)
values(13333, 1, '1989-12-31', 66666, 'MASCULINO', 'Belém', 'PA', '1998-12-31', 'SEGUP', 2, 'Brasileiro', true, false, 'AMPLIADO');

insert into usuario_historico_status(id_usuario, id_historico_status)values(12222, 1);
insert into usuario_historico_status(id_usuario, id_historico_status)values(13333, 2);

insert into usuario_historico_setor(id_usuario, id_historico_setor)values(12222, 1);
insert into usuario_historico_setor(id_usuario, id_historico_setor)values(13333, 2);

insert into usuario_historico_classificacao_social(id_usuario, id_historico_classificacao_social)values(12222, 1);
insert into usuario_historico_classificacao_social(id_usuario, id_historico_classificacao_social)values(13333, 2);

insert into usuario_situacao_guarda(id_usuario, id_situacao_guarda)values(12222, 1);
insert into usuario_situacao_guarda(id_usuario, id_situacao_guarda)values(13333, 2);

insert into periodo_beneficio(id_beneficio, data_inicial_vigencia, data_final_vigencia, status)values(1, '2011-01-01', '2011-12-30', 'SIM');

insert into usuario_periodo_beneficio(id_usuario, id_periodo_beneficio)values(12222, 1);

insert into usuario_convenio(id_usuario, id_convenio)values(12222, 2);

insert into usuario_familiar(id_usuario, id_familiar)values(12222, 11111);

insert into informacao_essencial_endereco(id_informacao_essencial, id_endereco)values(55555, 1);
insert into informacao_essencial_endereco(id_informacao_essencial, id_endereco)values(66666, 2);
insert into informacao_essencial_endereco(id_informacao_essencial, id_endereco)values(77777, 3);
insert into informacao_essencial_endereco(id_informacao_essencial, id_endereco)values(88888, 4);

insert into usuario_informacao_educacional(id_usuario, id_informacao_educacional)values(12222, 43333);
insert into usuario_informacao_educacional(id_usuario, id_informacao_educacional)values(13333, 42222);

insert into tipo_atendimento(id, nome)values(1, 'Atendimento Especializado');
insert into tipo_atendimento(id, nome)values(11111, 'Atendimento Educacional Especializado');
insert into tipo_atendimento(id, nome)values(22222, 'Capacitação Profissional');
insert into tipo_atendimento(id, nome)values(7, 'Atenção Especializada em Oftalmologia e Ortóptica');
insert into tipo_atendimento(id, nome)values(2, 'Avaliação e Triagem');
insert into tipo_atendimento(id, nome)values(6, 'Atenção Psicossocial');

insert into descricao_tipo_atendimento(id, id_tipo_atendimento, nome, sigla, descricao, inativo)values(1, 1, 'Atendimento Especializado Global', 'AEE', '', false);
insert into descricao_tipo_atendimento(id, id_tipo_atendimento, nome, sigla, descricao, inativo)values(59, 1, 'AE Transtorno Global do Desenvolvimento', 'TGD', '', false);
insert into descricao_tipo_atendimento(id, id_tipo_atendimento, nome, sigla, descricao, inativo)values(40, 7, 'Avaliação de Serviço de Atenção Especializada em Oftalmologia', 'AVV', '', false);
insert into descricao_tipo_atendimento(id, id_tipo_atendimento, nome, sigla, descricao, inativo)values(19999, 11111, 'Artes - Teatro', 'ARTT', '', false);
insert into descricao_tipo_atendimento(id, id_tipo_atendimento, nome, sigla, descricao, inativo)values(29999, 11111, 'Atendimento Educacional Especializado', 'AEE', '', false);
insert into descricao_tipo_atendimento(id, id_tipo_atendimento, nome, sigla, descricao, inativo)values(39999, 22222, 'Cidadania, Autonomia e Mundo do Trabalho', 'CAMT', '', false);
insert into descricao_tipo_atendimento(id, id_tipo_atendimento, nome, sigla, descricao, inativo)values(37, 6, 'Servico Social', 'SS', '', false);
insert into descricao_tipo_atendimento(id, id_tipo_atendimento, nome, sigla, descricao, inativo)values(17, 2, 'Avaliação Funcional', 'AVFUN', '', false);
insert into descricao_tipo_atendimento(id, id_tipo_atendimento, nome, sigla, descricao, inativo)values(16, 1, 'Orientacao Socioeducativa', 'OSE', '', false);
insert into descricao_tipo_atendimento(id, id_tipo_atendimento, nome, sigla, descricao, inativo)values(42, 7, 'Avaliação de Serviço de Atenção Especializada em Ortóptica', '', '', false);
insert into descricao_tipo_atendimento(id, id_tipo_atendimento, nome, sigla, descricao, inativo)values(43, 7, 'Acompanhamento de Serviço de Atenção Especializada em Ortóptica', '', '', false);

insert into nome_grupo(id, nome)values(1000, 'ARTT');
insert into nome_grupo(id, nome)values(1002, 'G00');
insert into nome_grupo(id, nome)values(1004, 'G04');
insert into nome_grupo(id, nome)values(1005, 'CAMT');
insert into nome_grupo(id, nome)values(1006, 'AVOFT');
insert into nome_grupo(id, nome)values(1007, 'TGD');
insert into nome_grupo(id, nome)values(1008, 'SS');
insert into nome_grupo(id, nome)values(1009, 'OSE');

insert into modulo(id, nome)values(1, 'Atendimento Específico Especializado');
insert into modulo(id, nome)values(2, 'Informática');
insert into modulo(id, nome)values(3, 'Inglês');
insert into modulo(id, nome)values(129, 'Excesso de Falta');
insert into modulo(id, nome)values(37, 'Avaliação e Triagem');
insert into modulo(id, nome)values(130, 'Triagem Oftalmológica');
insert into modulo(id, nome)values(90, 'Psicossocial para as famílias');
insert into modulo(id, nome)values(127, 'Reunião de Integração');
insert into modulo(id, nome)values(19, 'Palestras');


insert into descricao_tipo_atendimento_modulo(id_descricao_tipo_atendimento, id_modulo)values(37, 127);
insert into descricao_tipo_atendimento_modulo(id_descricao_tipo_atendimento, id_modulo)values(40, 130);
insert into descricao_tipo_atendimento_modulo(id_descricao_tipo_atendimento, id_modulo)values(40, 1);
insert into descricao_tipo_atendimento_modulo(id_descricao_tipo_atendimento, id_modulo)values(37, 37);
insert into descricao_tipo_atendimento_modulo(id_descricao_tipo_atendimento, id_modulo)values(37, 129);
insert into descricao_tipo_atendimento_modulo(id_descricao_tipo_atendimento, id_modulo)values(37, 127);
insert into descricao_tipo_atendimento_modulo(id_descricao_tipo_atendimento, id_modulo)values(19999, 3);
insert into descricao_tipo_atendimento_modulo(id_descricao_tipo_atendimento, id_modulo)values(29999, 3);
insert into descricao_tipo_atendimento_modulo(id_descricao_tipo_atendimento, id_modulo)values(39999, 1);
insert into descricao_tipo_atendimento_modulo(id_descricao_tipo_atendimento, id_modulo)values(39999, 2);
insert into descricao_tipo_atendimento_modulo(id_descricao_tipo_atendimento, id_modulo)values(1, 1);
insert into descricao_tipo_atendimento_modulo(id_descricao_tipo_atendimento, id_modulo)values(1, 90);
insert into descricao_tipo_atendimento_modulo(id_descricao_tipo_atendimento, id_modulo)values(59, 1);
insert into descricao_tipo_atendimento_modulo(id_descricao_tipo_atendimento, id_modulo)values(59, 90);
insert into descricao_tipo_atendimento_modulo(id_descricao_tipo_atendimento, id_modulo)values(17, 1);
insert into descricao_tipo_atendimento_modulo(id_descricao_tipo_atendimento, id_modulo)values(16, 19);
insert into descricao_tipo_atendimento_modulo(id_descricao_tipo_atendimento, id_modulo)values(42, 1);
insert into descricao_tipo_atendimento_modulo(id_descricao_tipo_atendimento, id_modulo)values(43, 1);

insert into descricao_tipo_atendimento_nome_grupo(id_descricao_tipo_atendimento, id_nome_grupo)values(19999, 1000);
insert into descricao_tipo_atendimento_nome_grupo(id_descricao_tipo_atendimento, id_nome_grupo)values(29999, 1002);
insert into descricao_tipo_atendimento_nome_grupo(id_descricao_tipo_atendimento, id_nome_grupo)values(29999, 1004);
insert into descricao_tipo_atendimento_nome_grupo(id_descricao_tipo_atendimento, id_nome_grupo)values(39999, 1005);
insert into descricao_tipo_atendimento_nome_grupo(id_descricao_tipo_atendimento, id_nome_grupo)values(40, 1006);
insert into descricao_tipo_atendimento_nome_grupo(id_descricao_tipo_atendimento, id_nome_grupo)values(1, 1002);
insert into descricao_tipo_atendimento_nome_grupo(id_descricao_tipo_atendimento, id_nome_grupo)values(1, 1004);
insert into descricao_tipo_atendimento_nome_grupo(id_descricao_tipo_atendimento, id_nome_grupo)values(59, 1007);
insert into descricao_tipo_atendimento_nome_grupo(id_descricao_tipo_atendimento, id_nome_grupo)values(37, 1008);
insert into descricao_tipo_atendimento_nome_grupo(id_descricao_tipo_atendimento, id_nome_grupo)values(16, 1009);

insert into tipo_atendimento_descricao_tipo_atendimento(id_tipo_atendimento, id_descricao_tipo_atendimento)values(7, 40);
insert into tipo_atendimento_descricao_tipo_atendimento(id_tipo_atendimento, id_descricao_tipo_atendimento)values(11111, 37);
insert into tipo_atendimento_descricao_tipo_atendimento(id_tipo_atendimento, id_descricao_tipo_atendimento)values(11111, 19999);
insert into tipo_atendimento_descricao_tipo_atendimento(id_tipo_atendimento, id_descricao_tipo_atendimento)values(22222, 39999);
insert into tipo_atendimento_descricao_tipo_atendimento(id_tipo_atendimento, id_descricao_tipo_atendimento)values(1, 1);
insert into tipo_atendimento_descricao_tipo_atendimento(id_tipo_atendimento, id_descricao_tipo_atendimento)values(1, 59);
insert into tipo_atendimento_descricao_tipo_atendimento(id_tipo_atendimento, id_descricao_tipo_atendimento)values(2, 17);
insert into tipo_atendimento_descricao_tipo_atendimento(id_tipo_atendimento, id_descricao_tipo_atendimento)values(6, 37);
insert into tipo_atendimento_descricao_tipo_atendimento(id_tipo_atendimento, id_descricao_tipo_atendimento)values(1, 16);
insert into tipo_atendimento_descricao_tipo_atendimento(id_tipo_atendimento, id_descricao_tipo_atendimento)values(7, 42);
insert into tipo_atendimento_descricao_tipo_atendimento(id_tipo_atendimento, id_descricao_tipo_atendimento)values(7, 43);

insert into descricao_tipo_atendimento_setor(id_descricao_tipo_atendimento, id_setor)values(1, 'CTO');
insert into descricao_tipo_atendimento_setor(id_descricao_tipo_atendimento, id_setor)values(59, 'CTO');
insert into descricao_tipo_atendimento_setor(id_descricao_tipo_atendimento, id_setor)values(37, 'CTO');
insert into descricao_tipo_atendimento_setor(id_descricao_tipo_atendimento, id_setor)values(37, 'PROCEJA');
insert into descricao_tipo_atendimento_setor(id_descricao_tipo_atendimento, id_setor)values(40, 'CTO');
insert into descricao_tipo_atendimento_setor(id_descricao_tipo_atendimento, id_setor)values(40, 'PROCEJA');
insert into descricao_tipo_atendimento_setor(id_descricao_tipo_atendimento, id_setor)values(19999, 'PROCEJA');
insert into descricao_tipo_atendimento_setor(id_descricao_tipo_atendimento, id_setor)values(29999, 'CTO');
insert into descricao_tipo_atendimento_setor(id_descricao_tipo_atendimento, id_setor)values(39999, 'PROCEJA');
insert into descricao_tipo_atendimento_setor(id_descricao_tipo_atendimento, id_setor)values(39999, 'CTO');
insert into descricao_tipo_atendimento_setor(id_descricao_tipo_atendimento, id_setor)values(17, 'CTO');
insert into descricao_tipo_atendimento_setor(id_descricao_tipo_atendimento, id_setor)values(16, 'PROCEJA');
insert into descricao_tipo_atendimento_setor(id_descricao_tipo_atendimento, id_setor)values(42, 'CTO');
insert into descricao_tipo_atendimento_setor(id_descricao_tipo_atendimento, id_setor)values(43, 'CTO');

insert into pre_cadastro(id, data_cadastro, id_informacao_essencial)values(78888, '0001-01-01', 77777);
insert into pre_cadastro(id, data_cadastro, id_informacao_essencial)values(88888, '0001-01-01', 88888);

insert into local_atendimento(id, nome)values(1, 'Sala 1');
insert into local_atendimento(id, nome)values(2, 'Sala 2');

insert into grupo(id, ativo, id_setor, id_descricao_tipo_atendimento, data_inicio, data_termino, id_nome_grupo, turma, descricao, id_instituicao)values(12222, 'true', 'CTO', 1, '2010-12-01', '2011-12-14', 1002, '01', 'Descrição do grupo', 87487);
insert into grupo(id, ativo, id_setor, id_descricao_tipo_atendimento, data_inicio, data_termino, id_nome_grupo, turma, descricao, id_instituicao)values(15555, 'true', 'CTO', 37, '2017-12-29', '2017-12-31', 1008, '01', 'Descrição do grupo', 87487);

insert into modulo_periodo(id, id_modulo, id_local_atendimento, vagas, carga_horaria, carga_horaria_minima)values(12222, 1, 1, 1222, '255:00:00.000', '155:00:00.000');
insert into modulo_periodo(id, id_modulo, id_local_atendimento, vagas, carga_horaria, carga_horaria_minima)values(13333, 90, 2, 1222, '255:00:00.000', '155:00:00.000');
insert into modulo_periodo(id, id_modulo, id_local_atendimento, vagas, carga_horaria, carga_horaria_minima)values(15555, 127, 2, 1222, '255:00:00.000', '155:00:00.000');

insert into dia_semana_e_horario(id, dia_semana, hora_inicio, hora_termino)values(12222, 'SEGUNDA', '10:00', '11:00');
insert into dia_semana_e_horario(id, dia_semana, hora_inicio, hora_termino)values(13333, 'SEGUNDA', '09:00', '10:00');
insert into dia_semana_e_horario(id, dia_semana, hora_inicio, hora_termino)values(15555, 'SEGUNDA', '09:00', '10:00');

insert into modulo_periodo_dia_semana_e_horario(id_modulo_periodo, id_dia_semana_e_horario)values(12222, 12222);
insert into modulo_periodo_dia_semana_e_horario(id_modulo_periodo, id_dia_semana_e_horario)values(13333, 13333);
insert into modulo_periodo_dia_semana_e_horario(id_modulo_periodo, id_dia_semana_e_horario)values(15555, 15555);

insert into grupo_modulo_periodo(id_grupo, id_modulo_periodo)values(12222, 12222);
insert into grupo_modulo_periodo(id_grupo, id_modulo_periodo)values(12222, 13333);
insert into grupo_modulo_periodo(id_grupo, id_modulo_periodo)values(15555, 15555);

insert into profissional_vinculo(id, id_profissional, participante)values(1000, 1, false);
insert into profissional_vinculo(id, id_profissional, participante)values(2000, 2, false);
insert into profissional_vinculo(id, id_profissional, participante)values(3000, 2, false);
insert into profissional_vinculo(id, id_profissional, participante)values(4000, 2, false);

insert into modulo_periodo_profissional_vinculo(id_modulo_periodo, id_profissional_vinculo)values(12222, 1000);
insert into modulo_periodo_profissional_vinculo(id_modulo_periodo, id_profissional_vinculo)values(12222, 2000);
insert into modulo_periodo_profissional_vinculo(id_modulo_periodo, id_profissional_vinculo)values(13333, 3000); 
insert into modulo_periodo_profissional_vinculo(id_modulo_periodo, id_profissional_vinculo)values(15555, 1000); 

insert into modulo_usuario(id, id_usuario, data_inicio, status)values(12222, 13333, '2001-01-01', 'INTEGRADO'); 

insert into modulo_periodo_modulo_usuario(id_modulo_periodo, id_modulo_usuario)values(12222, 12222);

insert into motivo_cancelamento(id, descricao, demanda)values(1, 'Erro na digitação', true);
insert into motivo_cancelamento(id, descricao, demanda)values(2, 'Profissional não pode atender.', false);
insert into motivo_cancelamento(id, descricao, demanda)values(3, 'Usuario ligou e pediu para cancelar.', false); 

insert into tipificacao_servico(id, nome)values(33333, 'Acessoria');
insert into tipificacao_servico(id, nome)values(44444, 'Defesa e Garantia dos Direitos');

insert into recurso(id, descricao, cartela_de_selos, valor)values(9, 'Maquina Braille Importada', true, '2500.00');
insert into recurso(id, descricao, cartela_de_selos, valor)values(3, 'Maquina Braille Nacional', true, '2500.00');
insert into recurso(id, descricao, cartela_de_selos, valor)values(5555, 'Bengala', false, '100.00');

insert into lote_recurso(id, id_recurso, quantidade, valor)values(1010, 3, 15, 2500);
insert into grupo_lote_recurso(id_grupo, id_lote_recurso)values(12222, 1010);

insert into projeto(id, nome, data_inicial_vigencia, data_final_vigencia, valor, ativo, valor_produtos, valor_outros)values(12222, 'Projeto Alcoa 1', '2012-01-01', '2012-01-21', '35000,00', 'true', 20000, 5000);

insert into tipo_vinculo(id, descricao)values(1, 'Professor');
insert into tipo_vinculo(id, descricao)values(2, 'Pedagogo');

insert into cargo(id, nome)values(1, 'Analista de Sistemas');
insert into cargo(id, nome)values(2, 'Admistrador');

insert into local_trabalho(id, nome)values(1, 'CTIS');
insert into local_trabalho(id, nome)values(2, 'PUC-SP');

insert into area_formacao(id, nome)values(1, 'Direito');
insert into area_formacao(id, nome)values(2, 'Administração');

insert into doenca(id, descricao)values(1, 'HIV');
insert into doenca(id, descricao)values(2, 'HPV');

insert into item_custo(id, descricao, doenca, deficiencia)values(1, 'Transporte', true, true);
insert into item_custo(id, descricao, doenca, deficiencia)values(2, 'Recursos Específicos', true, true);
insert into item_custo(id, descricao, doenca, deficiencia)values(3, 'Medicamentos', true, true);
insert into item_custo(id, descricao, doenca, deficiencia)values(4, 'Alimentação', true, true);
insert into item_custo(id, descricao, doenca, deficiencia)values(5, 'Terapias', true, true);
insert into item_custo(id, descricao, doenca, deficiencia)values(6, 'Atendimento Especializado', true, true);  

insert into bloqueio(id, id_descricao_tipo_atendimento, id_modulo, area)values(1, 37, 129, 'LISTA_ESPERA');
insert into bloqueio(id, id_descricao_tipo_atendimento, id_modulo, area)values(2, 1, 1, 'LIBERACAO_INCLUSAO_NA_ESPERA_POR_EXCESSO_DE_FALTA_POR_DUPLICACAO_FALTA_NAO_JUSTIFICACA_NO_ATENDIMENTO_AEE_E_PSICOSSOCIAL');
insert into bloqueio(id, id_descricao_tipo_atendimento, id_modulo, area)values(3, 1, 90, 'LIBERACAO_INCLUSAO_NA_ESPERA_POR_EXCESSO_DE_FALTA_POR_DUPLICACAO_FALTA_NAO_JUSTIFICACA_NO_ATENDIMENTO_AEE_E_PSICOSSOCIAL');

insert into motivo_desativacao(id, descricao)values(1, 'Crise');
insert into motivo_desativacao(id, descricao)values(2, 'Mudou-se');

insert into filial values(1, '67640441000129', 'Rua Conselheiro Brotero, 338 - Barra Funda - SÃO PAULO', '01151000');  
insert into filial values(5, '67640441000129', 'Rua Conselheiro Brotero, 338 - Barra Funda - SÃO PAULO', '01151000');  

insert into servico values(1, 'Fisioterapia');
insert into servico values(2, 'Fonoaudiologia');

insert into recurso_moradia values (1, 'Associação de Bairro');
insert into recurso_moradia values (2, 'Biblioteca');

insert into necessidade values (1, 'Acessibilidade');
insert into necessidade values (2, 'Acompanhante');

insert into expectativa values (1, 'Avaliação');
insert into expectativa values (2, 'Orientação');

insert into condicao_moradia values(1, 'Alugada');
insert into condicao_moradia values(2, 'Favor');

insert into situacao_habitacional values(1, 'Pensão');
insert into situacao_habitacional values(2, 'Favela');

insert into habitacao values(1, 'Sobrado');
insert into habitacao values(2, 'Terrea');

insert into tipo_construcao values(1, 'Alvenaria');
insert into tipo_construcao values(2, 'Madeira');

insert into infraestrutura_basica values(1, 'Agua');
insert into infraestrutura_basica values(2, 'Asfalto');

insert into usuario_externo(id, email, senha, bloqueado) values (10000, 'usuario.externo@gmail.com', '81dc9bdb52d04dc20036dbd8313ed055', false);

insert into origem_encaminhamento(id, descricao)values(1, 'Hostital');
insert into origem_encaminhamento(id, descricao)values(2, 'Ong');

insert into rede_encaminhamento(id, descricao)values(1, 'SUAS');
insert into rede_encaminhamento(id, descricao)values(2, 'TUAS');

