insert into escolaridade(id, descricao) values ('1', 'Infantil');
insert into escolaridade(id, descricao) values ('2', 'Fundamental');
insert into escolaridade(id, descricao) values ('3', 'Médio');
insert into escolaridade(id, descricao) values ('4', 'Superior');
insert into escolaridade(id, descricao) values ('5', 'Pós-Graduação');
insert into escolaridade(id, descricao) values ('6', 'Mestrado');
insert into escolaridade(id, descricao) values ('7', 'Doutorado');
insert into escolaridade(id, descricao) values ('8', 'Nenhum');

insert into serie(id, descricao) values ('1', 'Pré 1');
insert into serie(id, descricao) values ('10', 'Pré 2');
insert into serie(id, descricao) values ('20', 'Pré 3');

insert into serie(id, descricao) values ('30', '1ª Ano');
insert into serie(id, descricao) values ('40', '2ª Ano');
insert into serie(id, descricao) values ('50', '3ª Ano');
insert into serie(id, descricao) values ('60', '4ª Ano');
insert into serie(id, descricao) values ('70', '5ª Ano');
insert into serie(id, descricao) values ('80', '6ª Ano');
insert into serie(id, descricao) values ('90', '7ª Ano');
insert into serie(id, descricao) values ('100', '8ª Ano');
insert into serie(id, descricao) values ('110', '9ª Ano');

insert into serie(id, descricao) values ('120', '1ª Semestre');
insert into serie(id, descricao) values ('130', '2ª Semestre');
insert into serie(id, descricao) values ('140', '3ª Semestre');
insert into serie(id, descricao) values ('150', '4ª Semestre');
insert into serie(id, descricao) values ('160', '5ª Semestre');
insert into serie(id, descricao) values ('170', '6ª Semestre');
insert into serie(id, descricao) values ('180', '7ª Semestre');
insert into serie(id, descricao) values ('190', '8ª Semestre');
insert into serie(id, descricao) values ('200', '9ª Semestre');
insert into serie(id, descricao) values ('210', '10ª Semestre');

insert into serie(id, descricao) values ('999', 'Nenhum'); 

insert into escolaridade_serie(id_escolaridade, id_serie)values('1', '1');
insert into escolaridade_serie(id_escolaridade, id_serie)values('1', '10');
insert into escolaridade_serie(id_escolaridade, id_serie)values('1', '20');

insert into escolaridade_serie(id_escolaridade, id_serie)values('2', '30');
insert into escolaridade_serie(id_escolaridade, id_serie)values('2', '40');
insert into escolaridade_serie(id_escolaridade, id_serie)values('2', '50');
insert into escolaridade_serie(id_escolaridade, id_serie)values('2', '60');
insert into escolaridade_serie(id_escolaridade, id_serie)values('2', '70');
insert into escolaridade_serie(id_escolaridade, id_serie)values('2', '80');
insert into escolaridade_serie(id_escolaridade, id_serie)values('2', '90');
insert into escolaridade_serie(id_escolaridade, id_serie)values('2', '100');
insert into escolaridade_serie(id_escolaridade, id_serie)values('2', '110');

insert into escolaridade_serie(id_escolaridade, id_serie)values('3', '30');
insert into escolaridade_serie(id_escolaridade, id_serie)values('3', '40');
insert into escolaridade_serie(id_escolaridade, id_serie)values('3', '50');
insert into escolaridade_serie(id_escolaridade, id_serie)values('3', '60');

insert into escolaridade_serie(id_escolaridade, id_serie)values('4', '30');
insert into escolaridade_serie(id_escolaridade, id_serie)values('4', '40');
insert into escolaridade_serie(id_escolaridade, id_serie)values('4', '50');
insert into escolaridade_serie(id_escolaridade, id_serie)values('4', '60');
insert into escolaridade_serie(id_escolaridade, id_serie)values('4', '70');
insert into escolaridade_serie(id_escolaridade, id_serie)values('4', '120');
insert into escolaridade_serie(id_escolaridade, id_serie)values('4', '130');
insert into escolaridade_serie(id_escolaridade, id_serie)values('4', '140');
insert into escolaridade_serie(id_escolaridade, id_serie)values('4', '150');
insert into escolaridade_serie(id_escolaridade, id_serie)values('4', '160');
insert into escolaridade_serie(id_escolaridade, id_serie)values('4', '170');
insert into escolaridade_serie(id_escolaridade, id_serie)values('4', '180');
insert into escolaridade_serie(id_escolaridade, id_serie)values('4', '190');
insert into escolaridade_serie(id_escolaridade, id_serie)values('4', '200');
insert into escolaridade_serie(id_escolaridade, id_serie)values('4', '210');

insert into escolaridade_serie(id_escolaridade, id_serie)values('5', '30');
insert into escolaridade_serie(id_escolaridade, id_serie)values('5', '40');
insert into escolaridade_serie(id_escolaridade, id_serie)values('5', '120');
insert into escolaridade_serie(id_escolaridade, id_serie)values('5', '130');
insert into escolaridade_serie(id_escolaridade, id_serie)values('5', '140');
insert into escolaridade_serie(id_escolaridade, id_serie)values('5', '150');

insert into escolaridade_serie(id_escolaridade, id_serie)values('6', '30');
insert into escolaridade_serie(id_escolaridade, id_serie)values('6', '40');
insert into escolaridade_serie(id_escolaridade, id_serie)values('6', '120');
insert into escolaridade_serie(id_escolaridade, id_serie)values('6', '130');
insert into escolaridade_serie(id_escolaridade, id_serie)values('6', '140');
insert into escolaridade_serie(id_escolaridade, id_serie)values('6', '150');

insert into escolaridade_serie(id_escolaridade, id_serie)values('7', '30');
insert into escolaridade_serie(id_escolaridade, id_serie)values('7', '40');
insert into escolaridade_serie(id_escolaridade, id_serie)values('7', '120');
insert into escolaridade_serie(id_escolaridade, id_serie)values('7', '130');
insert into escolaridade_serie(id_escolaridade, id_serie)values('7', '140');
insert into escolaridade_serie(id_escolaridade, id_serie)values('7', '150');

insert into escolaridade_serie(id_escolaridade, id_serie)values('1', '999');
insert into escolaridade_serie(id_escolaridade, id_serie)values('2', '999');
insert into escolaridade_serie(id_escolaridade, id_serie)values('3', '999');
insert into escolaridade_serie(id_escolaridade, id_serie)values('4', '999');
insert into escolaridade_serie(id_escolaridade, id_serie)values('5', '999');
insert into escolaridade_serie(id_escolaridade, id_serie)values('6', '999');
insert into escolaridade_serie(id_escolaridade, id_serie)values('7', '999');
insert into escolaridade_serie(id_escolaridade, id_serie)values('8', '999');