SELECT pg_catalog.setval('descricao_tipo_atendimento_id_seq', 43, true);
insert into descricao_tipo_atendimento(id, id_tipo_atendimento, nome, sigla, descricao) values ('1', 1, 'Atendimento Educacional Especializado', 'AEE', '');
insert into descricao_tipo_atendimento(id, id_tipo_atendimento, nome, sigla, descricao) values ('2', 1, 'AEE Baixa Visão', 'BV', '');
insert into descricao_tipo_atendimento(id, id_tipo_atendimento, nome, sigla, descricao) values ('3', 1, 'AEE Braille', 'BR', '');
insert into descricao_tipo_atendimento(id, id_tipo_atendimento, nome, sigla, descricao) values ('4', 1, 'AEE Informática e outras Tecnologias Assistivas', 'INFO', '');
insert into descricao_tipo_atendimento(id, id_tipo_atendimento, nome, sigla, descricao) values ('5', 1, 'AEE Informática e outras Tecnologias Assistivas (Centro de Recursos)', 'CR', '');
insert into descricao_tipo_atendimento(id, id_tipo_atendimento, nome, sigla, descricao) values ('6', 1, 'AEE Musicografia Braille', 'MBR', '');
insert into descricao_tipo_atendimento(id, id_tipo_atendimento, nome, sigla, descricao) values ('7', 1, 'AEE Orientação e Mobilidade', 'OM', '');
insert into descricao_tipo_atendimento(id, id_tipo_atendimento, nome, sigla, descricao) values ('8', 1, 'AEE Soroban', 'SOR', '');
insert into descricao_tipo_atendimento(id, id_tipo_atendimento, nome, sigla, descricao) values ('9', 1, 'AEE Artes', 'ARTA', '');
insert into descricao_tipo_atendimento(id, id_tipo_atendimento, nome, sigla, descricao) values ('15', 1, 'AEE Atividades Corporais', 'CORP', '');
insert into descricao_tipo_atendimento(id, id_tipo_atendimento, nome, sigla, descricao) values ('16', 1, 'Orientação Educacional', 'OE', '');
insert into descricao_tipo_atendimento(id, id_tipo_atendimento, nome, sigla, descricao) values ('17', 2, 'Avaliação Funcional', 'AVFUN', '');
insert into descricao_tipo_atendimento(id, id_tipo_atendimento, nome, sigla, descricao) values ('18', 2, 'Entrevista Inicial Proceja', 'AVI', '');
insert into descricao_tipo_atendimento(id, id_tipo_atendimento, nome, sigla, descricao) values ('19', 2, 'Avaliação OM', 'AVOM', '');
insert into descricao_tipo_atendimento(id, id_tipo_atendimento, nome, sigla, descricao) values ('20', 2, 'Avaliação e Psicossocial', 'AVPSS', '');
insert into descricao_tipo_atendimento(id, id_tipo_atendimento, nome, sigla, descricao) values ('21', 3, 'CAMT - Cidadania, Autonomia e Mundo do Trabalho', 'CAMT', '');
insert into descricao_tipo_atendimento(id, id_tipo_atendimento, nome, sigla, descricao) values ('22', 3, 'Curso de Massagem', 'MASS', '');
insert into descricao_tipo_atendimento(id, id_tipo_atendimento, nome, sigla, descricao) values ('23', 3, 'Curso de Telemarketing', 'TLMKT', '');
insert into descricao_tipo_atendimento(id, id_tipo_atendimento, nome, sigla, descricao) values ('24', 4, 'Atividades de Cultura e Lazer', 'CL', '');
insert into descricao_tipo_atendimento(id, id_tipo_atendimento, nome, sigla, descricao) values ('25', 5, 'Atendimento a família nos Grupos de AEE', 'AEEF', '');
insert into descricao_tipo_atendimento(id, id_tipo_atendimento, nome, sigla, descricao) values ('26', 5, 'Atendimento a família nos Grupos de AEE Baixa Visão', 'BVF', '');
insert into descricao_tipo_atendimento(id, id_tipo_atendimento, nome, sigla, descricao) values ('27', 5, 'Atendimento a família nos Grupos de AEE Braille', 'BRF', '');
insert into descricao_tipo_atendimento(id, id_tipo_atendimento, nome, sigla, descricao) values ('28', 5, 'Atendimento a família nos Grupos de AEE de Orientação e Mobilidade', 'OMF', '');
insert into descricao_tipo_atendimento(id, id_tipo_atendimento, nome, sigla, descricao) values ('29', 5, 'Atendimento a família nos Grupos de AEE Soroban', 'SORF', '');
insert into descricao_tipo_atendimento(id, id_tipo_atendimento, nome, sigla, descricao) values ('30', 5, 'Serviço Social para as famílias', 'SSF', '');
insert into descricao_tipo_atendimento(id, id_tipo_atendimento, nome, sigla, descricao) values ('31', 5, 'Psicossocial para famílias', 'PSSF', '');
insert into descricao_tipo_atendimento(id, id_tipo_atendimento, nome, sigla, descricao) values ('32', 5, 'Psicologia para famílias', 'PSCF', '');
insert into descricao_tipo_atendimento(id, id_tipo_atendimento, nome, sigla, descricao) values ('33', 5, 'Atividades de Cultura e Lazer para familias', 'CLF', '');
insert into descricao_tipo_atendimento(id, id_tipo_atendimento, nome, sigla, descricao) values ('34', 5, 'Oficinas de Artes para as famílias', 'ARTF', '');
insert into descricao_tipo_atendimento(id, id_tipo_atendimento, nome, sigla, descricao) values ('35', 5, 'Oficinas de Atividades Corporais para as famílias', 'CORPF', '');
insert into descricao_tipo_atendimento(id, id_tipo_atendimento, nome, sigla, descricao) values ('36', 5, 'Atendimento a Família', 'FAM', '');
insert into descricao_tipo_atendimento(id, id_tipo_atendimento, nome, sigla, descricao) values ('37', 6, 'Serviço Social', 'SS', '');
insert into descricao_tipo_atendimento(id, id_tipo_atendimento, nome, sigla, descricao) values ('38', 6, 'Psicossocial de jovens a adultos', 'PSS', '');
insert into descricao_tipo_atendimento(id, id_tipo_atendimento, nome, sigla, descricao) values ('39', 6, 'Psicologia', 'PSC', '');
insert into descricao_tipo_atendimento(id, id_tipo_atendimento, nome, sigla, descricao) values ('40', 7, 'Avaliação Serviço de Atenção Especializada em Oftalmologia', 'AVOFT', '');
insert into descricao_tipo_atendimento(id, id_tipo_atendimento, nome, sigla, descricao) values ('41', 7, 'Serviço de Atenção Especializada em Oftalmologia', 'OFT', '');
insert into descricao_tipo_atendimento(id, id_tipo_atendimento, nome, sigla, descricao) values ('42', 7, 'Avaliação Serviço de Atenção Especializada em Ortóptica', 'AVORT', '');
insert into descricao_tipo_atendimento(id, id_tipo_atendimento, nome, sigla, descricao) values ('43', 7, 'Serviço de Atenção Especializada em Ortóptica', 'ORT', '');

insert into tipo_atendimento_descricao_tipo_atendimento(id_tipo_atendimento, id_descricao_tipo_atendimento)values(1, 1);
insert into tipo_atendimento_descricao_tipo_atendimento(id_tipo_atendimento, id_descricao_tipo_atendimento)values(1, 2);
insert into tipo_atendimento_descricao_tipo_atendimento(id_tipo_atendimento, id_descricao_tipo_atendimento)values(1, 3);
insert into tipo_atendimento_descricao_tipo_atendimento(id_tipo_atendimento, id_descricao_tipo_atendimento)values(1, 4);
insert into tipo_atendimento_descricao_tipo_atendimento(id_tipo_atendimento, id_descricao_tipo_atendimento)values(1, 5);
insert into tipo_atendimento_descricao_tipo_atendimento(id_tipo_atendimento, id_descricao_tipo_atendimento)values(1, 6);
insert into tipo_atendimento_descricao_tipo_atendimento(id_tipo_atendimento, id_descricao_tipo_atendimento)values(1, 7);
insert into tipo_atendimento_descricao_tipo_atendimento(id_tipo_atendimento, id_descricao_tipo_atendimento)values(1, 8);
insert into tipo_atendimento_descricao_tipo_atendimento(id_tipo_atendimento, id_descricao_tipo_atendimento)values(1, 9);
insert into tipo_atendimento_descricao_tipo_atendimento(id_tipo_atendimento, id_descricao_tipo_atendimento)values(1, 15);
insert into tipo_atendimento_descricao_tipo_atendimento(id_tipo_atendimento, id_descricao_tipo_atendimento)values(1, 16);
insert into tipo_atendimento_descricao_tipo_atendimento(id_tipo_atendimento, id_descricao_tipo_atendimento)values(2, 17);
insert into tipo_atendimento_descricao_tipo_atendimento(id_tipo_atendimento, id_descricao_tipo_atendimento)values(2, 18);
insert into tipo_atendimento_descricao_tipo_atendimento(id_tipo_atendimento, id_descricao_tipo_atendimento)values(2, 19);
insert into tipo_atendimento_descricao_tipo_atendimento(id_tipo_atendimento, id_descricao_tipo_atendimento)values(2, 20);
insert into tipo_atendimento_descricao_tipo_atendimento(id_tipo_atendimento, id_descricao_tipo_atendimento)values(3, 21);
insert into tipo_atendimento_descricao_tipo_atendimento(id_tipo_atendimento, id_descricao_tipo_atendimento)values(3, 22);
insert into tipo_atendimento_descricao_tipo_atendimento(id_tipo_atendimento, id_descricao_tipo_atendimento)values(3, 23);
insert into tipo_atendimento_descricao_tipo_atendimento(id_tipo_atendimento, id_descricao_tipo_atendimento)values(4, 24);
insert into tipo_atendimento_descricao_tipo_atendimento(id_tipo_atendimento, id_descricao_tipo_atendimento)values(5, 25);
insert into tipo_atendimento_descricao_tipo_atendimento(id_tipo_atendimento, id_descricao_tipo_atendimento)values(5, 26);
insert into tipo_atendimento_descricao_tipo_atendimento(id_tipo_atendimento, id_descricao_tipo_atendimento)values(5, 27);
insert into tipo_atendimento_descricao_tipo_atendimento(id_tipo_atendimento, id_descricao_tipo_atendimento)values(5, 28);
insert into tipo_atendimento_descricao_tipo_atendimento(id_tipo_atendimento, id_descricao_tipo_atendimento)values(5, 29);
insert into tipo_atendimento_descricao_tipo_atendimento(id_tipo_atendimento, id_descricao_tipo_atendimento)values(5, 30);
insert into tipo_atendimento_descricao_tipo_atendimento(id_tipo_atendimento, id_descricao_tipo_atendimento)values(5, 31);
insert into tipo_atendimento_descricao_tipo_atendimento(id_tipo_atendimento, id_descricao_tipo_atendimento)values(5, 32);
insert into tipo_atendimento_descricao_tipo_atendimento(id_tipo_atendimento, id_descricao_tipo_atendimento)values(5, 33);
insert into tipo_atendimento_descricao_tipo_atendimento(id_tipo_atendimento, id_descricao_tipo_atendimento)values(5, 34);
insert into tipo_atendimento_descricao_tipo_atendimento(id_tipo_atendimento, id_descricao_tipo_atendimento)values(5, 35);
insert into tipo_atendimento_descricao_tipo_atendimento(id_tipo_atendimento, id_descricao_tipo_atendimento)values(5, 36);
insert into tipo_atendimento_descricao_tipo_atendimento(id_tipo_atendimento, id_descricao_tipo_atendimento)values(6, 37);
insert into tipo_atendimento_descricao_tipo_atendimento(id_tipo_atendimento, id_descricao_tipo_atendimento)values(6, 38);
insert into tipo_atendimento_descricao_tipo_atendimento(id_tipo_atendimento, id_descricao_tipo_atendimento)values(6, 39);
insert into tipo_atendimento_descricao_tipo_atendimento(id_tipo_atendimento, id_descricao_tipo_atendimento)values(7, 40);
insert into tipo_atendimento_descricao_tipo_atendimento(id_tipo_atendimento, id_descricao_tipo_atendimento)values(7, 41);
insert into tipo_atendimento_descricao_tipo_atendimento(id_tipo_atendimento, id_descricao_tipo_atendimento)values(7, 42);
insert into tipo_atendimento_descricao_tipo_atendimento(id_tipo_atendimento, id_descricao_tipo_atendimento)values(7, 43);

insert into descricao_tipo_atendimento_setor(id_descricao_tipo_atendimento, id_setor) values ('1', 'CTO');
insert into descricao_tipo_atendimento_setor(id_descricao_tipo_atendimento, id_setor) values ('2', 'CTO');
insert into descricao_tipo_atendimento_setor(id_descricao_tipo_atendimento, id_setor) values ('2', 'PROCEJA');
insert into descricao_tipo_atendimento_setor(id_descricao_tipo_atendimento, id_setor) values ('3', 'CTO');
insert into descricao_tipo_atendimento_setor(id_descricao_tipo_atendimento, id_setor) values ('3', 'PROCEJA');
insert into descricao_tipo_atendimento_setor(id_descricao_tipo_atendimento, id_setor) values ('4', 'PROCEJA');
insert into descricao_tipo_atendimento_setor(id_descricao_tipo_atendimento, id_setor) values ('5', 'PROCEJA');
insert into descricao_tipo_atendimento_setor(id_descricao_tipo_atendimento, id_setor) values ('6', 'PROCEJA');
insert into descricao_tipo_atendimento_setor(id_descricao_tipo_atendimento, id_setor) values ('7', 'CTO');
insert into descricao_tipo_atendimento_setor(id_descricao_tipo_atendimento, id_setor) values ('7', 'PROCEJA');
insert into descricao_tipo_atendimento_setor(id_descricao_tipo_atendimento, id_setor) values ('8', 'CTO');
insert into descricao_tipo_atendimento_setor(id_descricao_tipo_atendimento, id_setor) values ('9', 'PROCEJA');
insert into descricao_tipo_atendimento_setor(id_descricao_tipo_atendimento, id_setor) values ('15', 'PROCEJA');
insert into descricao_tipo_atendimento_setor(id_descricao_tipo_atendimento, id_setor) values ('16', 'PROCEJA');
insert into descricao_tipo_atendimento_setor(id_descricao_tipo_atendimento, id_setor) values ('17', 'CTO');
insert into descricao_tipo_atendimento_setor(id_descricao_tipo_atendimento, id_setor) values ('17', 'PROCEJA');
insert into descricao_tipo_atendimento_setor(id_descricao_tipo_atendimento, id_setor) values ('18', 'PROCEJA');
insert into descricao_tipo_atendimento_setor(id_descricao_tipo_atendimento, id_setor) values ('19', 'CTO');
insert into descricao_tipo_atendimento_setor(id_descricao_tipo_atendimento, id_setor) values ('19', 'PROCEJA');
insert into descricao_tipo_atendimento_setor(id_descricao_tipo_atendimento, id_setor) values ('20', 'CTO');
insert into descricao_tipo_atendimento_setor(id_descricao_tipo_atendimento, id_setor) values ('21', 'PROCEJA');
insert into descricao_tipo_atendimento_setor(id_descricao_tipo_atendimento, id_setor) values ('22', 'PROCEJA');
insert into descricao_tipo_atendimento_setor(id_descricao_tipo_atendimento, id_setor) values ('23', 'PROCEJA');
insert into descricao_tipo_atendimento_setor(id_descricao_tipo_atendimento, id_setor) values ('24', 'CTO');
insert into descricao_tipo_atendimento_setor(id_descricao_tipo_atendimento, id_setor) values ('24', 'PROCEJA');
insert into descricao_tipo_atendimento_setor(id_descricao_tipo_atendimento, id_setor) values ('25', 'CTO');
insert into descricao_tipo_atendimento_setor(id_descricao_tipo_atendimento, id_setor) values ('26', 'CTO');
insert into descricao_tipo_atendimento_setor(id_descricao_tipo_atendimento, id_setor) values ('26', 'PROCEJA');
insert into descricao_tipo_atendimento_setor(id_descricao_tipo_atendimento, id_setor) values ('27', 'CTO');
insert into descricao_tipo_atendimento_setor(id_descricao_tipo_atendimento, id_setor) values ('27', 'PROCEJA');
insert into descricao_tipo_atendimento_setor(id_descricao_tipo_atendimento, id_setor) values ('28', 'CTO');
insert into descricao_tipo_atendimento_setor(id_descricao_tipo_atendimento, id_setor) values ('28', 'PROCEJA');
insert into descricao_tipo_atendimento_setor(id_descricao_tipo_atendimento, id_setor) values ('29', 'CTO');
insert into descricao_tipo_atendimento_setor(id_descricao_tipo_atendimento, id_setor) values ('30', 'CTO');
insert into descricao_tipo_atendimento_setor(id_descricao_tipo_atendimento, id_setor) values ('30', 'PROCEJA');
insert into descricao_tipo_atendimento_setor(id_descricao_tipo_atendimento, id_setor) values ('31', 'CTO');
insert into descricao_tipo_atendimento_setor(id_descricao_tipo_atendimento, id_setor) values ('31', 'PROCEJA');
insert into descricao_tipo_atendimento_setor(id_descricao_tipo_atendimento, id_setor) values ('32', 'CTO');
insert into descricao_tipo_atendimento_setor(id_descricao_tipo_atendimento, id_setor) values ('32', 'PROCEJA');
insert into descricao_tipo_atendimento_setor(id_descricao_tipo_atendimento, id_setor) values ('33', 'CTO');
insert into descricao_tipo_atendimento_setor(id_descricao_tipo_atendimento, id_setor) values ('33', 'PROCEJA');
insert into descricao_tipo_atendimento_setor(id_descricao_tipo_atendimento, id_setor) values ('34', 'CTO');
insert into descricao_tipo_atendimento_setor(id_descricao_tipo_atendimento, id_setor) values ('34', 'PROCEJA');
insert into descricao_tipo_atendimento_setor(id_descricao_tipo_atendimento, id_setor) values ('35', 'CTO');
insert into descricao_tipo_atendimento_setor(id_descricao_tipo_atendimento, id_setor) values ('35', 'PROCEJA');
insert into descricao_tipo_atendimento_setor(id_descricao_tipo_atendimento, id_setor) values ('36', 'CTO');
insert into descricao_tipo_atendimento_setor(id_descricao_tipo_atendimento, id_setor) values ('36', 'PROCEJA');
insert into descricao_tipo_atendimento_setor(id_descricao_tipo_atendimento, id_setor) values ('37', 'CTO');
insert into descricao_tipo_atendimento_setor(id_descricao_tipo_atendimento, id_setor) values ('37', 'PROCEJA');
insert into descricao_tipo_atendimento_setor(id_descricao_tipo_atendimento, id_setor) values ('38', 'CTO');
insert into descricao_tipo_atendimento_setor(id_descricao_tipo_atendimento, id_setor) values ('38', 'PROCEJA');
insert into descricao_tipo_atendimento_setor(id_descricao_tipo_atendimento, id_setor) values ('39', 'CTO');
insert into descricao_tipo_atendimento_setor(id_descricao_tipo_atendimento, id_setor) values ('39', 'PROCEJA');
insert into descricao_tipo_atendimento_setor(id_descricao_tipo_atendimento, id_setor) values ('40', 'CTO');
insert into descricao_tipo_atendimento_setor(id_descricao_tipo_atendimento, id_setor) values ('40', 'PROCEJA');
insert into descricao_tipo_atendimento_setor(id_descricao_tipo_atendimento, id_setor) values ('41', 'CTO');
insert into descricao_tipo_atendimento_setor(id_descricao_tipo_atendimento, id_setor) values ('41', 'PROCEJA');
insert into descricao_tipo_atendimento_setor(id_descricao_tipo_atendimento, id_setor) values ('42', 'CTO');
insert into descricao_tipo_atendimento_setor(id_descricao_tipo_atendimento, id_setor) values ('42', 'PROCEJA');
insert into descricao_tipo_atendimento_setor(id_descricao_tipo_atendimento, id_setor) values ('43', 'CTO');
insert into descricao_tipo_atendimento_setor(id_descricao_tipo_atendimento, id_setor) values ('43', 'PROCEJA');